plane,element_order,element_index,element_name,s_m,k2l_m2,nominal_beta_sext_m,actual_rms_relative_magnitude,predictor_source_only_rad_rms,predictor_nominal_beta_envelope_m_rms,predictor_direction_beta_envelope_m_rms,predictor_nominal_beta_phase_m_rms,predictor_direction_beta_phase_m_rms,actual_element_magnitude_share,predictor_source_only_rad_element_share,predictor_nominal_beta_envelope_m_element_share,predictor_direction_beta_envelope_m_element_share,predictor_nominal_beta_phase_m_element_share,predictor_direction_beta_phase_m_element_share
x,1,180,sex_09aw,50.648999999999994,0.6125038570704001,17.691059114318925,0.1264563273561207,2.272088518139532e-08,2.2615448701636724e-06,2.2591319955756654e-06,1.5154478851987147e-06,1.5148585459643502e-06,0.017924541992159575,0.013218257269435128,0.01822797898741061,0.018164236055971113,0.017623383925525624,0.017613650918090897
x,2,190,sex_10w,52.495,-0.24066952067328,15.551773552981958,0.03548742447925797,6.86052379212965e-09,6.402510239188918e-07,6.391315353224376e-07,4.393740365488569e-07,4.3928669832504127e-07,0.0050301621403309165,0.003991225155334435,0.005160402680764443,0.005138848062507184,0.005109550390109978,0.005107699710887772
x,3,210,sex_10aw,59.240385,-0.11116394997904001,41.54786898934797,0.11326520060484399,1.2456628102290006e-08,1.9001063979022038e-06,1.8971206485955857e-06,1.35980633770849e-06,1.35999116882149e-06,0.016054766787386366,0.007246853001157285,0.015314796514428311,0.015253534257951274,0.015813403672840468,0.01581296799171365
x,4,232,sex_12w,77.25888200000003,0.4523813768896,22.459669489180584,0.08038130059350992,1.314099102096727e-08,1.4737806290285013e-06,1.4792150666498453e-06,9.665745145374052e-07,9.66788780196937e-07,0.0113936410142235,0.007644992644596216,0.011878624515656907,0.011893422651176343,0.011240448403864182,0.01124110243248844
x,5,238,sex_13w,85.56084500000003,-0.6414630744352,4.725406822125736,0.08604094323857454,2.8742038854402064e-08,1.478564310605152e-06,1.4717397686621437e-06,1.0728693820892006e-06,1.0716734617859193e-06,0.01219586660762057,0.016721164734227825,0.01191718083545937,0.011833318559205065,0.012476568285302766,0.012460623669692408
x,6,254,sex_14w,92.46755300000004,0.4078490260464,20.534868814294992,0.10444265591142779,1.556445751586615e-08,1.6691024693634682e-06,1.6608025918515782e-06,1.258857460213513e-06,1.2576556877514778e-06,0.0148042158964887,0.009054885056695555,0.013452912272835247,0.01335345184780741,0.014639453158064732,0.014623086966251544
x,7,273,sex_15w,102.39929400000004,-0.94264120352,6.174674270691835,0.21668601825536335,6.885075851550155e-08,4.048729856520773e-06,4.09582604678052e-06,2.6776127826589425e-06,2.6817211448654044e-06,0.030714142301430082,0.04005508729029901,0.03263263255308376,0.03293191867656169,0.031138383928330134,0.031181063229407228
x,8,279,sex_16w,110.60549700000004,0.3880488903584,29.12820590336672,0.1526981188579859,2.148202826718797e-08,2.7436909868692885e-06,2.74258758654779e-06,1.826427526933504e-06,1.8253694524408845e-06,0.02164418262666921,0.012497531413850058,0.022114061196133513,0.022051393377541865,0.021239815524950745,0.021224041292497747
x,9,287,sex_17w,118.80659200000005,-0.7689091814976,2.865026989291447,0.07847190829217947,3.2803655319597356e-08,1.3139826888465685e-06,1.3072393410748271e-06,9.82221538480383e-07,9.809505085776683e-07,0.011122994355410446,0.019084078456035033,0.01059065825228714,0.010510675790276107,0.011422410128138738,0.011405764499953114
x,10,295,sex_18w,127.00534400000006,0.23297390769040002,40.70916373609927,0.029373251520466263,3.3980114632628146e-09,5.130668735221535e-07,5.147623524199613e-07,3.517890576806269e-07,3.510741619968196e-07,0.0041635091840216965,0.0019768503457196405,0.004135302515143746,0.004138874975165213,0.004091010773024124,0.004082029805520071
x,11,303,sex_19w,133.67065100000005,-0.4434807016048,9.076158941022594,0.15923246328047624,4.158963891879249e-08,2.9650992916205807e-06,2.9990901200672035e-06,1.9442019184885003e-06,1.947124200502679e-06,0.022570392753445388,0.02419547225306433,0.023898605018318513,0.024113766260988205,0.022609432612572814,0.022639715142504215
x,12,309,sex_20w,141.87855400000004,0.3489547540528001,18.267250200519168,0.03262054663459086,5.787775774150672e-09,5.853981305214471e-07,5.867804915134437e-07,3.924276054750596e-07,3.929106967401053e-07,0.004623796769870549,0.003367135945177529,0.004718290122469309,0.0047179267885907655,0.004563602893777388,0.00456847398247239
x,13,317,sex_21w,150.08049100000005,-1.0296646092624,4.289043244943737,0.04278951915723107,1.4734485488145573e-08,7.221347309946616e-07,7.215632288868146e-07,5.373165186655286e-07,5.369464671316773e-07,0.006065196965575023,0.00857203486396501,0.005820382728774897,0.005801628609783387,0.006248539055981982,0.006243215024237716
x,14,325,sex_22w,158.28717800000007,0.7338528077808001,39.2565474627426,0.05987328616133113,7.055327314854206e-09,1.0461073712848114e-06,1.0519015183087882e-06,7.192051627659658e-07,7.186133081466546e-07,0.008486734151190908,0.004104555382559645,0.008431591799889813,0.00845766760136849,0.008363750959989471,0.008355502227260453
x,15,333,sex_23w,166.49091600000008,-1.0421456713024,4.022362654839816,0.2824018184125333,1.1079344564644198e-07,5.258449722683602e-06,5.305106718713676e-06,3.430413035998903e-06,3.4327371333477825e-06,0.04002902313098587,0.06445595128138008,0.04238293580462763,0.04265497143573436,0.03989281752741325,0.039913319775917076
x,16,345,sex_24w,176.6935180000001,0.6850736806816001,23.170340658482274,0.09501088708704197,1.3111616772460152e-08,1.4935697242571133e-06,1.4833254487734068e-06,1.1304730667113649e-06,1.1309580243800455e-06,0.013467310579944552,0.0076279036812585835,0.01203812398735251,0.011926471605960231,0.013146450674223174,0.013149940565416098
x,17,353,sex_25w,184.8993210000001,-0.4611058832960001,3.7250371522749464,0.08666495436996668,3.550640289542729e-08,1.621716838191662e-06,1.6376044518619259e-06,1.0801421055454824e-06,1.08189284890371e-06,0.012284317015457532,0.020656447336315966,0.0130709856081468,0.013166930435310602,0.012561143940398568,0.012579447118765675
x,18,361,sex_26w,193.1057580000001,0.36295188395360006,35.65034813747423,0.036545909402651025,4.717574924490478e-09,6.665822407486285e-07,6.673412451919966e-07,4.4009617719304466e-07,4.3969887693526863e-07,0.005180197001014448,0.0027445285930502482,0.005372631442359015,0.005365664304384435,0.005117948278249219,0.005112492217868565
x,19,371,sex_27w,201.53545100000008,-0.8104851617568001,3.680649586412961,0.12882881237080618,4.696209277855519e-08,2.132125299564398e-06,2.116843618376143e-06,1.5888046346544283e-06,1.5873126353168456e-06,0.018260829690534212,0.027320987686092542,0.017184861406784165,0.017020186183482545,0.018476461205063428,0.018456093297178254
x,20,379,sex_28w,209.73865400000005,0.21971819696992,19.518330835062763,0.026428928178439125,4.237068749629299e-09,4.4298588995563315e-07,4.449361558216948e-07,3.182901136203622e-07,3.186294589019241e-07,0.0037461663077412825,0.0024649860405414207,0.003570452039382392,0.0035774471699791927,0.003701446236995002,0.0037047868768142764
x,21,389,sex_29w,218.16687800000005,-0.870838024992,6.620673680373858,0.5650348357836253,1.7620204965113262e-07,1.0729144449698571e-05,1.080681431907326e-05,6.9777552798946375e-06,6.967266278462905e-06,0.080090817539834,0.10250850726527112,0.08647655952448333,0.08689068486884736,0.08114542336757555,0.08101020151958128
x,22,399,sex_30w,227.45108200000004,0.013216716393568003,36.28007736237497,0.00273699498299436,3.3366460563177083e-10,4.756059589158553e-08,4.7477151507386e-08,3.272505466320442e-08,3.2627301335232524e-08,0.00038795513463595727,0.00019411499876584065,0.0003833368747080427,0.00038173342192230486,0.00038056485343132757,0.0003793660455288946
x,23,407,sex_31w,235.88254100000003,-0.6974617610992001,3.2700307668687767,0.06298717620595137,2.3436831179483955e-08,1.002946705350458e-06,1.000280902067e-06,7.584970178792324e-07,7.591714535585345e-07,0.008928112246148381,0.013634770900757345,0.008083718219262114,0.008042619228539081,0.008820682177862678,0.008827082241825612
x,24,415,sex_32w,244.08174300000002,0.15971704782816004,20.246598541367742,0.022999036975291917,3.919411103636667e-09,4.173495017358182e-07,4.1982140115519953e-07,2.792304190157557e-07,2.7936023118707387e-07,0.003259996653879552,0.002280183359888294,0.003363823574058125,0.0033755154842063225,0.003247214850515816,0.0032481934406581128
x,25,423,sex_33w,252.514452,-0.16336358603872,20.998897935523487,0.08428340780800177,1.479506488737367e-08,1.6044203819961774e-06,1.6087930742402283e-06,1.0476487443860562e-06,1.0466415234493862e-06,0.01194674488878959,0.008607277948811038,0.012931576726966768,0.012935276567699877,0.012183273487487385,0.012169570868203148
x,26,433,sex_34w,258.456968,0.10186211028,54.41190681233548,0.04268424370103765,4.50074271116787e-09,7.856592074755007e-07,7.88296359506215e-07,5.159808843552997e-07,5.149045621863851e-07,0.006050274704469268,0.002618382804401742,0.006332387968093979,0.006338187048908969,0.0060004235790881814,0.0059869281119643535
x,27,439,sex_35w,266.38390699999997,-0.16437443436752003,7.720631571924584,0.08658696587491992,2.3340848021906656e-08,1.5347798543190687e-06,1.5307111389835028e-06,1.0532192228861205e-06,1.0505275950575635e-06,0.012273262542473873,0.013578931083766923,0.012370276311521704,0.012307469646064557,0.012248053465878163,0.01221475522480957
x,28,455,sex_36w,277.35561000000007,0.17684188730640002,12.898859707359621,0.011919517412748307,2.302644389917557e-09,1.9570664738834643e-07,1.9645880320330752e-07,1.441099394429069e-07,1.4466159030027527e-07,0.0016895310409372187,0.0013396021195016925,0.0015773892896642733,0.001579599635456064,0.001675877352888038,0.0016820176112106089
x,29,463,sex_37w,285.3708140000001,-0.24388335733168,8.304757539684738,0.02774367415991199,7.721458102741449e-09,5.265817979119341e-07,5.311762570207025e-07,3.4424477404072e-07,3.4377632192657084e-07,0.0039325248715762675,0.0044920881771267785,0.00424423237147489,0.004270848688233749,0.004003277101462263,0.003997175937285404
x,30,471,sex_38w,293.5732200000001,0.5352854288832001,40.96745212072413,0.014076065112897027,1.6771434618426658e-09,2.5403452011237765e-07,2.536156665637738e-07,1.6831295487883583e-07,1.6812645704711517e-07,0.001995210721959047,0.000975706429542636,0.0020475100696765026,0.002039161431903395,0.0019573380598834934,0.001954849667259282
x,31,479,sex_39w,302.00263300000006,-0.559232035088,2.137517280798861,0.033945472748950815,1.6054192922866514e-08,5.554517504475113e-07,5.547841869274815e-07,4.1870434972840546e-07,4.203860980994618e-07,0.004811598315826204,0.009339796870297916,0.004476923261285959,0.004460664959465074,0.004869179322246151,0.00488793755857155
x,32,487,sex_40w,310.20857100000006,-0.05745380593984,35.03494948873299,0.002137842330183558,2.682698468517842e-10,3.7577307103421996e-08,3.783276105253599e-08,2.538504932688139e-08,2.5388729874574448e-08,0.0003030282898543844,0.00015607049747438917,0.0003028718878503082,0.00030418904417858187,0.00029520676667635766,0.00029520130870026715
x,33,495,sex_41w,318.4135080000001,-0.9733108082928,3.8453517056835107,0.040909335538448666,1.6216132724998598e-08,7.525205583065825e-07,7.52641605652543e-07,5.033651098534872e-07,5.016664056946839e-07,0.005798690489130176,0.009434008075083902,0.006065291520576449,0.0060515099681611425,0.005853712735558154,0.005833004652995155
x,34,503,sex_42w,326.61844500000007,0.4969129114608,18.003477431366726,0.10478584095497785,1.6667397790334478e-08,1.6735898944321208e-06,1.6667993116366486e-06,1.2670962818753027e-06,1.271455670547693e-06,0.014852860632998174,0.009696539120098047,0.013489080774702317,0.013401667637743923,0.014735263722491114,0.014783542924529455
x,35,511,sex_43w,334.81838200000004,-0.640818777808,6.867510809083736,0.013922641572125579,4.011397524571433e-09,2.487702387196989e-07,2.4982554619071455e-07,1.7349899607567352e-07,1.7346672704085435e-07,0.0019734637144613594,0.0023336980080854476,0.0020050801307990927,0.0020086874971038254,0.002017647355873226,0.0020169423634576575
x,36,527,sex_44w,345.82340900000014,-0.4546276694144,6.609848250393606,0.0361377458105302,1.0553863596751932e-08,6.421112312430115e-07,6.401332994240408e-07,4.4837332063806543e-07,4.4828532337529724e-07,0.0051223418853424815,0.006139887733010668,0.005175395892026188,0.005146902607194946,0.005214204492773627,0.0052123290446300175
x,37,537,sex_45w,352.17121200000014,0.4515561870704,25.731992245417352,0.05611047305791515,7.499229811968941e-09,9.002360773593191e-07,8.952113215544801e-07,6.675739705106014e-07,6.688790062662173e-07,0.007953374509242052,0.004362803129624177,0.007255873857867359,0.007197821905288849,0.0077633236325069434,0.0077772286753762295
x,38,551,sex_47w,366.02044100000023,0.9929501410624,17.63802486913138,0.08735241320235106,1.6047634552234533e-08,1.5949205211694025e-06,1.5997900217886557e-06,1.0500150490199794e-06,1.0456602928965085e-06,0.012381760812589588,0.009335981427827707,0.012855008153944716,0.012862888778816835,0.012210791619556249,0.01215816184755591
x,39,627,sex_47e,402.24480300000033,0.9358136365376001,16.106919751575887,0.010350081277263357,2.054759769006253e-09,1.9515080464094957e-07,1.960022514631263e-07,1.268060294319257e-07,1.2627003464622012e-07,0.0014670714416220325,0.0011953910702321411,0.0015729092149801389,0.001575928794798388,0.001474647437616962,0.001468174251383934
x,40,641,sex_45e,416.5451530000003,0.48130360546400003,37.26551253194703,0.1580121670967144,1.9112021800848637e-08,2.7609797819166385e-06,2.780625660706571e-06,1.9430585729983822e-06,1.9483957958285837e-06,0.022397421968621684,0.011118740272915545,0.022253408328705745,0.02235723321314588,0.02259613646644422,0.022654500309237588
x,41,651,sex_44e,422.8888710000003,-0.3750633600368,6.376394926854728,0.12437716913600388,3.695942610797657e-08,2.2085938970255047e-06,2.2326374756630067e-06,1.4585615370968576e-06,1.460592941003015e-06,0.017629831876786108,0.021501768039651255,0.017801195845294306,0.017951210559972803,0.01696184355682554,0.016982690736894894
x,42,667,sex_43e,433.8880910000003,-0.6545528966016001,6.064406037562578,0.2531630934367103,6.876597273330297e-08,4.007474534913566e-06,3.978011471335796e-06,3.0510093600123995e-06,3.0521484938774694e-06,0.03588458240125929,0.04000576173484888,0.03230011598651189,0.031984646997260516,0.03548067197627203,0.035488117530545836
x,43,675,sex_42e,442.0955580000003,0.4898550376176,27.96566665751371,0.09920616746058158,1.3385401636768191e-08,1.6751243058871192e-06,1.6808499715059505e-06,1.224443046625672e-06,1.2286332073643498e-06,0.014061970260457201,0.00778718263293712,0.013501448081727152,0.013514640010809325,0.014239242481634364,0.014285635103384315
x,44,683,sex_41e,450.29719600000027,-1.0285654489392002,3.021799610993829,0.0739553243183729,3.372797586119696e-08,1.3874781538196781e-06,1.397560888722432e-06,8.906324453057683e-07,8.87482432904558e-07,0.010482791521813821,0.01962181748427904,0.011183029338474282,0.011236893610051476,0.010357306030418267,0.010318987083488903
x,45,691,sex_40e,458.50053300000025,-0.006142621090256001,30.130400674691373,0.002680082773009556,3.509328114970258e-10,4.558578880926604e-08,4.53652754418337e-08,3.397029528720394e-08,3.402045888975728e-08,0.0003798881179902311,0.00020416106809307852,0.00036741999307743237,0.00036475317665519616,0.0003950459542403647,0.00039556464763908634
x,46,699,sex_39e,466.7045700000003,-0.6545443142400003,3.8223567450457803,0.048139544746530975,1.6395938579272697e-08,7.585861977421377e-07,7.593327796615635e-07,5.692728781185698e-07,5.709863263254784e-07,0.0068235359142025135,0.009538613156328347,0.006114180379530862,0.006105309420530218,0.006620164630839144,0.006639005244214261
x,47,709,sex_38e,475.1376130000003,0.490914630128,26.448347108350365,0.05653873796435957,8.836923442929063e-09,1.0754826422301137e-06,1.0803466529658131e-06,6.945944248066056e-07,6.931202835242559e-07,0.008014078884102735,0.005141028908265686,0.00866835553984679,0.00868637674344871,0.008077548783072356,0.008059088256634978
x,48,717,sex_37e,483.3396200000002,-0.38404078441920003,4.295845779704146,0.03619113050574846,1.2851191733947276e-08,6.303340805699255e-07,6.297927085440249e-07,4.3679215584773955e-07,4.3609723617858835e-07,0.005129908894690172,0.007476397033036776,0.00508047243601488,0.005063760526931076,0.00507952528974849,0.005070615012112597
x,49,725,sex_36e,491.3549740000002,0.22435076753488004,23.92177748179226,0.08313163662179215,1.164402387545689e-08,1.3477298746844767e-06,1.3439602126512219e-06,1.0299509951093686e-06,1.0342324787130544e-06,0.011783487174255192,0.006774106818833992,0.010862659485803729,0.010805924842036213,0.011977463552901703,0.01202528770539894
x,50,737,sex_35e,502.32788800000014,-0.2722708600752,7.193455078532344,0.021779161372760297,6.133595855060965e-09,3.89302300077188e-07,3.91786567825145e-07,2.6480700219397296e-07,2.6467707352007027e-07,0.0030870854843086395,0.003568322596221923,0.0031377640298792912,0.0031501053127802143,0.0030794826476134175,0.0030774685804321354
x,51,743,sex_34e,510.2463270000001,0.10192273274784001,30.370096421815468,0.013486245944598485,1.9854943259627974e-09,2.5893739861733614e-07,2.6072096882573514e-07,1.6646611876407958e-07,1.6581102557759228e-07,0.0019116068511920686,0.0011550947332399759,0.0020870271128911894,0.0020962906247916587,0.0019358609096523538,0.0019279275485323641
x,52,753,sex_33e,516.1947210000002,-0.21013548676064006,8.82719817437803,0.044343264176319785,1.1413407535841971e-08,8.024718526501176e-07,8.051193001208564e-07,5.30027288267039e-07,5.287049179536778e-07,0.006285432428853456,0.0066399418827750075,0.006467897347991239,0.006473449559058167,0.006163771439035953,0.006147388406873154
x,53,761,sex_32e,524.6270650000002,0.2687364871656,16.623483949560296,0.0838079638504429,1.4173069566361577e-08,1.3675020559245813e-06,1.3621354459103567e-06,1.023532568145524e-06,1.0264791400832896e-06,0.011879353123107648,0.008245421704748198,0.011022022631295429,0.010952060272784754,0.011902822647274687,0.011935137637963111
x,54,769,sex_31e,532.8285710000002,-1.0363897738480001,5.402613031988097,0.08660217151794093,2.5940429889337485e-08,1.4268625677870123e-06,1.4307560427073974e-06,1.0414647153709364e-06,1.0440940122728833e-06,0.012275417865125942,0.01509128157725897,0.011500466449583245,0.011503794620739687,0.012111358432799936,0.012139950298881744
x,55,777,sex_30e,541.2573150000003,-0.0623025402088,35.537621641076775,0.013266372115530575,1.7574349167294294e-09,2.4792851278064105e-07,2.4955070163993404e-07,1.6268288237704263e-07,1.6217279971499374e-07,0.0018804408529023522,0.0010224173344548938,0.001998295846775935,0.0020064776477861,0.0018918650533903433,0.0018856249583164664
x,56,787,sex_29e,550.5420380000003,-0.7209857810320001,3.1265694015790055,0.20496146872350818,8.586372178848804e-08,3.592913741052552e-06,3.590938729255979e-06,2.479551247550928e-06,2.4760201282464157e-06,0.02905224696715347,0.04995266494462068,0.028958769308320212,0.028872442543629983,0.028835094908510217,0.02878932446945799
x,57,797,sex_28e,558.9711820000003,0.20131291634928003,32.0153872090171,0.23655291298225747,2.8713374702499037e-08,3.844737226358902e-06,3.843218178651145e-06,2.9304058207780665e-06,2.94671776574581e-06,0.033530173703189683,0.01670448888153813,0.03098845850850329,0.030900860307558172,0.034078154281362884,0.03426224726939282
x,58,805,sex_27e,567.1762060000004,-0.6806580251744,5.081475326965272,0.023634274472931,7.553911177342348e-09,4.0296732223726673e-07,4.0387684453875734e-07,2.8167037544341496e-07,2.81114226359722e-07,0.0033500383421009756,0.004394614934031407,0.0032479036694162194,0.0032473154982134494,0.0032755894909809713,0.003268587594795702
x,59,815,sex_26e,575.6066000000005,0.37586853976800005,25.381132702801132,0.03535974833586957,5.661745682727388e-09,6.750079726699529e-07,6.764183971738342e-07,4.3610284791403606e-07,4.348975210290104e-07,0.0050120646956129675,0.003293815818834587,0.005440542570916168,0.005438647880216625,0.005071509218409306,0.005056665614723577
x,60,823,sex_25e,583.8104190000006,-0.23828932174880002,2.882312347926865,0.040288538379960104,1.5948009511036763e-08,6.407373667275479e-07,6.396299686862033e-07,4.851131466603411e-07,4.874499702256514e-07,0.005710695645624997,0.009278022883760572,0.005164322588175442,0.005142855646524117,0.005641457759396306,0.005667706492108655
x,61,831,sex_24e,592.0140370000007,0.5928084684464002,38.94995423439892,0.47178924157010815,5.449216148897529e-08,8.048047960106943e-06,8.066169826107906e-06,5.7923986664304e-06,5.796972404211926e-06,0.06687372825685031,0.03170173186380437,0.06486700796517261,0.06485491466453279,0.06736072321934054,0.06740289288502181
x,62,841,sex_23e,602.219995000001,-0.7335787303264,3.5252948661786903,0.2731966629714393,1.1530480234561112e-07,5.123280861788936e-06,5.175505191173325e-06,3.2708118172907433e-06,3.268266963225312e-06,0.03872423911030508,0.06708050895189885,0.04129347912895182,0.04161292841033003,0.038036789629821204,0.038000982699499114
x,63,849,sex_22e,610.424114000001,0.8367427954256,28.05435541146153,0.2060669282105558,2.725631721537018e-08,3.416413011695714e-06,3.3979867753615364e-06,2.5516221378468957e-06,2.55077287187938e-06,0.02920894023359964,0.01585682117108306,0.027536179100881058,0.027321039241448686,0.029673218727841514,0.02965849389456916
x,64,857,sex_21e,618.6255720000011,-1.026784275544,3.6588124952046175,0.2150295461823545,7.602073910746268e-08,3.441162720776386e-06,3.4158001209889287e-06,2.575723261467757e-06,2.563697647438379e-06,0.030479345800122,0.04422634414604,0.027735660960833877,0.027464264965114338,0.02995349451875154,0.029808773592628995
x,65,865,sex_20e,626.8298910000011,0.4611034639920001,24.636674399615664,0.05375097011504746,8.829002348447939e-09,1.0370643832775482e-06,1.041725347681138e-06,6.637895768474963e-07,6.646165633230429e-07,0.0076189269535973875,0.005136420678266234,0.008358705607113161,0.00837584751923585,0.007719314318097901,0.007727668152210973
x,66,871,sex_19e,635.0385480000011,-0.5107397072640001,7.5730265775631604,0.05188147643278898,1.414602528371236e-08,9.212387882232837e-07,9.286827485255147e-07,6.253298249217203e-07,6.276892376699595e-07,0.00735393572134888,0.008229688238253796,0.007425155032589,0.007466944250429708,0.007272059760228664,0.007298304615183153
x,67,885,sex_18e,641.6987330000012,0.22632810801008005,33.46688621115403,0.057550609007256885,7.004985310244675e-09,9.589984988537193e-07,9.554194066587257e-07,7.055038579214133e-07,7.054183148287584e-07,0.00815750646402909,0.004075268074293471,0.0077294970870061975,0.007681916625054367,0.008204416311853716,0.00820208063764265
x,68,893,sex_17e,649.8989910000013,-0.8115502944992,2.436835678385717,0.026984940868717642,1.1625895244110257e-08,4.294796323386888e-07,4.295387992576762e-07,3.1831056095049576e-07,3.180921546846803e-07,0.003824978281989153,0.0067635601825049305,0.0034615920369618345,0.0034536468697689685,0.003701684022241671,0.0036985395021372396
x,69,901,sex_16e,658.1065490000013,0.39623803143200004,36.04582740505104,0.1487984517702968,2.0029294597514526e-08,2.845746423517362e-06,2.8542329672926503e-06,1.8377068157306456e-06,1.83860472122943e-06,0.02109142462768133,0.011652379156954804,0.022936624736355233,0.02294906250638427,0.021370984164150002,0.02137793117539776
x,70,907,sex_15e,666.3126680000014,-0.49898616016960007,5.813044451820452,0.07086274591001529,2.155169542541286e-08,1.2296635726651248e-06,1.2360220544990033e-06,8.483781002425096e-07,8.503215362337384e-07,0.01004443424303137,0.012538061455408523,0.009911048885137526,0.009938063119939696,0.009865923546834016,0.009886907756011903
x,71,924,sex_14e,676.2425810000013,0.4812708388208,22.119592582098473,0.015189245597387593,2.2207035043372598e-09,2.471622753140094e-07,2.4592864464781396e-07,1.8735230762783675e-07,1.869556450891382e-07,0.0021529984005693253,0.0012919316305291671,0.001992119997414999,0.0019773550031854754,0.0021787497141319387,0.0021737814917037607
x,72,942,sex_13e,683.1487840000012,-0.61291493184,4.800020593655516,0.08129104381735684,2.730499393016195e-08,1.4156851600153489e-06,1.4213967039171758e-06,9.75098388483661e-07,9.72652508940134e-07,0.01152259249461882,0.015885139668976596,0.011410376902086955,0.011428542161190472,0.011339573886538206,0.01130928151853987
x,73,948,sex_12e,691.4524100000012,0.4723978777792,23.992392100790138,0.08249287094107573,1.3388497413416355e-08,1.5519283228721207e-06,1.5548038133840476e-06,1.0170563253374838e-06,1.0178353062194603e-06,0.011692945384006071,0.007788983653093573,0.012508492417058748,0.012501183437860788,0.011827509392021405,0.01183463355282786
x,74,960,sex_11e,701.5128190000013,-0.5037200102256001,3.6747076010532416,0.00813096364331692,2.9381640974461483e-09,1.3328782660268525e-07,1.3313924894286785e-07,1.000999775413313e-07,9.993945854589391e-08,0.0011525227903457906,0.0017093264029898942,0.001074295599722301,0.0010704875814468342,0.0011640785225128707,0.0011620218537631152
x,75,968,sex_10ae,709.7180270000014,-0.16064063487408,46.51586385059915,0.13393966599318954,1.5159881622885417e-08,2.44680523131689e-06,2.4601268799409106e-06,1.6493040675633945e-06,1.6504004984285534e-06,0.01898526722786838,0.008819516223318863,0.019721171545671264,0.019780307420018444,0.019180018710303195,0.0191896321486956
x,76,980,sex_09ae,716.1606000000014,0.18074049064512002,45.29164873215796,0.13808998123521227,1.633641551408783e-08,2.6017698772950763e-06,2.6149020169279884e-06,1.7032546924864112e-06,1.704002288471688e-06,0.019573553329415797,0.009503984611586472,0.02097018161305829,0.021024755344856122,0.019807419088321263,0.019812873982673933
y,1,180,sex_09aw,50.648999999999994,0.6125038570704001,31.20713183534471,0.2583493686334741,2.571531885448389e-08,4.007925502149215e-06,4.0137605385382134e-06,2.7955909281565767e-06,2.7993373573613984e-06,0.027364808959490058,0.024067056209956725,0.02854375925593961,0.02855037506788877,0.028254003469407814,0.02826309419296745
y,2,190,sex_10w,52.495,-0.24066952067328,47.322700286244675,0.153786766411389,1.192140778281154e-08,2.2880373077438045e-06,2.2911392839884377e-06,1.5926117221974224e-06,1.5943808864155773e-06,0.016289358497778468,0.011157286939909472,0.016295009986045373,0.016297157058220265,0.016095937596298165,0.016097430005615723
y,3,210,sex_10aw,59.240385,-0.11116394997904001,20.061636774539068,0.0298286948699281,3.7169509605797682e-09,4.644840569109397e-07,4.651080446049764e-07,3.149187789497343e-07,3.150132951080306e-07,0.003159506605121783,0.003478707310771991,0.0033079759320821874,0.0033083710383481294,0.003182767615752228,0.00318048498451339
y,4,232,sex_12w,77.25888200000003,0.4523813768896,14.119560905481242,0.016549903145533708,2.5778972250697536e-09,2.702570261033514e-07,2.704520243005637e-07,1.7527840728587914e-07,1.7519134429378006e-07,0.0017529941732434087,0.002412662964450356,0.0019247242709934614,0.0019237586940009596,0.0017714740299408116,0.001768793408392491
y,5,238,sex_13w,85.56084500000003,-0.6414630744352,47.05430078814797,0.36166495691110295,2.9584537259796772e-08,5.661939726549986e-06,5.670621664281339e-06,3.743196920563424e-06,3.7441961720388083e-06,0.03830817356188501,0.027688271150988934,0.04032336538930671,0.04033583314920183,0.037831106731346556,0.03780272099359518
y,6,254,sex_14w,92.46755300000004,0.4078490260464,11.986094975400665,0.17274142854466593,2.745536701847791e-08,2.651959637640501e-06,2.6510973379706996e-06,1.8195219016798763e-06,1.8187663317318473e-06,0.018297068874282934,0.025695573328793617,0.01888680251483904,0.018857583210011505,0.0183892348501166,0.018362904354331723
y,7,273,sex_15w,102.39929400000004,-0.94264120352,27.245557238622233,0.09078685038866789,8.80001554664633e-09,1.2815397626344768e-06,1.2803964621414515e-06,9.421134137706408e-07,9.424470632460238e-07,0.009616299161328029,0.008235965107339167,0.009126906785551982,0.009107618374027284,0.00952159180127389,0.00951527691021669
y,8,279,sex_16w,110.60549700000004,0.3880488903584,11.389715882663278,0.11806559709454376,1.785056156574561e-08,1.6807732500021472e-06,1.6820322442631367e-06,1.257908783409257e-06,1.259619201997932e-06,0.012505710876204933,0.016706402553790734,0.01197017933246464,0.011964503360104487,0.01271321879488268,0.012717558339197322
y,9,287,sex_17w,118.80659200000005,-0.7689091814976,43.92081969060073,0.30772235083891775,2.3349153387846813e-08,4.3172495755309345e-06,4.323361623738677e-06,3.161566431474318e-06,3.1663280541735e-06,0.03259448005548983,0.021852553733442286,0.030746712349239324,0.03075260587339612,0.03195278251333473,0.031968361300080225
y,10,295,sex_18w,127.00534400000006,0.23297390769040002,1.961918842412364,0.008359012317780048,3.4571940902569487e-09,1.3510302712920337e-07,1.350282179268966e-07,9.42393254397393e-08,9.414532928598687e-08,0.0008854009451464835,0.0032355999538553697,0.0009621806291201587,0.0009604724122295362,0.0009524420046980193,0.000950524345499336
y,11,303,sex_19w,133.67065100000005,-0.4434807016048,35.72778437432307,0.14176196347749245,1.1672076503470482e-08,1.946489057884488e-06,1.946867805730386e-06,1.4711170024479636e-06,1.4718999029534045e-06,0.01501567071289197,0.010923936929794573,0.013862561824759942,0.013848311459418405,0.014868035402617961,0.014860818932878994
y,12,309,sex_20w,141.87855400000004,0.3489547540528001,14.09306311379585,0.08208212120687863,1.1195123952438731e-08,1.1725527884335585e-06,1.1728069000109884e-06,8.699379261461962e-07,8.70279347167885e-07,0.008694279292018011,0.01047755538111073,0.008350720214230703,0.008342320513648862,0.00879214084433723,0.00878664627488293
y,13,317,sex_21w,150.08049100000005,-1.0296646092624,43.0672194749884,0.06031723194162624,4.774527270019154e-09,8.741875033420136e-07,8.757253431509905e-07,6.237487988071882e-07,6.245636954062356e-07,0.006388904829837432,0.004468496651111366,0.006225813734952092,0.006229142661440898,0.006303998395487065,0.006305814662300224
y,14,325,sex_22w,158.28717800000007,0.7338528077808001,10.5638914111664,0.13403167669719063,2.3528316478783238e-08,2.133553887196647e-06,2.139059125481766e-06,1.4133902697481042e-06,1.4146249136001832e-06,0.014196865456800385,0.022020233092376804,0.01519480551299128,0.015215392083937379,0.014284612667355725,0.014282550502768405
y,15,333,sex_23w,166.49091600000008,-1.0421456713024,27.334265782664712,0.1355179434209624,1.4973586234325838e-08,2.184139300653256e-06,2.18898817356597e-06,1.4007501396601053e-06,1.4005859678802002e-06,0.014354293381528792,0.01401383135108658,0.015555066167235813,0.01557054357738094,0.014156863547925157,0.014140808370756193
y,16,345,sex_24w,176.6935180000001,0.6850736806816001,4.802615677266312,0.2191672134562678,5.0702132336995415e-08,3.100030312933497e-06,3.099509389511148e-06,2.373027958657053e-06,2.3765672528023706e-06,0.023214567769752472,0.047452301712617585,0.02207788515306454,0.022047193585000097,0.023983315835521588,0.023994658573480272
y,17,353,sex_25w,184.8993210000001,-0.4611058832960001,44.993699413684354,0.11849978514104409,8.742191629657465e-09,1.6360515071671148e-06,1.6364138914610214e-06,1.2223278790687763e-06,1.2235325533685464e-06,0.012551700820007863,0.008181847502641131,0.011651678736506785,0.011640014375279797,0.012353615755483955,0.012353214846749451
y,18,361,sex_26w,193.1057580000001,0.36295188395360006,5.979527495338849,0.002994584446216485,6.853449348183849e-10,4.675665564697593e-08,4.6724774669093246e-08,3.132397756275978e-08,3.1273619242383785e-08,0.0003171915291189791,0.0006414167042928638,0.00033299289662057764,0.00033235910038894315,0.0003165798550210127,0.00031574945551958385
y,19,371,sex_27w,201.53545100000008,-0.8104851617568001,17.181978041001198,0.2658068010165855,3.664415243102639e-08,4.237815643444116e-06,4.2472210053729855e-06,2.7566384064790096e-06,2.757788432383056e-06,0.028154713009078347,0.03429538950359769,0.030180997484274153,0.030211008239115433,0.027860324740686986,0.027843601637991402
y,20,379,sex_28w,209.73865400000005,0.21971819696992,8.27203975526511,0.10029565602402432,1.7729442905109207e-08,1.4226635178936107e-06,1.4204853820018223e-06,1.0741727706295838e-06,1.0739491489644173e-06,0.010623488189970914,0.01659304717872788,0.010131966009644538,0.010104088184935743,0.010856266874540318,0.010842968203106764
y,21,389,sex_29w,218.16687800000005,-0.870838024992,45.976542015083126,0.37764990208552707,2.6827373623337855e-08,5.075129268585106e-06,5.070535345005201e-06,3.912894632071148e-06,3.914907083859085e-06,0.040001326416253404,0.02510783212963357,0.0361442017716109,0.03606734495117839,0.03954617873326187,0.039526278380437485
y,22,399,sex_30w,227.45108200000004,0.013216716393568003,8.13064212183677,0.0017403050924035839,3.175739173273565e-10,2.5264345269048324e-08,2.52741893478593e-08,1.8273246192147697e-08,1.8279915474385307e-08,0.00018433610516159507,0.0002972185319724684,0.00017992834166502038,0.00017977843433605032,0.00018468094030149444,0.0001845604537564621
y,23,407,sex_31w,235.88254100000003,-0.6974617610992001,21.73016671651783,0.12381339901565806,1.5341076683308436e-08,1.9952079603501486e-06,2.0010900860266998e-06,1.2853860027322624e-06,1.2861915357538385e-06,0.013114527930182062,0.014357766938365688,0.014209529507279918,0.014234001244504526,0.012990920887224852,0.012985841963496912
y,24,415,sex_32w,244.08174300000002,0.15971704782816004,13.549540324083436,0.018550048181708346,3.0030043058116488e-09,3.084033129534382e-07,3.084548964981667e-07,1.9739404328448578e-07,1.9736903429163785e-07,0.0019648529716438145,0.002810522157461367,0.0021963955951667807,0.002194077823525751,0.00199498858278164,0.0019927071641760046
y,25,423,sex_33w,252.514452,-0.16336358603872,45.30885837637307,0.07294351121115418,5.9792479525609915e-09,1.122894416186284e-06,1.1228474106773251e-06,7.56500024841783e-07,7.56729061723845e-07,0.007726302021506178,0.00559599892118243,0.00799706178876647,0.007986952487833415,0.007645665934601181,0.00764020266932613
y,26,433,sex_34w,258.456968,0.10186211028,20.794790744579327,0.03140629241448905,3.735326906417294e-09,4.7523311169117424e-07,4.751053729092042e-07,3.3191163267851077e-07,3.320461137786856e-07,0.003326608447290858,0.0034959054222900884,0.003384528859952576,0.003379483270884671,0.003354508103021794,0.0033524543104663774
y,27,439,sex_35w,266.38390699999997,-0.16437443436752003,45.355748187312614,0.07475040665144417,5.6912988717496815e-09,1.0693708938940476e-06,1.0698125469317624e-06,7.764034658335714e-07,7.769600795301263e-07,0.007917691490715442,0.00532650637657481,0.007615876426408746,0.007609708943513343,0.007846822650761353,0.00784446213822326
y,28,455,sex_36w,277.35561000000007,0.17684188730640002,10.302167768618107,0.037964768947667475,5.962684132851882e-09,5.339577711614737e-07,5.329994736976998e-07,4.013590577752203e-07,4.0128228006633683e-07,0.0040212935488842215,0.0055804967848003565,0.0038027558308402344,0.0037912911692033085,0.0040563875410545005,0.004051486988397098
y,29,463,sex_37w,285.3708140000001,-0.24388335733168,28.287715367992398,0.024608859514004183,2.3573055187113303e-09,3.4979661992708316e-07,3.495299070712002e-07,2.5519002397257967e-07,2.551691566107001e-07,0.0026066126767549606,0.00220621042048539,0.002491191640759282,0.0024862494532275807,0.002579111181847311,0.0025762775213438545
y,30,471,sex_38w,293.5732200000001,0.5352854288832001,7.4195728329370745,0.0013482042253604046,2.847132567110658e-10,2.1637044545063857e-08,2.1660063159551484e-08,1.4387427583798365e-08,1.4387531979407803e-08,0.00014280410771085012,0.00026646412559610416,0.00015409532691492399,0.00015407070782169115,0.00014540840892502893,0.00014526158144855452
y,31,479,sex_39w,302.00263300000006,-0.559232035088,29.150095009620948,0.06385428324566492,6.6607482592940715e-09,1.0033300188238196e-06,1.0073406361386854e-06,6.588508829899884e-07,6.600239148994468e-07,0.006763555380473198,0.006233817424700145,0.007145544620579189,0.007165338516522297,0.006658762176659534,0.006663833505939919
y,32,487,sex_40w,310.20857100000006,-0.05745380593984,4.3699368468601945,0.002810476642904173,6.948371423380454e-10,4.052484895121315e-08,4.0544860989810494e-08,2.985334876689667e-08,2.9878924072691515e-08,0.00029769051430233204,0.0006503004942713189,0.00028861103623968506,0.0002884006101560014,0.00030171675374176854,0.00030166812271850826
y,33,495,sex_41w,318.4135080000001,-0.9733108082928,27.76453897452793,0.11418996883776462,1.0791468914135222e-08,1.5864507567933328e-06,1.5836119344529124e-06,1.1864287215901286e-06,1.1862132221608866e-06,0.0120951976730733,0.010099773229108018,0.011298430684160508,0.01126442752538539,0.011990796249334192,0.011976425757586279
y,34,503,sex_42w,326.61844500000007,0.4969129114608,14.784803359495685,0.018863246790936913,2.6575107578740668e-09,2.850910651216228e-07,2.8480619399573453e-07,2.0113088774191647e-07,2.0096863211130976e-07,0.001998027506395928,0.0024871735462524765,0.0020303697572440662,0.0020258616781352605,0.0020327554875177716,0.0020290499693640445
y,35,511,sex_43w,334.81838200000004,-0.640818777808,54.552785544519665,0.09468828010676779,6.977496603682925e-09,1.437834494192513e-06,1.4389638959448567e-06,9.734457251823997e-07,9.733319909418113e-07,0.010029545299568631,0.006530263300092744,0.010240011105522997,0.010235528139737575,0.009838255883424187,0.00982710199921983
y,36,527,sex_44w,345.82340900000014,-0.4546276694144,44.646270890463406,0.0838806691524358,7.209713074150438e-09,1.344037466504113e-06,1.3462684622769828e-06,8.646316153469747e-07,8.644753021274568e-07,0.008884784580244517,0.0067475955011533145,0.009572004732693786,0.009576174056979504,0.008738511923803488,0.00872804659548149
y,37,537,sex_45w,352.17121200000014,0.4515561870704,7.721973394727835,0.06224297085881788,1.3439578289748945e-08,1.0419589056694703e-06,1.0453393270413477e-06,6.522486537342604e-07,6.528129413327057e-07,0.0065928824042884365,0.012578147989057617,0.007420652939298168,0.0074356279039791,0.006592035887624046,0.0065910289814677765
y,38,551,sex_47w,366.02044100000023,0.9929501410624,10.453111280066826,0.013929413066692263,2.1308945967208895e-09,1.9221423786083084e-07,1.9211799400389707e-07,1.4871088987433087e-07,1.4881046155038703e-07,0.0014754273621958825,0.001994311652403736,0.001368916894318862,0.0013665590494093814,0.0015029659583344942,0.001502442740828457
y,39,627,sex_47e,402.24480300000033,0.9358136365376001,11.153507198095168,0.07380740857933694,1.0725912574315641e-08,9.994032965268443e-07,9.98377116560835e-07,7.498352882087824e-07,7.500510094441127e-07,0.007817807514885056,0.0100384188230326,0.007117579176648236,0.0071015798933012925,0.007578307906624012,0.007572778705540093
y,40,641,sex_45e,416.5451530000003,0.48130360546400003,6.83387025039658,0.11657537980707411,2.5808202131697692e-08,1.8823133172935277e-06,1.8882603076635869e-06,1.2271830909599593e-06,1.228974205523671e-06,0.01234786450098274,0.024153985991629635,0.013405513187374417,0.013431429078037708,0.012402685586207956,0.012408155680165334
y,41,651,sex_44e,422.8888710000003,-0.3750633600368,47.59642861287714,0.16436299670022256,1.267717821320941e-08,2.440116591422539e-06,2.445886719043935e-06,1.7453790475298654e-06,1.7481571539682567e-06,0.017409610979510305,0.011864615110061138,0.0173780926079189,0.017397894700440758,0.01763990044740141,0.017650009269795937
y,42,667,sex_43e,433.8880910000003,-0.6545528966016001,65.73364155728855,0.980165977005643,6.142747378354459e-08,1.3894959981416531e-05,1.3918235837071215e-05,1.0438089129506399e-05,1.0456113147586498e-05,0.10382086417019422,0.05749018601519037,0.09895752612362371,0.09900213269235887,0.10549390596053039,0.10556859465524226
y,43,675,sex_42e,442.0955580000003,0.4898550376176,14.883027213737916,0.3091885834639188,3.8797582939215166e-08,4.175909778558568e-06,4.170659178607285e-06,3.1709830982401344e-06,3.1693082201328186e-06,0.03274978593405866,0.03631079259379807,0.029740114513052196,0.02966641449739721,0.032047953281272176,0.03199845010341699
y,44,683,sex_41e,450.29719600000027,-1.0285654489392002,28.09561752360015,0.03373293742831265,3.242391385828941e-09,4.794965943062453e-07,4.778484865447301e-07,3.556309186563982e-07,3.5477701500673283e-07,0.003573050684237681,0.0030345653568988494,0.0034148926532145056,0.0033989953773982864,0.0035942301530403984,0.003581953481336192
y,45,691,sex_40e,458.50053300000025,-0.006142621090256001,3.314960503578721,0.00018079474831713346,3.93005449053598e-11,1.9963585772000724e-09,1.9995427939738933e-09,1.296737725140875e-09,1.2976217151042634e-09,1.9150090339862406e-05,3.678151644440133e-05,1.421772400349559e-05,1.422299516478875e-05,1.310564854679992e-05,1.3101245073012828e-05
y,46,699,sex_39e,466.7045700000003,-0.6545443142400003,33.35662244479837,0.21394581332020512,1.9852491594048392e-08,3.198945597601816e-06,3.21445023065723e-06,2.271069211586746e-06,2.2799256604070043e-06,0.02266150809718512,0.018580015818794537,0.022782342875841872,0.02286478200210442,0.02295285649168601,0.02301893107795499
y,47,709,sex_38e,475.1376130000003,0.490914630128,7.802103760601134,0.052438281420556634,9.233937530427473e-09,7.19604038371613e-07,7.200612936764958e-07,5.409985705221111e-07,5.415656651509613e-07,0.005554352854925392,0.008642074198713538,0.005124896762643605,0.005121885027505966,0.005467672446109857,0.005467837367149678
y,48,717,sex_37e,483.3396200000002,-0.38404078441920003,29.284728260385688,0.11206379824193866,1.0550214660547431e-08,1.5928786609962619e-06,1.5895212332654684e-06,1.183382410487124e-06,1.1824080562493063e-06,0.011869990030887779,0.00987398253544232,0.011344209117414883,0.011306461098606016,0.011960008309794719,0.011938007464665617
y,49,725,sex_36e,491.3549740000002,0.22435076753488004,6.8231638603407045,0.01836064101774687,3.775249917042471e-09,2.751309236663803e-07,2.7427539504140876e-07,1.8826455668837968e-07,1.8775390679021528e-07,0.0019447906394431194,0.0035332695065631212,0.001959435335009648,0.0019509548028935127,0.0019027202385963967,0.0018956294562907903
y,50,737,sex_35e,502.32788800000014,-0.2722708600752,34.882192401022685,0.057570295422443664,5.627036272644209e-09,9.272191662604598e-07,9.304641645350157e-07,6.082326053294089e-07,6.099447677258662e-07,0.006097944594599071,0.005266362786926119,0.006603496159057667,0.006618506667161393,0.006147181967182849,0.006158216828497188
y,51,743,sex_34e,510.2463270000001,0.10192273274784001,17.113417219027067,0.00982232141520551,1.3010474194149824e-09,1.5016277788264706e-07,1.5070548021683315e-07,1.0209537587591928e-07,1.0240255349688857e-07,0.0010403971586520088,0.0012176547975962465,0.00106943359570605,0.0010719867176091909,0.0010318402006372358,0.0010338921843314303
y,52,753,sex_33e,516.1947210000002,-0.21013548676064006,47.86277197275627,0.10277518105264746,8.00720875669628e-09,1.5455422214054395e-06,1.5538168692363706e-06,1.085737038551839e-06,1.0904975647230462e-06,0.010886123740727026,0.007493974479677312,0.011007087098807199,0.011052491541926278,0.010973142653004805,0.011010046826946288
y,53,761,sex_32e,524.6270650000002,0.2687364871656,10.75480579386078,0.0778986102068235,1.2061633259206875e-08,1.1035911383890447e-06,1.1086805519667366e-06,8.021963581983977e-07,8.051916540827783e-07,0.008251154619788405,0.01128852445018775,0.007859587149080811,0.007886181869896054,0.008107501873541062,0.008129498040987577
y,54,769,sex_31e,532.8285710000002,-1.0363897738480001,19.598470631273056,0.10637481792045815,1.2269796731418186e-08,1.515476681014839e-06,1.5140439265000174e-06,1.1191290682164046e-06,1.1185739630998536e-06,0.011267403461797007,0.011483345366658548,0.010792965467467285,0.010769581681765537,0.01131062354568152,0.01129351601648011
y,55,777,sex_30e,541.2573150000003,-0.0623025402088,6.461971696818499,0.009201951109966749,1.9536342548324554e-09,1.3855639850710402e-07,1.384709055069671e-07,9.573980068248152e-08,9.576520305126169e-08,0.000974686470149867,0.0018284130829103534,0.0009867749488447369,0.000984960674722737,0.0009676067529761782,0.0009668791605730835
y,56,787,sex_29e,550.5420380000003,-0.7209857810320001,49.17987441952235,0.3492290655720771,2.8180538490904814e-08,5.513708401747457e-06,5.526998650021538e-06,3.6904991726890745e-06,3.6991040953626068e-06,0.03699094258689386,0.02637426382792823,0.03926768727176598,0.03931422488779034,0.03729851008557991,0.037347455533323096
y,57,797,sex_28e,558.9711820000003,0.20131291634928003,3.701185926373692,0.0482041190461169,1.3208556044382464e-08,7.08967934604136e-07,7.105032756167651e-07,4.876079687430012e-07,4.880984616996147e-07,0.005105863102103943,0.012361933467415936,0.00504914825254848,0.005053897663065349,0.004928073382202659,0.004928013682302939
y,58,805,sex_27e,567.1762060000004,-0.6806580251744,21.018694090830934,0.19775330554867365,2.242055021711798e-08,2.867807062551353e-06,2.8669508562608496e-06,2.1017007464335425e-06,2.1023817215840945e-06,0.02094636985594692,0.02098347080146931,0.0204240309212468,0.020392975978896416,0.02124111206089321,0.021226385048035906
y,59,815,sex_26e,575.6066000000005,0.37586853976800005,5.386437568860202,0.01299907225479075,3.0878815119654835e-09,1.9994577953415955e-07,2.0000396826744812e-07,1.3477280078474863e-07,1.348485822378956e-07,0.001376884065111149,0.0028899590294289195,0.0014239796104502916,0.0014226529595563224,0.0013620988473678518,0.001361478698362444
y,60,823,sex_25e,583.8104190000006,-0.23828932174880002,38.76894893662473,0.13246446482971075,1.1971018238404275e-08,2.079571729849432e-06,2.0841053696653444e-06,1.401611071059455e-06,1.4036003169226553e-06,0.014030863683389913,0.011203717537566391,0.014810353830291867,0.01482449922301962,0.014165564663134523,0.014171242298518901
y,61,831,sex_24e,592.0140370000007,0.5928084684464002,2.9226773283377683,0.06636642435618877,1.957919257329859e-08,9.338691141660925e-07,9.343419460979601e-07,6.769875806069391e-07,6.77519393032218e-07,0.007029645682657352,0.01832423431626945,0.006650855949548068,0.006646089806960192,0.006842063071018505,0.0068404740044911904
y,62,841,sex_23e,602.219995000001,-0.7335787303264,41.6060236282354,0.10998823577002326,9.254336067305315e-09,1.6654215166272638e-06,1.6645850961207213e-06,1.1655683914769233e-06,1.1645388082076124e-06,0.01165014288812959,0.008661165260209526,0.011860846915637265,0.011840399637785172,0.011779968608760847,0.01175759325369823
y,63,849,sex_22e,610.424114000001,0.8367427954256,10.509800713994442,0.5579204222938235,9.454291693378998e-08,8.551199465459264e-06,8.552310892117028e-06,5.737603311592307e-06,5.73928457217931e-06,0.059095889614224975,0.08848304424979139,0.06090017859880409,0.060833644987714534,0.05798783442851953,0.05794583494454013
y,64,857,sex_21e,618.6255720000011,-1.026784275544,33.29633185153791,0.5712027755916925,5.6580503450982694e-08,9.108897226499265e-06,9.14667099408891e-06,6.0290399414285895e-06,6.049900723857507e-06,0.060502779294084416,0.05295388965029347,0.06487200657319284,0.06506140189392647,0.06093327664882912,0.06108192482297223
y,65,865,sex_20e,626.8298910000011,0.4611034639920001,7.974643769741468,0.03354312704911223,6.390357082175906e-09,5.034792440164011e-07,5.03854105553758e-07,3.465776145860718e-07,3.467305624367634e-07,0.0035529456427861694,0.005980757383127121,0.003585692978539697,0.0035839765613656705,0.003502731757464592,0.003500713667097207
y,66,871,sex_19e,635.0385480000011,-0.5107397072640001,25.9874731811068,0.12818921588073529,1.2885825181256469e-08,1.8327155346797559e-06,1.8316416281649167e-06,1.3534460552099866e-06,1.3520817954984904e-06,0.013578021970008557,0.01205988853196351,0.01305228627090684,0.013028693409077164,0.013678778663362976,0.013651093192565467
y,67,885,sex_18e,641.6987330000012,0.22632810801008005,1.766640023427568,0.02203687291371045,8.632031325085383e-09,3.2010159579610507e-07,3.2037056579831134e-07,2.2497541579513385e-07,2.2533585684439154e-07,0.0023341834374822346,0.008078748091070741,0.002279708762786766,0.002278835452795771,0.0022737433128668253,0.002275070037663867
y,68,893,sex_17e,649.8989910000013,-0.8115502944992,48.59973944252597,0.1584989659088376,1.2639697877099967e-08,2.4584108423638936e-06,2.4645394197172906e-06,1.6856738605344313e-06,1.6881590698362562e-06,0.016788482763917582,0.011829537133349341,0.01750838113108575,0.017530573666995976,0.017036482206370347,0.017044247517372255
y,69,901,sex_16e,658.1065490000013,0.39623803143200004,7.598261238746154,0.06347791720792685,1.1871453144113198e-08,9.12981110684293e-07,9.137226429608049e-07,6.488693962519598e-07,6.493128824147173e-07,0.006723690043174255,0.011110534220088873,0.006502095164847355,0.006499422153882246,0.006557882982180222,0.0065556911560285145
y,70,907,sex_15e,666.3126680000014,-0.49898616016960007,17.32687915908596,0.08158067072671357,1.0086237529862289e-08,1.1713593910514334e-06,1.1701102501498983e-06,8.62256291076081e-07,8.618193615190699e-07,0.008641164795687157,0.009439744727716802,0.008342221042388865,0.0083231389097087,0.008714505399989558,0.008701231285283752
y,71,924,sex_14e,676.2425810000013,0.4812708388208,7.034527351815745,0.07206710051315723,1.4944912554506262e-08,1.1058892551702847e-06,1.1063863474595669e-06,7.542379374449182e-07,7.549778818581008e-07,0.007633471094735984,0.013986995554576763,0.007875953943351457,0.007869862909526288,0.007622803853988669,0.0076225221416954736
y,72,942,sex_13e,683.1487840000012,-0.61291493184,44.96201026933267,0.1060241911071435,8.944190474350345e-09,1.673264890393342e-06,1.6771748296290082e-06,1.1247931792715053e-06,1.1268333546151545e-06,0.011230264467367947,0.008370898922811338,0.011916706080787225,0.011929951969125113,0.011367868621057212,0.011376905737179433
y,73,948,sex_12e,691.4524100000012,0.4723978777792,12.60379202277343,0.043726963254237146,6.76717696488125e-09,6.702841450166745e-07,6.714072928420234e-07,4.512977955818409e-07,4.517600249428914e-07,0.004631635069054322,0.006333424419822935,0.0047736489259018605,0.004775803102827057,0.004561099892577441,0.004561128048394018
y,74,960,sex_11e,701.5128190000013,-0.5037200102256001,49.5561547094751,0.07567238915825225,5.850935222704253e-09,1.149145151247997e-06,1.1486815922728342e-06,7.980415748775539e-07,7.974990188904277e-07,0.008015349461765447,0.005475910591755527,0.008184015029661589,0.008170714216277821,0.008065511015300881,0.008051830491393457
y,75,968,sex_10ae,709.7180270000014,-0.16064063487408,27.005840296334217,0.08972521943464389,9.126012170697836e-09,1.323154901915215e-06,1.322329154236487e-06,9.324882648492481e-07,9.318143390836388e-07,0.009503849386838494,0.008541066479781829,0.009423282682857161,0.009405890798459354,0.009424313981304028,0.009407925188660491
y,76,980,sex_09ae,716.1606000000014,0.18074049064512002,22.66673212826997,0.08423326761033112,9.034492782933016e-09,1.2000491408125336e-06,1.1996642982545537e-06,8.5327615083247e-07,8.530438412731963e-07,0.008922132414654768,0.008455413166980199,0.008546544528405475,0.00853336050864585,0.00862374644414831,0.008612630547452281
