lord_id,lord_name,lord_key,variable,step,observation_index,dx,dpx,dy,dpy,dz,dpz
0>>1198,H_CANT_S7,Overlay,HKICK,1e-06,151,0.03577584923237555,0.6505999999999765,-2.4890029273749725e-09,0.0,7.941258761690051e-06,0.0
0>>1198,H_CANT_S7,Overlay,HKICK,1e-06,157,1.181626820035385,-0.34940000000002075,-8.220782724260162e-08,0.0,0.0002622889717918131,0.0
0>>1198,H_CANT_S7,Overlay,HKICK,1e-06,165,0.5662512194334066,0.30119999999996927,-3.9395028038347046e-08,0.0,0.00012569234542070262,0.0
0>>1198,H_CANT_S7,Overlay,HKICK,1e-06,1177,1.9427969314896607,0.24468910391487386,0.0045730574284503535,-0.0010869513361751702,-0.026653745470331478,-0.0002565454735990345
0>>1202,H_CANT_TRIM_S7,Overlay,HKICK,1e-06,151,-0.05498900896461917,-1.0000000000000109,3.825661575723727e-09,0.0,-1.2206062549591223e-05,0.0
0>>1202,H_CANT_TRIM_S7,Overlay,HKICK,1e-06,165,-3.773245815136793,-2.000000000000008,2.6251125839066303e-07,0.0,-0.0008375578078312351,0.0
0>>1202,H_CANT_TRIM_S7,Overlay,HKICK,1e-06,1177,-12.91342003720351,-1.62434575241209,-0.03023723289573364,0.007247807963875214,0.17699662169866717,0.0017037626789132227
0>>1232,V09AW,Overlay,VKICK,1e-06,180,1.8025294798440505e-08,0.00012282335852585938,0.13597257177751926,0.9998980984081506,-9.921515068929757e-05,0.0
0>>1232,V09AW,Overlay,VKICK,1e-06,1177,-0.11247252791244354,-0.018491498959003275,8.79078156717242,-0.18153968762047065,0.05389552132898821,0.0006010154994398696
0>>1231,H09AW,Overlay,HKICK,1e-06,182,0.03199353027839337,1.0000000000000244,4.238146292245837e-09,0.0,-5.8258477794552455e-06,0.0
0>>1231,H09AW,Overlay,HKICK,1e-06,1177,-1.2856205165097694,1.229809313566736,0.10979260510254472,0.01617315263316302,-0.09387573711070428,-0.0008031361724080517
0>>1233,V10W,Overlay,VKICK,1e-06,190,1.3023870176764873e-08,-6.0034669509961835e-05,0.13597248350112787,1.0000408157281682,3.179453835627788e-05,0.0
0>>1233,V10W,Overlay,VKICK,1e-06,1177,-0.13250329225836505,-0.018837023116140793,11.291416788933374,-0.04212127168774392,0.060499432351075834,0.0006939616268376901
0>>1234,H10AW,Overlay,HKICK,1e-06,194,0.07598461052612908,0.9999999999999701,0.0,-5.421010862427522e-14,3.1158164264834254e-05,0.0
0>>1234,H10AW,Overlay,HKICK,1e-06,1177,-4.429475913201339,1.3417295352469096,0.1850179309999863,0.022434516979438855,-0.09085473504875106,-0.000735380159341153
0>>1235,H11W,Overlay,HKICK,1e-06,212,3.2847099260443744,0.9997166167694872,1.4251398889122968e-05,4.1346740728464074e-05,-0.08332640882358686,0.0
0>>1235,H11W,Overlay,HKICK,1e-06,1177,-7.422706311574533,1.0040336625046202,0.19613719357491033,0.02274956183503929,-0.13155475813713563,-0.0007751732853701621
0>>1236,H12W,Overlay,HKICK,1e-06,218,1.642466495340887,0.49987761230612004,-9.474837581180395e-06,1.1677923737610577e-05,-0.04146365819044989,0.0
0>>1236,H12W,Overlay,HKICK,1e-06,234,4.062566619639327,0.449323638987008,0.014542081089438316,0.0019911415719074243,-0.39327299392272286,0.0
0>>1236,H12W,Overlay,HKICK,1e-06,1177,-3.930394490450043,-0.7188908012101151,-0.020431907946476802,-0.0016663828597703566,-0.9086195044872994,-0.004454536696633731
0>>1326,RAW_XQUNEING_1,Group,COMMAND,0.001,232,8.0124383690372e-11,5.365180887994918e-10,-8.534994542716556e-10,-6.310782029329137e-09,7.052735132018206e-14,0.0
0>>1326,RAW_XQUNEING_1,Group,COMMAND,0.001,238,1.920273185254673e-09,-1.7301207341779978e-08,-6.269596408876865e-08,-1.025266493746976e-07,-2.4245319293902945e-10,0.0
0>>1326,RAW_XQUNEING_1,Group,COMMAND,0.001,254,-1.0349972810221042e-07,1.4695768473654836e-08,-8.550227985207933e-07,-2.402578701987028e-07,-3.927125009732524e-10,0.0
0>>1326,RAW_XQUNEING_1,Group,COMMAND,0.001,273,3.9856516633081374e-08,-1.8150016672978733e-08,-3.0228975465363198e-06,6.76727619661156e-08,5.288059405509152e-09,0.0
0>>1326,RAW_XQUNEING_1,Group,COMMAND,0.001,279,-1.0437556721698549e-07,-5.2329647207268945e-08,-2.7808123905783896e-06,-3.737385105713996e-07,7.403829204452941e-09,0.0
0>>1326,RAW_XQUNEING_1,Group,COMMAND,0.001,287,-6.42265609240248e-07,-4.865377412546367e-07,-5.183618110270183e-06,5.303198515906309e-07,2.933641562096953e-08,0.0
0>>1326,RAW_XQUNEING_1,Group,COMMAND,0.001,295,-4.0934335190261e-06,3.5968316208610665e-07,-9.800049409540391e-07,2.9489215388166234e-07,2.1512812375685392e-07,0.0
0>>1326,RAW_XQUNEING_1,Group,COMMAND,0.001,303,-1.955054708348194e-06,-8.862634316209907e-08,8.782130670468083e-07,7.160931664297826e-08,2.1430972523949626e-07,0.0
0>>1326,RAW_XQUNEING_1,Group,COMMAND,0.001,309,-2.381451438609669e-06,4.06342902725741e-07,1.616531469447735e-06,2.585988708326409e-07,3.8603887220125394e-07,0.0
0>>1326,RAW_XQUNEING_1,Group,COMMAND,0.001,317,9.6311594702074e-07,1.6159271520161354e-07,3.39916942943691e-06,-4.420128178674477e-07,4.4822443274875924e-07,0.0
0>>1326,RAW_XQUNEING_1,Group,COMMAND,0.001,325,2.020901715584075e-06,-2.5562968129539017e-07,-2.2367093062674454e-07,-4.307523140601095e-07,3.29282601863436e-07,0.0
0>>1326,RAW_XQUNEING_1,Group,COMMAND,0.001,333,-9.185200766214513e-08,-4.131971638487216e-07,-3.3981431720158523e-06,2.4545569607880777e-07,2.511708024725834e-07,0.0
0>>1326,RAW_XQUNEING_1,Group,COMMAND,0.001,345,-3.807407215894454e-06,3.1765561126048843e-07,-1.0228948551355664e-06,5.675464324851262e-08,4.375296515607245e-07,0.0
0>>1326,RAW_XQUNEING_1,Group,COMMAND,0.001,353,-1.400970738805454e-06,-1.9523082057785503e-07,-4.826733982117581e-07,2.0055411425004034e-07,6.305923610431911e-07,0.0
0>>1326,RAW_XQUNEING_1,Group,COMMAND,0.001,361,-2.650373631934294e-06,3.0699409737954854e-07,1.2876061052883442e-06,3.591182332129077e-07,7.914295561679656e-07,0.0
0>>1326,RAW_XQUNEING_1,Group,COMMAND,0.001,371,-8.46445868040932e-08,2.951832351988338e-07,3.954992407032877e-06,1.6880368535810743e-08,8.974203149808742e-07,0.0
0>>1326,RAW_XQUNEING_1,Group,COMMAND,0.001,379,2.0838725922796286e-06,-1.0236646019777876e-07,4.576667131915308e-06,7.913910787544359e-07,8.192909476116995e-07,0.0
0>>1326,RAW_XQUNEING_1,Group,COMMAND,0.001,389,1.3331129375859958e-06,1.2077408571928988e-08,1.0213436718109828e-05,-7.683259967039189e-07,6.927097122771736e-07,0.0
0>>1326,RAW_XQUNEING_1,Group,COMMAND,0.001,399,1.2828078425897171e-06,-2.584985308489232e-07,3.4654386750617924e-06,-1.6621893623872466e-07,5.880064595767311e-07,0.0
0>>1326,RAW_XQUNEING_1,Group,COMMAND,0.001,407,-9.68562886740753e-07,-4.893444553781762e-07,1.922096892455552e-06,-2.7635550746136876e-07,5.711918076110184e-07,0.0
0>>1326,RAW_XQUNEING_1,Group,COMMAND,0.001,415,-4.588007133227417e-06,1.216021067071112e-07,-3.600937916988303e-07,-3.041150569727273e-07,7.839445490605713e-07,0.0
0>>1326,RAW_XQUNEING_1,Group,COMMAND,0.001,463,2.5957687860614885e-06,1.2300237036051188e-07,-4.866251687631745e-06,3.5974307071391567e-07,1.0803885610901736e-06,0.0
0>>1326,RAW_XQUNEING_1,Group,COMMAND,0.001,471,3.1662042323903072e-06,-5.985015647685422e-07,-2.1677100786035228e-06,3.4433067156022443e-09,8.511417204311355e-07,0.0
0>>1326,RAW_XQUNEING_1,Group,COMMAND,0.001,479,-2.060279579482304e-06,-1.0015155042905535e-06,-1.917759273866587e-06,2.7229371516346475e-07,7.972702664889569e-07,0.0
0>>1326,RAW_XQUNEING_1,Group,COMMAND,0.001,487,-8.990505519093986e-06,9.967537572093876e-07,3.369527715453937e-07,3.0447731263886536e-07,1.238679470138334e-06,0.0
0>>1326,RAW_XQUNEING_1,Group,COMMAND,0.001,495,-9.664994476401775e-07,6.424333125209809e-07,2.5539801959493375e-06,-3.5265741716089733e-07,1.6252222458990918e-06,0.0
0>>1326,RAW_XQUNEING_1,Group,COMMAND,0.001,503,3.851280145922981e-06,-2.9062197174625423e-08,-3.7350300673491543e-07,-5.10396540840969e-07,1.5128299297352955e-06,0.0
0>>1326,RAW_XQUNEING_1,Group,COMMAND,0.001,511,4.007529079907372e-06,3.5780400287044843e-07,-4.060349404356317e-06,2.376672508970501e-07,1.2343854088498764e-06,0.0
0>>1326,RAW_XQUNEING_1,Group,COMMAND,0.001,527,-1.5181869384697441e-06,-1.0310473082947302e-06,-7.563348809877177e-06,7.315800523699772e-07,1.022057372267952e-06,0.0
0>>1326,RAW_XQUNEING_1,Group,COMMAND,0.001,537,-7.0793473147447855e-06,4.676424492870007e-07,-3.401480134449658e-06,-4.829282788688114e-08,1.0215658775886594e-06,0.0
0>>1326,RAW_XQUNEING_1,Group,COMMAND,0.001,551,-2.992656148500389e-06,7.483852926883387e-07,-1.1438266332903547e-06,8.478047211209032e-08,1.7459139321719577e-06,0.0
0>>1326,RAW_XQUNEING_1,Group,COMMAND,0.001,627,3.751877782520903e-06,-6.136070972617876e-08,-4.780734763143793e-07,-4.6832159542519944e-08,1.2483349105497042e-06,0.0
0>>1326,RAW_XQUNEING_1,Group,COMMAND,0.001,641,-1.1288011217424915e-05,-1.1828635133217364e-06,-1.3635421295754915e-06,1.148594529220854e-08,1.9318498875250945e-06,0.0
0>>1326,RAW_XQUNEING_1,Group,COMMAND,0.001,651,-4.026074468439517e-06,1.2689770971215444e-06,-3.0803168454525756e-06,-3.089797091278138e-07,1.930646399857499e-06,0.0
0>>1326,RAW_XQUNEING_1,Group,COMMAND,0.001,667,3.028819562235323e-06,2.8950347007910063e-07,-3.158044881045643e-06,-3.6143737964589376e-07,2.0087739094276164e-06,0.0
0>>1326,RAW_XQUNEING_1,Group,COMMAND,0.001,675,1.0255907680620582e-05,9.120172223174924e-07,-1.201858956106916e-06,2.7098695227871505e-07,1.5200041314180528e-06,0.0
0>>1326,RAW_XQUNEING_1,Group,COMMAND,0.001,683,2.317637996991119e-06,-1.2235754573170637e-06,-6.59646657826321e-07,-5.1261321820346775e-08,1.0200903805197056e-06,0.0
0>>1326,RAW_XQUNEING_1,Group,COMMAND,0.001,691,-5.4748903563928836e-06,-9.8556486577547e-07,-2.8890092358332953e-07,7.79139724065665e-08,1.1390658014608992e-06,0.0
0>>1326,RAW_XQUNEING_1,Group,COMMAND,0.001,699,-4.4500642362678075e-06,1.4072328271739175e-07,-8.168886140441645e-08,-3.454402818073342e-08,1.5255785039652685e-06,0.0
0>>1326,RAW_XQUNEING_1,Group,COMMAND,0.001,709,-9.576093726033734e-06,-6.550743271937186e-07,-2.4230629539295453e-07,-2.0013307525969248e-08,2.0361683405166215e-06,0.0
0>>1326,RAW_XQUNEING_1,Group,COMMAND,0.001,717,-4.104425021427341e-07,1.1992116012916236e-06,-8.013635367266903e-07,-1.5741780983933012e-07,2.4351318243873164e-06,0.0
0>>1326,RAW_XQUNEING_1,Group,COMMAND,0.001,725,9.204380624436986e-06,1.1366773889726024e-06,-1.0628651585155996e-06,3.464606366691348e-08,2.0950784706543716e-06,0.0
0>>1326,RAW_XQUNEING_1,Group,COMMAND,0.001,737,5.585503824701802e-06,-5.662598790204514e-07,-2.4934987232546474e-06,-1.6189427461111e-07,1.5538492502235879e-06,0.0
0>>1326,RAW_XQUNEING_1,Group,COMMAND,0.001,743,5.688253906527968e-06,4.1449149071771246e-08,-1.6397090152678317e-06,1.3017986574782522e-07,1.1399034321980198e-06,0.0
0>>1326,RAW_XQUNEING_1,Group,COMMAND,0.001,753,6.375147372896309e-07,-9.215819978688707e-07,-2.3874429416932685e-06,-7.337852764646713e-08,1.1403792989940747e-06,0.0
0>>1326,RAW_XQUNEING_1,Group,COMMAND,0.001,761,-6.7537813193581375e-06,-8.438076243457012e-07,-1.9708670866104214e-07,2.8678262958554534e-07,1.362351588735344e-06,0.0
0>>1326,RAW_XQUNEING_1,Group,COMMAND,0.001,769,-5.474944224706773e-06,1.9109070429528321e-07,2.0341185598426494e-06,2.2719414460099958e-07,1.8339811070421466e-06,0.0
0>>1326,RAW_XQUNEING_1,Group,COMMAND,0.001,777,-9.52892597846141e-06,-5.127955814967708e-07,1.775195812830227e-06,-5.935060081607322e-08,2.382788992104281e-06,0.0
0>>1326,RAW_XQUNEING_1,Group,COMMAND,0.001,787,9.214897578714923e-07,9.330981260332721e-07,4.100344252284602e-06,4.950938359369467e-07,2.7755204362917723e-06,0.0
0>>1326,RAW_XQUNEING_1,Group,COMMAND,0.001,797,1.0570697439983914e-05,1.1012130399587093e-06,2.319906845782687e-06,-2.660954957355195e-07,2.356197672192216e-06,0.0
0>>1326,RAW_XQUNEING_1,Group,COMMAND,0.001,805,3.4283831883987446e-06,-1.1070935846671168e-06,3.5204265202851484e-06,8.98162201079869e-08,1.8007580716015211e-06,0.0
0>>1326,RAW_XQUNEING_1,Group,COMMAND,0.001,815,-9.584016770307346e-07,-5.049499026917904e-07,-1.304834535992977e-06,-6.152583215173141e-07,1.7107537176696934e-06,0.0
0>>1326,RAW_XQUNEING_1,Group,COMMAND,0.001,823,-3.3690897361434574e-06,-3.986851415682408e-07,-8.74786848861775e-06,-7.961707796408195e-07,1.8770390592586037e-06,0.0
0>>1326,RAW_XQUNEING_1,Group,COMMAND,0.001,831,-1.2041904794168369e-05,-1.1026662664297793e-06,-1.8455066174872668e-06,9.164048063686585e-07,2.4470528230214413e-06,0.0
0>>1326,RAW_XQUNEING_1,Group,COMMAND,0.001,841,-6.317759751765448e-07,9.933723373365495e-07,4.6563273733719185e-06,7.56179371858923e-07,3.041140870149706e-06,0.0
0>>1326,RAW_XQUNEING_1,Group,COMMAND,0.001,849,7.140482365976253e-06,8.826184054455677e-07,4.63048007619607e-06,-6.867660123043278e-08,2.7934948389587207e-06,0.0
0>>1326,RAW_XQUNEING_1,Group,COMMAND,0.001,857,2.8422752465420004e-06,-8.031139721352901e-07,1.146934474650918e-05,1.0643237641178938e-06,2.397916174244662e-06,0.0
0>>1326,RAW_XQUNEING_1,Group,COMMAND,0.001,865,-9.096636379270565e-07,-4.3685276609247564e-07,7.35758569884613e-06,-5.898658164834539e-07,2.330631303291801e-06,0.0
0>>1326,RAW_XQUNEING_1,Group,COMMAND,0.001,871,-3.0458367669379885e-06,-1.4053918331486683e-07,1.2394978367259377e-05,7.466338513298582e-07,2.481253804661023e-06,0.0
0>>1326,RAW_XQUNEING_1,Group,COMMAND,0.001,885,-8.2973020160311e-06,-8.929511490310144e-07,4.7348760177402804e-07,-1.9597922005443533e-06,2.4796897830708323e-06,0.0
0>>1326,RAW_XQUNEING_1,Group,COMMAND,0.001,893,-2.227438019133162e-06,7.593833139076574e-07,-1.5945229750067777e-05,-1.9616647485679083e-06,2.8957572929363593e-06,0.0
0>>1326,RAW_XQUNEING_1,Group,COMMAND,0.001,901,9.088035083596596e-07,2.599944511256797e-07,-6.733136905350532e-06,1.2789391857164585e-06,2.9401345710947146e-06,0.0
0>>1326,RAW_XQUNEING_1,Group,COMMAND,0.001,907,1.5304826624790158e-06,1.2227302474015524e-07,-6.06542479328169e-06,2.7957383394558617e-07,2.8466962553484396e-06,0.0
0>>1326,RAW_XQUNEING_1,Group,COMMAND,0.001,924,4.926393054344863e-06,3.244281896827724e-07,4.81645558148263e-06,1.1019432613662406e-06,2.4388325243324648e-06,0.0
0>>1326,RAW_XQUNEING_1,Group,COMMAND,0.001,942,1.284989493879462e-06,-6.944864199237392e-07,1.870526161805268e-05,2.0867811040628254e-06,2.440821779393053e-06,0.0
0>>1326,RAW_XQUNEING_1,Group,COMMAND,0.001,948,-3.134551773524563e-06,-5.221480028135429e-07,1.1592657707046317e-05,-1.0250734523091064e-06,2.5477995630395715e-06,0.0
0>>1326,RAW_XQUNEING_1,Group,COMMAND,0.001,960,-2.1514156233436166e-06,1.3084913975090501e-07,2.3137512975273267e-05,1.1850845541473579e-06,2.745344157518634e-06,0.0
0>>1326,RAW_XQUNEING_1,Group,COMMAND,0.001,1177,-1.4694423022126868e-06,-3.7727730976214874e-07,-5.384083803929929e-06,4.778522244238727e-07,2.9422747856275473e-06,1.5305599642507703e-08
0>>1327,RAW_XQUNEING_2,Group,COMMAND,0.001,232,-7.771922211699533e-10,-5.204126986998688e-09,8.278787486278028e-09,6.121342746112732e-08,-6.843484112728504e-13,0.0
0>>1327,RAW_XQUNEING_2,Group,COMMAND,0.001,238,-4.894067475499225e-08,-1.9054430518768324e-08,4.667633423868778e-07,-4.844231527684987e-08,2.3190828597752233e-09,0.0
0>>1327,RAW_XQUNEING_2,Group,COMMAND,0.001,254,-1.8428173939079306e-07,-1.5421901348186898e-07,1.5939123049310729e-07,3.3660194911303704e-08,2.267235065054468e-09,0.0
0>>1327,RAW_XQUNEING_2,Group,COMMAND,0.001,273,-1.8252047984709373e-06,-3.4063864625061627e-07,4.5870621222850877e-07,-2.628765550711002e-08,8.193935401067456e-08,0.0
0>>1327,RAW_XQUNEING_2,Group,COMMAND,0.001,279,-4.106154180127247e-06,1.9108393101326115e-07,3.3389885517945417e-07,4.5797329858011764e-07,3.1489439116134943e-07,0.0
0>>1327,RAW_XQUNEING_2,Group,COMMAND,0.001,287,-2.883801568473888e-06,-4.5470704675490414e-07,3.618684042737755e-06,-3.3712755143403515e-07,5.68092558997195e-07,0.0
0>>1327,RAW_XQUNEING_2,Group,COMMAND,0.001,295,-5.823054187659298e-06,7.832674116305138e-07,9.866485770212118e-07,-1.2144240577353568e-07,9.150861276412472e-07,0.0
0>>1327,RAW_XQUNEING_2,Group,COMMAND,0.001,303,-7.521676969419674e-07,5.459306778345108e-07,1.4298691148207504e-07,-1.852758839073252e-07,9.146693189096208e-07,0.0
0>>1327,RAW_XQUNEING_2,Group,COMMAND,0.001,309,3.340836889683535e-06,-1.195411064786652e-07,-1.501073477214003e-06,-2.701784856224635e-07,8.137335533045867e-07,0.0
0>>1327,RAW_XQUNEING_2,Group,COMMAND,0.001,317,2.5524665716539913e-06,1.0279678690439326e-07,-3.4240897664981895e-06,1.1695571118834017e-07,5.983928362313009e-07,0.0
0>>1327,RAW_XQUNEING_2,Group,COMMAND,0.001,325,2.992459041141742e-06,-4.825466816627206e-07,-2.7720964022523442e-06,-3.490707683776145e-07,3.7835784838838836e-07,0.0
0>>1327,RAW_XQUNEING_2,Group,COMMAND,0.001,333,-1.0381338673903437e-06,-6.410405647332227e-07,-5.095555697222712e-06,5.31824887974779e-07,2.921047073114417e-07,0.0
0>>1327,RAW_XQUNEING_2,Group,COMMAND,0.001,345,-6.705998488280851e-06,5.4827335079226e-07,3.4158471949423397e-07,6.090532932861732e-07,6.4869414356729e-07,0.0
0>>1327,RAW_XQUNEING_2,Group,COMMAND,0.001,353,-2.520613858099114e-06,-2.1757569324768605e-08,4.766025214026845e-06,-2.7981572937071757e-07,9.933837082456466e-07,0.0
0>>1327,RAW_XQUNEING_2,Group,COMMAND,0.001,361,-2.3874008629395926e-06,3.128423276997031e-07,2.7789336585993737e-06,8.530778756061239e-08,1.1887367302532495e-06,0.0
0>>1327,RAW_XQUNEING_2,Group,COMMAND,0.001,371,2.5568213941461887e-07,3.311069522460782e-07,3.169182540853875e-06,-3.659288862455914e-07,1.2733018788516548e-06,0.0
0>>1327,RAW_XQUNEING_2,Group,COMMAND,0.001,379,2.6408995369231816e-06,-2.1796519694390962e-07,2.1611614757434568e-07,-2.6593362226407825e-07,1.160208550665177e-06,0.0
0>>1327,RAW_XQUNEING_2,Group,COMMAND,0.001,389,8.920427027256372e-07,-9.309951523898616e-08,-1.844847099521582e-06,3.1225134525009364e-08,1.0287191863804566e-06,0.0
0>>1327,RAW_XQUNEING_2,Group,COMMAND,0.001,399,-3.647629073788572e-10,-2.3362587878812333e-07,-1.7436291454729289e-06,-3.620197125609641e-07,9.95934091815344e-07,0.0
0>>1327,RAW_XQUNEING_2,Group,COMMAND,0.001,407,-2.1041571560760815e-06,-4.815255546456853e-07,-4.460773082729311e-06,1.928396666661539e-07,1.0677534982757048e-06,0.0
0>>1327,RAW_XQUNEING_2,Group,COMMAND,0.001,415,-5.5652128037224705e-06,2.9206729041026704e-07,-3.1224634855801445e-06,-1.7474005292248264e-07,1.3636844049271478e-06,0.0
0>>1327,RAW_XQUNEING_2,Group,COMMAND,0.001,463,2.521938296379516e-06,-3.7357621011403774e-08,4.074410851892182e-06,-2.0301751257759473e-07,1.362704355579265e-06,0.0
0>>1327,RAW_XQUNEING_2,Group,COMMAND,0.001,471,1.910942831924445e-06,-6.73300747919053e-07,2.7471647818990558e-06,5.00806105542843e-07,1.1850112494732595e-06,0.0
0>>1327,RAW_XQUNEING_2,Group,COMMAND,0.001,479,-4.1339503275639525e-06,-1.3149451534414953e-06,6.240868704416799e-06,-6.712153635094094e-07,1.2485474247634232e-06,0.0
0>>1327,RAW_XQUNEING_2,Group,COMMAND,0.001,487,-1.3042124323114739e-05,1.5952757393954153e-06,8.863926527515856e-07,-4.2091657495081126e-07,1.9374156181813963e-06,0.0
0>>1327,RAW_XQUNEING_2,Group,COMMAND,0.001,495,-4.870475702432875e-08,1.4160520609828725e-06,-2.3677630268774397e-06,-1.7207491503670974e-07,2.4571867263746853e-06,0.0
0>>1327,RAW_XQUNEING_2,Group,COMMAND,0.001,503,1.0291871229816535e-05,-6.462021630141736e-07,-4.190160063323109e-06,-6.594862904201176e-07,2.0538792822453913e-06,0.0
0>>1327,RAW_XQUNEING_2,Group,COMMAND,0.001,511,5.6344805155281045e-06,3.0891672504534604e-07,-8.499314785824497e-06,1.0386075213297645e-06,1.469109616768281e-06,0.0
0>>1327,RAW_XQUNEING_2,Group,COMMAND,0.001,527,-3.4028700630949274e-06,-1.5373344510111794e-06,-7.907119491720044e-06,9.258830020763328e-07,1.2638294708184651e-06,0.0
0>>1327,RAW_XQUNEING_2,Group,COMMAND,0.001,537,-1.1570125153965993e-05,7.329139229382293e-07,-2.4319550637631054e-06,1.3485884068129396e-07,1.2627276459086715e-06,0.0
0>>1327,RAW_XQUNEING_2,Group,COMMAND,0.001,551,-5.455773597002125e-06,1.1390905804589766e-06,6.48353000627655e-07,2.2689467362238536e-07,2.4767197140829894e-06,0.0
0>>1327,RAW_XQUNEING_2,Group,COMMAND,0.001,627,6.368142072259858e-06,-1.9716798858740794e-08,-1.1390323525952567e-06,-2.566017729787977e-08,1.8227201770857563e-06,0.0
0>>1327,RAW_XQUNEING_2,Group,COMMAND,0.001,641,-1.756047108642184e-05,-1.861272840524399e-06,-2.5002068872268662e-06,4.218607054125561e-08,2.858308807603951e-06,0.0
0>>1327,RAW_XQUNEING_2,Group,COMMAND,0.001,651,-6.384457271830981e-06,1.977360511887607e-06,-5.499704224800825e-06,-5.086258580516657e-07,2.856469867972412e-06,0.0
0>>1327,RAW_XQUNEING_2,Group,COMMAND,0.001,667,4.5803726025786876e-06,4.239791138614321e-07,-4.9677019315350675e-06,-5.237517661189689e-07,2.997457824080684e-06,0.0
0>>1327,RAW_XQUNEING_2,Group,COMMAND,0.001,675,1.5379487184209034e-05,1.297161303314521e-06,-1.5528387427364392e-06,4.266412795492507e-07,2.262856818116836e-06,0.0
0>>1327,RAW_XQUNEING_2,Group,COMMAND,0.001,683,2.9613881599222826e-06,-1.703987175753069e-06,-1.7054884110870305e-07,1.2469736793705236e-07,1.5334717531841112e-06,0.0
0>>1327,RAW_XQUNEING_2,Group,COMMAND,0.001,691,-8.232936917059938e-06,-1.6039081996137988e-06,1.0180581746545292e-06,2.957170672682305e-07,1.7302236656217482e-06,0.0
0>>1327,RAW_XQUNEING_2,Group,COMMAND,0.001,699,-7.614672100112949e-06,1.4840008976985293e-07,5.262155715183604e-06,4.992139624588037e-07,2.3471019431936697e-06,0.0
0>>1327,RAW_XQUNEING_2,Group,COMMAND,0.001,709,-1.7216366627464952e-05,-1.2535583697101654e-06,1.9001552034164084e-06,-4.4352921178434854e-07,3.251740883936788e-06,0.0
0>>1327,RAW_XQUNEING_2,Group,COMMAND,0.001,717,-1.3190422495576448e-06,2.085810013406343e-06,9.352551073003867e-07,-1.3697457912646618e-07,3.990832287986714e-06,0.0
0>>1327,RAW_XQUNEING_2,Group,COMMAND,0.001,725,1.467547932720685e-05,1.799986886226305e-06,-1.1588681596372968e-06,-7.386511848949794e-08,3.4709881173016236e-06,0.0
0>>1327,RAW_XQUNEING_2,Group,COMMAND,0.001,737,8.811487377800072e-06,-6.631954690007168e-07,-4.00873480460931e-06,-2.7799510446174704e-07,2.6139717505878172e-06,0.0
0>>1327,RAW_XQUNEING_2,Group,COMMAND,0.001,743,1.0862117012701983e-05,2.932779089839712e-07,-2.7814701530513505e-06,1.1599297640007417e-07,1.8882499499135426e-06,0.0
0>>1327,RAW_XQUNEING_2,Group,COMMAND,0.001,753,2.427319111875971e-06,-1.5266785705295312e-06,-4.720729831131018e-06,-3.3610132664746266e-07,1.8891202913643617e-06,0.0
0>>1327,RAW_XQUNEING_2,Group,COMMAND,0.001,761,-8.207375316914359e-06,-1.3805948931414113e-06,-1.928925455479827e-06,3.185644431217107e-07,2.097519838224174e-06,0.0
0>>1327,RAW_XQUNEING_2,Group,COMMAND,0.001,769,-9.412706759371389e-06,-8.642846814209577e-08,-1.485567456647064e-06,2.6152007507251537e-08,2.7747907836253604e-06,0.0
0>>1327,RAW_XQUNEING_2,Group,COMMAND,0.001,777,-2.003209788564546e-05,-1.318916688998516e-06,2.4166566848799614e-07,1.6103693405893418e-07,3.852084814239551e-06,0.0
0>>1327,RAW_XQUNEING_2,Group,COMMAND,0.001,787,-9.89043503129769e-08,2.1913853886103946e-06,2.2338617925929394e-06,3.041048925807484e-07,4.7465995084623215e-06,0.0
0>>1327,RAW_XQUNEING_2,Group,COMMAND,0.001,797,1.9308411968897363e-05,2.1105365101929804e-06,1.525264563143145e-06,-1.9307132509503028e-07,4.043124540459991e-06,0.0
0>>1327,RAW_XQUNEING_2,Group,COMMAND,0.001,805,7.051213445432875e-06,-1.6943629604015357e-06,2.1602531627678417e-06,6.631185775181694e-08,3.000725258631978e-06,0.0
0>>1327,RAW_XQUNEING_2,Group,COMMAND,0.001,815,3.2668368971349587e-06,-4.6916109666390697e-07,-7.280257890681166e-07,-4.808800667711085e-07,2.627184072503605e-06,0.0
0>>1327,RAW_XQUNEING_2,Group,COMMAND,0.001,823,-5.309958676534207e-06,-1.1210859173095946e-06,-6.088553004433492e-06,-6.038032963158121e-07,2.6982251254402964e-06,0.0
0>>1327,RAW_XQUNEING_2,Group,COMMAND,0.001,831,-2.328858411464966e-05,-2.2743817728727676e-06,-1.665237797155751e-06,5.870049653875029e-07,3.7552591509822293e-06,0.0
0>>1327,RAW_XQUNEING_2,Group,COMMAND,0.001,841,-2.5315266781716222e-06,2.1078560678584185e-06,1.5833234651759648e-06,3.5630862507424893e-07,4.942186462765524e-06,0.0
0>>1327,RAW_XQUNEING_2,Group,COMMAND,0.001,849,1.2394958058634803e-05,1.530080364763476e-06,2.308520608939983e-06,-1.8295310476009255e-07,4.561345065423757e-06,0.0
0>>1327,RAW_XQUNEING_2,Group,COMMAND,0.001,857,4.958061865256193e-06,-1.0908335716913048e-06,4.410844519058682e-06,3.5208495620137493e-07,3.874131238468942e-06,0.0
0>>1327,RAW_XQUNEING_2,Group,COMMAND,0.001,865,1.0682647852248983e-06,-5.210640627198275e-07,2.3928480547908207e-06,-2.091747777050422e-07,3.6565126792825926e-06,0.0
0>>1327,RAW_XQUNEING_2,Group,COMMAND,0.001,871,-4.374576425820835e-06,-6.488684269252178e-07,3.878778331780231e-06,2.136731008464286e-07,3.778664815697356e-06,0.0
0>>1327,RAW_XQUNEING_2,Group,COMMAND,0.001,885,-1.5133637313365783e-05,-1.9097654995229533e-06,1.4189684041480966e-08,-7.11051079656049e-07,3.7750326935064547e-06,0.0
0>>1327,RAW_XQUNEING_2,Group,COMMAND,0.001,893,-6.196904033618561e-06,1.2067931750745723e-06,-6.195577757642581e-06,-7.314784124549598e-07,4.6116420746706265e-06,0.0
0>>1327,RAW_XQUNEING_2,Group,COMMAND,0.001,901,-5.40653610444676e-06,-2.1486898564115724e-07,-2.3749188961719094e-06,5.661806367978587e-07,5.029425253233488e-06,0.0
0>>1327,RAW_XQUNEING_2,Group,COMMAND,0.001,907,1.1323070986694536e-06,8.441797769853524e-07,-1.143052593766472e-06,1.322133106392443e-07,5.204897534944342e-06,0.0
0>>1327,RAW_XQUNEING_2,Group,COMMAND,0.001,924,1.1471932965861562e-05,9.435726560510995e-07,1.6371411600511754e-06,1.321644145146344e-07,4.352175163443647e-06,0.0
0>>1327,RAW_XQUNEING_2,Group,COMMAND,0.001,942,4.2433745108065015e-06,-1.203592448037645e-06,4.5812579058026465e-06,4.587207786202214e-07,4.350202291870508e-06,0.0
0>>1327,RAW_XQUNEING_2,Group,COMMAND,0.001,948,-8.33544719792273e-07,-6.534773081272489e-07,2.439359454774019e-06,-2.1993630378827796e-07,4.168516852282467e-06,0.0
0>>1327,RAW_XQUNEING_2,Group,COMMAND,0.001,960,-5.3952012843742035e-06,-4.412090850953792e-07,4.821563468306641e-06,2.339689369132978e-07,4.436581622479369e-06,0.0
0>>1327,RAW_XQUNEING_2,Group,COMMAND,0.001,1177,1.1502170346820023e-06,-8.381723534092896e-07,-1.1306221888758442e-06,1.5827093796791022e-07,5.09715949304065e-06,2.6840517642116e-08
0>>1237,V13W,Overlay,VKICK,1e-06,238,-7.800617790598707e-09,-8.896051760911086e-05,0.13597247650325336,0.9999229530513692,3.24846864360219e-05,0.0
0>>1237,V13W,Overlay,VKICK,1e-06,1177,0.33381415607853115,0.037921362501741954,3.730093139351517,4.049783531282392,-0.20498220693019611,-0.0016224647547913524
0>>1215,SK_Q14W,Overlay,K1,1e-05,254,-1.7937011403089398e-05,-0.00012677589129037655,-0.00011619591142129208,-0.0008415108133160309,-2.250589580150841e-08,0.0
0>>1215,SK_Q14W,Overlay,K1,1e-05,1177,-0.001965120570554448,6.971226308889743e-06,-4.76142936168232e-05,-0.0017632201851358607,0.0002604864137947414,1.6946140359561967e-06
0>>1238,H14W,Overlay,HKICK,1e-06,256,3.2837390336407375,0.9995262362580828,-1.6885204226577827e-05,-8.320675501686733e-06,-0.12174281495666074,0.0
0>>1238,H14W,Overlay,HKICK,1e-06,1177,10.872859531168775,0.08775110377283414,-0.11749005190218724,-0.02351633801909005,-0.8211175672632955,-0.004608895542434501
0>>1239,V15W,Overlay,VKICK,1e-06,273,2.236356716131538e-09,5.596142687159904e-05,0.13597246970926308,1.0000228904204016,6.394147499888883e-06,0.0
0>>1239,V15W,Overlay,VKICK,1e-06,1177,0.13478781436110626,0.03998588486117975,-4.371732465277819,2.72572442381637,-0.1666578436901507,-0.0014644088733523422
0>>1240,H16W,Overlay,HKICK,1e-06,275,1.642404578607211,0.49988027313107664,-1.8903572283901493e-06,-6.867904235228171e-06,-0.040401384659592615,0.0
0>>1240,H16W,Overlay,HKICK,1e-06,283,4.531455551170735,0.6306257404526164,-0.0076202755503254616,-0.0010658758296550747,-0.2659080299836133,0.0
0>>1240,H16W,Overlay,HKICK,1e-06,1177,0.2012404482053124,1.0529198692764832,0.056707136206226555,-0.0026508182763098666,-0.3934316237174068,-0.002359770748095835
0>>1241,V17W,Overlay,VKICK,1e-06,287,4.954749718150131e-09,0.00017857073297529533,0.13597249424860716,1.0000418390682586,-5.4481484807519104e-05,0.0
0>>1241,V17W,Overlay,VKICK,1e-06,1177,0.016153460471253663,0.036681216907072815,-10.91552992872872,0.5560359278720863,-0.08219109297877888,-0.0008798696149111846
0>>1242,H18W,Overlay,HKICK,1e-06,291,3.2849011109617794,0.9997581877804775,3.2930733877625795e-05,-6.4786346860162825e-06,-0.08224376406887032,0.0
0>>1242,H18W,Overlay,HKICK,1e-06,1177,-11.395562558100888,-0.7041759959724331,-0.0008731578472000222,0.0371926646537484,-1.0466088511880434,-0.004992262431219438
0>>1216,SK_Q18W,Overlay,K1,1e-05,295,1.0111279397651538e-05,6.246588805567353e-05,1.031231765019798e-06,3.2215786299489425e-06,-1.5240304677976988e-09,0.0
0>>1216,SK_Q18W,Overlay,K1,1e-05,1177,-0.0010172250274097586,-8.405774095982149e-05,-5.749575875081333e-06,1.071023624605802e-06,-0.00010111353298159104,-4.797583147810383e-07
0>>1243,V19W,Overlay,VKICK,1e-06,303,-8.33371999880983e-10,-5.245475557277661e-05,0.1359724657833128,0.999973413208923,3.1589844672400003e-06,0.0
0>>1243,V19W,Overlay,VKICK,1e-06,1177,-0.45352325236762675,-0.050310007544023594,6.908443311061115,-2.5147388852280232,0.15332742468374388,0.0014532349628683904
0>>1244,H20W,Overlay,HKICK,1e-06,305,1.642538389794385,0.49988920066012144,-1.0018188535687589e-06,8.928850507675416e-06,-0.04140951226748869,0.0
0>>1244,H20W,Overlay,HKICK,1e-06,313,4.855134305175929,0.6721335438007157,0.008468151843805949,0.0011852045180785892,-0.27968152709414734,0.0
0>>1244,H20W,Overlay,HKICK,1e-06,1177,1.1873805972988354,-0.8807397010140149,-0.2181417679647486,0.014324721160175,-0.8617908567424302,-0.00430614000413007
0>>1217,SK_Q20W,Overlay,K1,1e-05,309,-6.108288555951163e-05,-0.0004587168269472481,-0.00010525576516059661,-0.000765635611006221,1.2903352973776814e-08,0.0
0>>1217,SK_Q20W,Overlay,K1,1e-05,1177,-0.0007494020266862223,0.0006162274351060627,-0.004145656329951807,0.0005702941649249251,0.0004808577852956699,2.1405586084579688e-06
0>>1245,V21W,Overlay,VKICK,1e-06,317,2.2445153374794913e-09,-0.00024607471945249215,0.13597247264761358,0.9999267394109008,3.210915119401282e-05,0.0
0>>1245,V21W,Overlay,VKICK,1e-06,1177,0.1865559251175734,-0.018869427374345465,10.858302081962917,-0.09878910620531728,0.06414943443290447,0.0006999755015793096
0>>1246,H22W,Overlay,HKICK,1e-06,321,1.6424963581729832,0.49988910649723733,-9.766736573137147e-06,1.0340185820209222e-05,-0.040857026032612966,0.0
0>>1246,H22W,Overlay,HKICK,1e-06,329,4.6257656227349875,0.6426217639011599,0.018243063086217925,0.0025301018069981526,-0.269408078731187,0.0
0>>1246,H22W,Overlay,HKICK,1e-06,1177,10.18680329928042,0.8661296487526456,-0.10321294532598653,-0.02965707957913819,-0.7433045459031337,-0.004400957481120104
0>>1218,SK_Q22W,Overlay,K1,1e-05,325,-6.452426714947338e-05,-0.00047817684616883056,-1.8159084761056044e-05,-0.00012760064911629464,-8.670096433328889e-09,0.0
0>>1218,SK_Q22W,Overlay,K1,1e-05,1177,-0.007619841637773304,-0.0006455983041350408,-0.000532832134000189,-7.575850158791572e-05,0.0004931094091051042,2.9580944193707127e-06
0>>1247,V23W,Overlay,VKICK,1e-06,333,1.0101728481481942e-08,-0.0001652164714988167,0.13597248213698468,1.000062526323119,3.876643849139681e-05,0.0
0>>1247,V23W,Overlay,VKICK,1e-06,1177,0.19957336092307332,0.027402019415524465,5.639354532537555,2.4746067154430533,-0.05224175476250897,-0.0005024750185839187
0>>1248,H24W,Overlay,HKICK,1e-06,341,1.6423779213919303,0.499874575516496,-1.1528351434282949e-05,-1.4659138161156327e-06,-0.040545752137173416,0.0
0>>1248,H24W,Overlay,HKICK,1e-06,349,4.573844807979769,0.6362201327353488,-0.005571147081856465,-0.0007786930938382883,-0.26829794838042303,0.0
0>>1248,H24W,Overlay,HKICK,1e-06,1177,-9.12332925590302,0.347835926132556,0.1110156020590593,-0.00956286317027686,-0.9557252059974337,-0.004860369112172011
0>>1219,SK_Q24W,Overlay,K1,1e-05,345,1.9154216255624912e-05,0.00015427662593888326,0.00011754313028553702,0.0008493917650123898,3.488232380895184e-08,0.0
0>>1219,SK_Q24W,Overlay,K1,1e-05,1177,-0.002174535322348268,9.12703537856059e-05,-0.001955655236539279,0.0008093192094954775,-0.0002448506499576385,-1.4436669606076797e-06
0>>1249,V25W,Overlay,VKICK,1e-06,353,1.4272789764305238e-08,0.00010022062203025005,0.13597248566541223,0.9999904779345423,-3.370134753948387e-05,0.0
0>>1249,V25W,Overlay,VKICK,1e-06,1177,0.05762209169513609,0.0007348845083355628,-10.535776083499217,1.0969012865075212,-0.0694575755431589,-0.0008786573835596438
0>>1250,H26W,Overlay,HKICK,1e-06,357,1.6425397799234993,0.4998863944508363,1.0374559067730105e-05,-8.126916430399242e-06,-0.04167014988103115,0.0
0>>1250,H26W,Overlay,HKICK,1e-06,367,4.590433420841489,0.6340160019329408,-0.007001856003200149,-0.0009463801436376926,-0.2695393869087614,0.0
0>>1250,H26W,Overlay,HKICK,1e-06,1177,-0.12117418784183838,-1.123384249934723,-0.13062755512375254,0.008252699001715276,-0.6907780013525456,-0.0033043007506875725
0>>1220,SK_Q26W,Overlay,K1,1e-05,361,4.8863195954707e-05,0.0003599719396423905,-0.00012801797146227284,-0.0009322754468541586,1.019145434277141e-08,0.0
0>>1220,SK_Q26W,Overlay,K1,1e-05,1177,-4.054562604714415e-05,-0.0006387698795091729,0.003403895260084945,0.0004355727247146775,-0.00035256640684732694,-1.626623672996291e-06
0>>1251,V27W,Overlay,VKICK,1e-06,371,-2.2410458905275377e-10,7.314976956766941e-05,0.13597246948380323,0.9999188328989892,-2.781931016928793e-05,0.0
0>>1251,V27W,Overlay,VKICK,1e-06,1177,-0.31008415357993996,-0.03894440918800766,-2.5849037524838345,-2.4160280066692343,0.062353923710895556,0.0006499945182921818
0>>1252,H28W,Overlay,HKICK,1e-06,375,1.6425215280969083,0.49989173146953647,8.423157557189108e-06,7.624573986498434e-07,-0.0409636737372371,0.0
0>>1252,H28W,Overlay,HKICK,1e-06,385,4.76897676156431,0.6565200985545578,0.001205369490418079,0.0001686284561422044,-0.276506847852685,0.0
0>>1252,H28W,Overlay,HKICK,1e-06,1177,8.955815219064833,0.4507362371529867,-0.08328015238911309,0.002437764174279943,-0.8194365181576598,-0.004655249053240164
0>>1253,V29W,Overlay,VKICK,1e-06,389,4.829470157119431e-09,-0.0001337347431417963,0.1359724714586775,1.0000533728934367,1.3702383256091345e-05,0.0
0>>1253,V29W,Overlay,VKICK,1e-06,1177,-0.0953809111605558,-0.026583614463969018,8.579738608570763,-2.60632560646686,0.09975833389935146,0.0012248482227658706
0>>1254,H30W,Overlay,HKICK,1e-06,395,1.642369500757298,0.49987499374902905,-4.062038466007278e-06,8.179038968726769e-06,-0.040395339104314434,0.0
0>>1254,H30W,Overlay,HKICK,1e-06,403,4.951002445090571,0.6793766845899987,0.00036189745362784353,6.243526064263292e-05,-0.2856473105168351,0.0
0>>1254,H30W,Overlay,HKICK,1e-06,1177,-4.450979314238779,1.0849737796260994,0.08621386712546478,-0.00046447247301550573,-1.2718357715322042,-0.006847470687430042
0>>1255,V31W,Overlay,VKICK,1e-06,407,-4.3519333102481905e-09,-0.00011941959918225324,0.13597246855128095,1.000044461681228,1.9803137265867604e-05,0.0
0>>1255,V31W,Overlay,VKICK,1e-06,1177,0.1721651912016441,-0.014118840000723522,6.83281718184062,1.3973870997386435,0.014296283584394479,6.924716674367153e-05
0>>1256,H32W,Overlay,HKICK,1e-06,411,1.6424639621839343,0.4998787072733765,-6.017504745360613e-06,8.450308595225886e-06,-0.041335346648367334,0.0
0>>1256,H32W,Overlay,HKICK,1e-06,419,5.538564995143905,0.753024942203655,0.0034850872653252943,0.0004785914195262991,-0.3120159094453985,0.0
0>>1256,H32W,Overlay,HKICK,1e-06,1177,-6.896792886279145,-0.8958210366676327,-0.11807646466268719,0.013204967892364514,-1.0728803422893478,-0.005193214135335239
0>>1221,SK_Q32W,Overlay,K1,1e-05,415,-5.3088968654134074e-05,-0.000392113761203466,-3.0437142454868556e-05,-0.0002287606612094066,8.416824095330844e-09,0.0
0>>1221,SK_Q32W,Overlay,K1,1e-05,1177,0.0035629550660743257,0.00046637988196309045,-0.0006610670615176339,-0.0004458569613171887,0.0005201181943958414,2.5502646530477756e-06
0>>1257,V33W,Overlay,VKICK,1e-06,423,-1.0347842374636151e-08,-1.8652159325524206e-05,0.1359724792986518,0.9999755194579869,2.553783470500906e-05,0.0
0>>1257,V33W,Overlay,VKICK,1e-06,1177,0.54863069784525,-0.0038795547970980546,2.5864044505033807,4.074778496524151,-0.02935444636743465,-0.0007370919334826398
0>>1222,SK_Q34W,Overlay,K1,1e-05,433,-2.4074837913154453e-05,-0.00017423578816441306,-0.00015782729979158493,-0.0011499153350810992,-1.9095681524743113e-08,0.0
0>>1222,SK_Q34W,Overlay,K1,1e-05,1177,-0.0002901958728548405,0.00038507552899938626,-0.00016520537374225966,-0.003168616285689372,0.0003169386396693419,2.061676092975258e-06
0>>1258,H34W,Overlay,HKICK,1e-06,435,3.285170660099557,0.9998135298452504,-6.176800065350874e-06,1.242317711105511e-06,-0.08099049047037664,0.0
0>>1258,H34W,Overlay,HKICK,1e-06,1177,1.1008282661118105,-1.5090796474901704,-0.20751529801156998,-0.007635750749084621,-1.1750722781346372,-0.005764091648809751
0>>1259,V35W,Overlay,VKICK,1e-06,439,5.863365348801608e-10,-2.2893926338030113e-07,0.1359724625655888,0.9999769104915426,1.1446583359441508e-05,0.0
0>>1259,V35W,Overlay,VKICK,1e-06,1177,0.5533189506836063,0.011441688259545332,-2.4561257221568114,3.9984305465484575,-0.049040245013551746,-0.0009938738747332322
0>>1260,H36W,Overlay,HKICK,1e-06,443,1.6425372141320616,0.4998949295699403,-3.4384634896300614e-06,-3.361548317265192e-06,-0.04089311512502229,0.0
0>>1260,H36W,Overlay,HKICK,1e-06,459,4.747960202482183,0.48941411026046144,-0.003921121923249754,-0.0005583305072751977,-0.3161452917432074,0.0
0>>1260,H36W,Overlay,HKICK,1e-06,1177,7.256822189601747,0.1687018855025071,0.01621543021179065,-0.020922771273932782,-0.9250665335197508,-0.005077905520451732
0>>1328,RAW_BETASING_6,Group,COMMAND,0.001,461,2.6887334285017814e-06,9.463329526254727e-06,-1.0248324226356728e-05,-3.397441352503787e-05,1.1807805184597996e-09,0.0
0>>1328,RAW_BETASING_6,Group,COMMAND,0.001,469,7.395218158939149e-05,-1.1148827539576899e-05,-0.00030419578749105343,-8.629981396343601e-05,-3.073905002729687e-06,0.0
0>>1328,RAW_BETASING_6,Group,COMMAND,0.001,477,-1.8231986284361536e-05,-1.5687493197251066e-05,-0.0009731277509838696,9.100575206708603e-05,-5.133034350378925e-06,0.0
0>>1328,RAW_BETASING_6,Group,COMMAND,0.001,485,-0.0001479036367220193,1.2836320606991161e-05,-0.0002455028328382828,3.518164297898734e-05,1.2952988262602931e-06,0.0
0>>1328,RAW_BETASING_6,Group,COMMAND,0.001,493,-4.889885148325838e-05,-8.452024869267175e-06,4.9449046448692136e-05,5.44244516687551e-05,8.287008273691462e-06,0.0
0>>1328,RAW_BETASING_6,Group,COMMAND,0.001,501,-0.0001134047656475845,1.2096235583899896e-05,0.000522990445195673,0.00014657373807462257,1.4652060983455436e-05,0.0
0>>1328,RAW_BETASING_6,Group,COMMAND,0.001,509,-7.567308080424226e-06,1.5849232201940906e-05,0.001615924101519648,-0.00023092361720321612,1.8827618952772893e-05,0.0
0>>1328,RAW_BETASING_6,Group,COMMAND,0.001,521,2.8674937027932043e-05,5.276704444267047e-06,0.0009448321861736057,-9.972050210214044e-06,1.850682373820932e-05,0.0
0>>1328,RAW_BETASING_6,Group,COMMAND,0.001,525,8.166433741285499e-05,4.609351373198803e-05,0.0008484580781840164,-6.027123769996668e-05,1.309041634702844e-05,0.0
0>>1328,RAW_BETASING_6,Group,COMMAND,0.001,535,0.00034060452967733454,-3.77617998847436e-05,0.0005004210775021427,4.43035564373531e-05,1.3046865757163371e-05,0.0
0>>1328,RAW_BETASING_6,Group,COMMAND,0.001,541,3.763660251081833e-05,-3.104817821749208e-05,0.0008237844949074598,-7.005326724677835e-05,-7.75949086706312e-06,0.0
0>>1328,RAW_BETASING_6,Group,COMMAND,0.001,549,-0.0001232838376349129,1.1969657326855185e-05,0.0004657707821611361,4.553773236672196e-05,-5.713609868229449e-06,0.0
0>>1328,RAW_BETASING_6,Group,COMMAND,0.001,557,-4.783997967596539e-05,1.0521074495165451e-05,0.0007188248489532756,-9.218871675873049e-05,2.184258677088728e-06,0.0
0>>1328,RAW_BETASING_6,Group,COMMAND,0.001,569,2.4663275452734695e-05,-2.2966772605893457e-06,5.329571598486956e-05,-8.095343433101032e-05,2.8994593378020887e-06,0.0
0>>1328,RAW_BETASING_6,Group,COMMAND,0.001,1177,-7.179105260789187e-06,-1.8396057156430147e-06,0.0002384493635691347,2.156269582445679e-05,3.773222130793244e-06,2.4647674024924453e-08
0>>1330,RAW_BETASING_8,Group,COMMAND,0.001,461,1.4068258245088401e-06,4.95149731920318e-06,-5.3622300471428685e-06,-1.7776430274860826e-05,6.178197178434734e-10,0.0
0>>1330,RAW_BETASING_8,Group,COMMAND,0.001,469,3.8934901164244806e-05,-5.037774384122635e-06,-0.00015926090154191712,-4.547950609900186e-05,-1.608388751800664e-06,0.0
0>>1330,RAW_BETASING_8,Group,COMMAND,0.001,477,-1.9308742885831842e-06,-5.206132445731795e-06,-0.000512780465312208,4.473837354209255e-05,-2.9675951018109156e-06,0.0
0>>1330,RAW_BETASING_8,Group,COMMAND,0.001,485,-4.672229220149208e-05,4.843156449548121e-06,-0.00015720176270550665,1.0004152853376096e-05,-1.101941397233918e-06,0.0
0>>1330,RAW_BETASING_8,Group,COMMAND,0.001,493,-1.5046773560304684e-05,-2.2436391931225023e-05,-5.837661651904996e-05,6.457518696457716e-05,8.636657873383824e-07,0.0
0>>1330,RAW_BETASING_8,Group,COMMAND,0.001,501,-0.000187644381379002,1.3348427088818136e-05,0.0004973582268637733,0.00015088519790795165,8.994402724477507e-06,0.0
0>>1330,RAW_BETASING_8,Group,COMMAND,0.001,509,-7.557541798354061e-05,1.314287729619083e-06,0.001636308523412719,-0.00018895225531434783,1.8303533626027972e-05,0.0
0>>1330,RAW_BETASING_8,Group,COMMAND,0.001,521,-7.907950556575649e-05,1.3766827555489105e-05,0.0011060323350398776,5.4168027347660866e-05,1.8034207170264393e-05,0.0
0>>1330,RAW_BETASING_8,Group,COMMAND,0.001,525,3.289716299283846e-05,2.920665335902589e-05,0.0014694114819668088,-0.0001299709135831723,2.1086558949226037e-05,0.0
0>>1330,RAW_BETASING_8,Group,COMMAND,0.001,535,0.00019187551040080256,-1.227561185679544e-05,0.0006974222711087288,2.3608520228899288e-05,2.084062334811821e-05,0.0
0>>1330,RAW_BETASING_8,Group,COMMAND,0.001,541,0.00010100741083742416,3.7765270793389816e-06,0.000849110781923028,-8.316440514960196e-05,4.786587400881304e-06,0.0
0>>1330,RAW_BETASING_8,Group,COMMAND,0.001,549,0.00011451801775093362,-2.140023639367458e-05,0.000413913880154763,1.9172800132385504e-05,5.119040729636504e-07,0.0
0>>1330,RAW_BETASING_8,Group,COMMAND,0.001,557,-2.0289409437160115e-05,-8.866427413421014e-06,0.0005147572356028508,-6.561882845540468e-05,-3.599041517489559e-06,0.0
0>>1330,RAW_BETASING_8,Group,COMMAND,0.001,569,-8.101982815222376e-05,3.199206505640666e-06,4.156196876893212e-05,-5.5870675596736614e-05,-2.735791023034123e-06,0.0
0>>1330,RAW_BETASING_8,Group,COMMAND,0.001,607,-0.0001354841323481003,6.653622036743422e-06,-0.00024457093366221086,-4.047374757484021e-05,-2.721205300169568e-06,0.0
0>>1330,RAW_BETASING_8,Group,COMMAND,0.001,621,-9.016672011978653e-05,-1.3465554940804729e-05,-0.0005280784792433598,5.348059212444047e-05,-4.5725012627140585e-07,0.0
0>>1330,RAW_BETASING_8,Group,COMMAND,0.001,629,-0.00015184603033985278,2.06470801397587e-05,-0.00025974584531461217,-1.1697701840539861e-05,1.0368986861432382e-05,0.0
0>>1330,RAW_BETASING_8,Group,COMMAND,0.001,637,-2.5194306123722376e-05,2.606616525825233e-05,-0.00031223996771229286,4.8041601909088946e-05,1.4108284458131727e-05,0.0
0>>1330,RAW_BETASING_8,Group,COMMAND,0.001,643,0.00017761245110428517,-1.2549223431205657e-05,8.869497210566447e-05,6.288904150611766e-05,6.82050066804548e-06,0.0
0>>1330,RAW_BETASING_8,Group,COMMAND,0.001,653,0.00010073896578808575,-3.5089613573189953e-06,0.0004708205915524184,6.713599844491178e-06,6.81988571170388e-06,0.0
0>>1330,RAW_BETASING_8,Group,COMMAND,0.001,657,6.908560907701276e-05,-1.6424149644722304e-05,0.0005571384574163372,0.0001274909760665187,-3.100471785342832e-06,0.0
0>>1330,RAW_BETASING_8,Group,COMMAND,0.001,669,1.8747063270144713e-05,-9.790790210691125e-06,0.0009105075449008774,-4.991589582284666e-05,-3.0931554228488724e-06,0.0
0>>1330,RAW_BETASING_8,Group,COMMAND,0.001,677,-5.88947736745787e-05,-7.761529019316427e-07,0.0005292625864530506,4.8761216363458646e-05,-1.998265454649273e-06,0.0
0>>1330,RAW_BETASING_8,Group,COMMAND,0.001,685,-6.511691817224011e-05,-3.3315839918649295e-06,0.0008835692989372273,-0.00010016029107764112,2.667921717735048e-06,0.0
0>>1330,RAW_BETASING_8,Group,COMMAND,0.001,693,-8.671180880726222e-05,1.5186219142203665e-05,6.66493187259122e-05,-8.162227866224839e-05,8.473620639679307e-06,0.0
0>>1330,RAW_BETASING_8,Group,COMMAND,0.001,701,3.4660399679271175e-05,6.3927936776425175e-06,-0.0005623589215998648,5.389201800983922e-05,1.094339661129992e-05,0.0
0>>1330,RAW_BETASING_8,Group,COMMAND,0.001,711,8.404550815087168e-05,-8.049535060234607e-06,-0.00011473033588769261,2.9643966269180433e-05,6.597769787350079e-06,0.0
0>>1330,RAW_BETASING_8,Group,COMMAND,0.001,719,2.115008767471574e-05,2.804064788361222e-06,0.00012079870566556253,3.4870635102444156e-06,2.3337313572149333e-06,0.0
0>>1330,RAW_BETASING_8,Group,COMMAND,0.001,1177,-2.8882625110158988e-05,-1.9745134118768874e-06,6.170051845475182e-05,-3.7860981565651045e-05,1.6622331812854094e-06,1.805756659110057e-08
0>>1261,V37W,Overlay,VKICK,1e-06,463,-7.716050021144838e-09,4.230341611407597e-05,0.13597247540669127,1.0000155925088758,-2.011986142300907e-05,0.0
0>>1261,V37W,Overlay,VKICK,1e-06,1177,0.12416329593742827,0.02452433878874895,-8.365127959634783,0.8446341217387414,-0.041568811848881386,-0.0006310815482116119
0>>1262,H38W,Overlay,HKICK,1e-06,467,1.6423780291260643,0.4998768524745235,5.9886887116000764e-06,-8.521545340027525e-06,-0.040345424973204314,0.0
0>>1262,H38W,Overlay,HKICK,1e-06,475,4.698231583526852,0.6479114661960798,-0.011711080900389872,-0.0015791817258969509,-0.27439245976323273,0.0
0>>1262,H38W,Overlay,HKICK,1e-06,1177,-1.4980135478796743,1.1891819912696209,0.1549762695623422,0.008143027838125854,-0.6813588919171504,-0.0038603718169154255
0>>1263,V39W,Overlay,VKICK,1e-06,479,8.875983715378455e-09,8.881390510995148e-05,0.13597248219466423,1.0000254259890025,-4.035308285438299e-05,0.0
0>>1263,V39W,Overlay,VKICK,1e-06,1177,-0.32749102582259415,0.014359632156469345,-5.484072657922272,-2.7364170947009363,0.010137224998801398,0.0003204688072799399
0>>1264,H40W,Overlay,HKICK,1e-06,483,1.6424741511754035,0.4998802423145408,1.2270287542102964e-05,-1.2825953406986335e-06,-0.04133618999584035,0.0
0>>1264,H40W,Overlay,HKICK,1e-06,491,4.36985755471837,0.609648093637178,4.212220286112234e-05,9.929605667433408e-06,-0.2593929848708807,0.0
0>>1264,H40W,Overlay,HKICK,1e-06,1177,-7.149839639468002,-0.9232676075507612,-0.1217379113969383,0.013105000393784198,-0.7988830408497939,-0.003743936041207931
0>>1265,V41W,Overlay,VKICK,1e-06,495,-1.1667099578116513e-09,-0.00014279155157272735,0.1359724644046413,0.999908971586993,5.431031424823866e-06,0.0
0>>1265,V41W,Overlay,VKICK,1e-06,1177,-0.3700795952442122,-0.036324145024756865,7.52910814763847,-1.481630909928801,0.043622001584731805,0.0007268708609591305
0>>1266,H42W,Overlay,HKICK,1e-06,499,1.6425496988580965,0.49989185574193723,-1.7415949325055857e-06,1.0584063688684215e-05,-0.04132852410108624,0.0
0>>1266,H42W,Overlay,HKICK,1e-06,507,4.692084911570114,0.6510428789259189,0.014146674111228247,0.0019710029404765555,-0.27232490920513824,0.0
0>>1266,H42W,Overlay,HKICK,1e-06,1177,9.202382407806523,-0.1352721294244747,-0.11626981366290465,-0.025964398823509222,-0.7160928249884435,-0.003952090539945325
0>>1267,V43W,Overlay,VKICK,1e-06,511,1.7662873117232913e-08,-0.00017748952508460716,0.1359725194318047,0.9999911091956447,7.00749748822776e-05,0.0
0>>1267,V43W,Overlay,VKICK,1e-06,1177,-0.00604337488851938,-0.016585093150884526,11.843858792895238,1.207096219585607,0.045777016023385846,0.0004304338924133663
0>>1268,H44W,Overlay,HKICK,1e-06,523,3.283414955659544,0.9994655725054834,1.5977773357850333e-05,6.350996806367068e-05,-0.12239998825742374,0.0
0>>1268,H44W,Overlay,HKICK,1e-06,1177,1.5731882536058939,0.7905675848579901,0.02109765529485319,0.00029142113808916514,-0.6256411814347437,-0.003539570750160561
0>>1223,SK_Q44W,Overlay,K1,1e-05,527,-0.0001346135471863054,-0.000975354941249091,6.239941716546654e-05,0.00047216610573914004,-2.3039604824122945e-08,0.0
0>>1223,SK_Q44W,Overlay,K1,1e-05,1177,0.004410000663734523,-0.0006026975747251348,0.004492048064335535,0.0010562439114211557,0.0005804943363561625,3.0694212416974144e-06
0>>1270,V45W,Overlay,VKICK,1e-06,537,-6.9306539673963385e-09,3.7091567501885275e-05,0.1359724771421737,0.9998916129170784,1.55302303135596e-05,0.0
0>>1270,V45W,Overlay,VKICK,1e-06,1177,0.0654377712391201,-0.017579436695019327,2.826198033080009,1.4060048169386976,0.02002448744033115,-2.6681323654371286e-05
0>>1269,H46W,Overlay,HKICK,1e-06,539,3.2833306669481708,0.9994190103142199,-1.4410225156148357e-05,6.591213868917169e-06,-0.1243615718205535,0.0
0>>1269,H46W,Overlay,HKICK,1e-06,1177,-9.426533238882508,0.19438687765894244,-0.12326198358194891,-0.0071031371083932725,-0.5662766295792365,-0.0027774606183494834
0>>1273,V47W,Overlay,VKICK,1e-06,551,5.534418409669506e-09,-5.114235407778847e-05,0.13597248057801037,1.000165587425523,4.08257288381491e-05,0.0
0>>1273,V47W,Overlay,VKICK,1e-06,1177,0.10997825696499892,-0.023765529948225738,-3.1229560889741603,1.470192406697235,0.004943501236023915,-0.0003058886967777664
0>>1271,H47AW,Overlay,HKICK,1e-06,553,1.5873771591933592,0.9986782715881661,-1.4485111894668723e-05,-5.963372243927845e-05,-0.048094991449960156,0.0
0>>1271,H47AW,Overlay,HKICK,1e-06,1177,2.773249128254561,-0.834036060460403,-0.004204196400587582,-0.00626801055611699,-0.3319408423555013,-0.001575409558354974
0>>1272,H48W,Overlay,HKICK,1e-06,559,0.6425414271205021,0.66059092858628,6.132405781095196e-07,0.0,-0.003117288205345403,0.0
0>>1272,H48W,Overlay,HKICK,1e-06,561,1.4723515556547881,1.0000497884925128,2.093808633418792e-06,-1.2506202494498402e-05,-0.010633189217792034,0.0
0>>1272,H48W,Overlay,HKICK,1e-06,1177,8.596614265473594,-0.35063491019324916,0.12435949795463998,-0.0054932711677515254,-0.5443555021997812,-0.0029718130025656016
0>>1274,H48AW,Overlay,HKICK,1e-06,565,0.12221526034120536,1.0000000000000244,5.819563581033194e-09,0.0,-2.9563190501717294e-05,0.0
0>>1274,H48AW,Overlay,HKICK,1e-06,1177,13.192920820141687,-0.23607865282229473,0.2094193427436053,-0.006560239841700392,-0.8269108468106227,-0.004600917973227058
0>>1275,V48W,Overlay,VKICK,1e-06,567,0.0,-2.710505431213761e-14,0.08633251472284047,0.9999999999999566,-1.699459148778973e-05,0.0
0>>1275,V48W,Overlay,VKICK,1e-06,1177,0.07242132813529892,-0.009963950146029115,-4.806146429646153,0.695580656360985,-0.003026516335805215,-0.0002803098381800326
0>>1276,H49E,Overlay,HKICK,1e-06,595,0.08633251749330229,0.9999999999999972,8.003580437287994e-10,0.0,-3.2709103708981196e-06,0.0
0>>1276,H49E,Overlay,HKICK,1e-06,1177,12.815554992116505,0.4001354373560557,0.24236387731182898,-0.002523453295876898,-0.8229770855574148,-0.004749019191582098
0>>1277,V49E,Overlay,VKICK,1e-06,595,8.003580437287994e-10,0.0,0.08633252253836604,1.0000000000000244,-2.1124605655633037e-05,0.0
0>>1277,V49E,Overlay,VKICK,1e-06,1177,-0.08926797740924347,0.02642505007925634,-0.9230693464829198,-1.534322339156644,-0.007837538118233688,0.00017015089990722772
0>>1279,V48E,Overlay,VKICK,1e-06,609,-1.0842021724855044e-13,2.710505431213761e-14,0.08633251472289469,0.999999999999943,-2.6087834058388703e-05,0.0
0>>1279,V48E,Overlay,VKICK,1e-06,1177,-0.11468969361662276,0.024207136273247075,3.5311326388371738,-1.5049321363164756,-0.0005542169497310158,0.00034751430109480983
0>>1278,H48AE,Overlay,HKICK,1e-06,611,0.12379994523189358,1.0000000000000244,-1.0005776589216975e-08,0.0,3.311232083135136e-05,0.0
0>>1278,H48AE,Overlay,HKICK,1e-06,1177,14.484121544387882,0.8100719310115087,0.29605287024554716,-0.0006637963019420594,-0.9415888517766555,-0.005527659484056303
0>>1280,H48E,Overlay,HKICK,1e-06,615,0.16654774817018334,0.3363258403745709,1.0472319626059212e-07,0.0,-0.000346679351892476,0.0
0>>1280,H48E,Overlay,HKICK,1e-06,617,1.4723130627068257,1.0000419846441386,2.9846741397832055e-06,1.6470890352570516e-05,-0.009889355913725074,0.0
0>>1280,H48E,Overlay,HKICK,1e-06,1177,9.332513344507118,0.7234654005571763,0.20326984488672206,0.0007865061158775222,-0.6241586396881773,-0.0037095822721786758
0>>1282,H47AE,Overlay,HKICK,1e-06,623,1.5870906641309848,0.9985965545967297,-1.1105970852166858e-05,4.9352942495554594e-05,-0.04779396695497472,0.0
0>>1282,H47AE,Overlay,HKICK,1e-06,1177,3.0161977760153995,0.9006818542513055,0.10734523410922171,0.004219619758043681,-0.4009551880196458,-0.0024292620457539923
0>>1281,V47E,Overlay,VKICK,1e-06,627,9.708596773738698e-09,9.410448120620099e-05,0.13597247842673643,0.9998801200164396,3.177494023649287e-05,0.0
0>>1281,V47E,Overlay,VKICK,1e-06,1177,-0.07814454735242168,0.011071003813245377,5.088200477836551,-0.7632173074279447,0.0025796387054732254,0.00029767790066682204
0>>1283,H46E,Overlay,HKICK,1e-06,639,3.283445680882691,0.9994589571054628,-1.8048976809653672e-05,1.7424944503247573e-05,-0.12306192992746635,0.0
0>>1283,H46E,Overlay,HKICK,1e-06,1177,-10.772257580227151,-0.4938365954800222,-0.1281590881616263,-0.011588428979380973,-0.558295920126433,-0.002506410927316147
0>>1284,V45E,Overlay,VKICK,1e-06,641,-1.4304963463773746e-09,2.9519978211281928e-05,0.1359724656921314,0.9999835668300412,1.9975124473329414e-05,0.0
0>>1284,V45E,Overlay,VKICK,1e-06,1177,0.0946898103551747,-0.011299193051041503,1.8596534447865043,1.4826875472547223,-0.006556996616730124,-0.00021167129069757807
0>>1224,SK_Q44E,Overlay,K1,1e-05,651,-3.978547878516828e-05,-0.0002940655820059387,-1.871534152696544e-05,-0.00014398759622527362,7.578588093453548e-09,0.0
0>>1224,SK_Q44E,Overlay,K1,1e-05,1177,0.0014237292185470538,0.00020403099423730098,-5.980739330700441e-05,-0.0006072468051619359,0.00016339595238900467,8.566477835794151e-07
0>>1285,H44E,Overlay,HKICK,1e-06,655,3.2837131702316125,0.9994878413027362,-1.409390331763398e-05,5.094644974987239e-06,-0.12375899941917207,0.0
0>>1285,H44E,Overlay,HKICK,1e-06,1177,2.2120832562544552,-0.6111856853820261,-0.0143505085939546,-0.0002980805367076497,-0.5822203323766948,-0.002935573129660184
0>>1286,V43E,Overlay,VKICK,1e-06,667,2.860775852320252e-09,-1.4242583078628163e-06,0.13597246910442395,0.999920102178667,8.715789593904787e-06,0.0
0>>1286,V43E,Overlay,VKICK,1e-06,1177,0.2795458726419578,-0.04623070274121849,-2.9166035090873743,4.7544615760911935,-0.024514811139381795,-0.000977953253642784
0>>1287,H42E,Overlay,HKICK,1e-06,671,1.6425308752072336,0.49989292809332425,-2.6908635096609818e-06,-2.581794363530881e-06,-0.04098409908701668,0.0
0>>1287,H42E,Overlay,HKICK,1e-06,679,4.465711363184198,0.5837767634916805,-0.004019105205002767,-0.0005425479736835418,-0.27178451795015346,0.0
0>>1287,H42E,Overlay,HKICK,1e-06,1177,10.909714399219713,0.4301121633522765,0.12949748734755295,0.004060439853000985,-0.7440988383094496,-0.004299281788108615
0>>1288,V41E,Overlay,VKICK,1e-06,683,6.795779217139142e-09,0.00012925516828187454,0.1359724727146173,1.0000421351859083,2.287322116651183e-05,0.0
0>>1288,V41E,Overlay,VKICK,1e-06,1177,0.07080128116741195,-0.02051610621293205,-6.660461725915891,1.722756444063646,-0.007564634384225975,-0.0005250473023070629
0>>1289,H40E,Overlay,HKICK,1e-06,687,1.642384705935994,0.4998782803132193,4.603763984617482e-06,-6.304678519975394e-06,-0.04030895125988265,0.0
0>>1289,H40E,Overlay,HKICK,1e-06,695,4.2621454872322815,0.5547072254192815,3.674167936042194e-05,-2.4699153787217758e-06,-0.26433969858861756,0.0
0>>1289,H40E,Overlay,HKICK,1e-06,1177,-9.137006152221302,0.5333954350511756,-0.11346592958801983,0.006704579895769596,-0.8677201250809216,-0.0044610764775711124
0>>1290,V39E,Overlay,VKICK,1e-06,699,-4.960224939121183e-09,7.389701554122961e-05,0.13597247427662734,1.0000341088680507,1.1923175581617443e-05,0.0
0>>1290,V39E,Overlay,VKICK,1e-06,1177,-0.18471681093132788,0.05621316895813985,-2.779311506805304,-3.5008374572551038,-0.003128957389681667,0.00044459949337014547
0>>1291,H38E,Overlay,HKICK,1e-06,703,1.642487641568993,0.49988066492989336,8.446658682822322e-06,-1.485414100207104e-06,-0.041478569169422705,0.0
0>>1291,H38E,Overlay,HKICK,1e-06,713,4.372758147676466,0.5545707875166661,-0.0006030541547900892,-7.802477553755984e-05,-0.27327379718057765,0.0
0>>1291,H38E,Overlay,HKICK,1e-06,1177,-3.8181073758399324,-0.8969524464414446,-0.12152203465825272,-0.016019178049862543,-0.7918402750377145,-0.0037966874992219693
0>>1292,V37E,Overlay,VKICK,1e-06,717,-1.389621924474671e-09,-4.317159762071512e-05,0.13597246986912867,0.9999584435674536,-2.8182764990451453e-05,0.0
0>>1292,V37E,Overlay,VKICK,1e-06,1177,-0.29177347986341157,0.02329670536495819,6.261364187119359,-2.0566121456991566,-0.0029523397016234607,0.0005156641972150003
0>>1329,RAW_BETASING_7,Group,COMMAND,0.001,607,-1.0240834660314724e-06,-3.3607647235891352e-06,1.785371877465261e-07,6.54305858761384e-07,-2.2045825451635914e-10,0.0
0>>1329,RAW_BETASING_7,Group,COMMAND,0.001,621,-2.8978939513606052e-05,-1.0519561973056481e-05,7.226217877114721e-07,-1.4216208515612817e-05,3.529473895696393e-07,0.0
0>>1329,RAW_BETASING_7,Group,COMMAND,0.001,629,-8.124305078671939e-05,3.2206139463750345e-06,-8.220290612689484e-05,-3.6128416497756494e-05,4.965635974164882e-06,0.0
0>>1329,RAW_BETASING_7,Group,COMMAND,0.001,637,-6.135841527541656e-05,4.406157621609217e-06,-0.0002846648163726609,1.8099312657787075e-05,7.722716107515346e-06,0.0
0>>1329,RAW_BETASING_7,Group,COMMAND,0.001,643,-2.327767527218966e-05,9.759835407923854e-06,-0.00014370757362547988,-1.2727833582939466e-05,1.2905782506968198e-05,0.0
0>>1329,RAW_BETASING_7,Group,COMMAND,0.001,653,3.7028254767923485e-05,4.0102892264566245e-06,-0.00020959883100185941,3.6455019235822424e-05,1.2898807727422502e-05,0.0
0>>1329,RAW_BETASING_7,Group,COMMAND,0.001,657,6.572750311400512e-05,-3.971475987809246e-06,7.973686040194312e-05,5.105526439693717e-05,7.213292949319852e-06,0.0
0>>1329,RAW_BETASING_7,Group,COMMAND,0.001,669,5.865634569409469e-05,1.4638395590029895e-05,0.00022963801387108023,7.451245752571403e-06,7.219748422634891e-06,0.0
0>>1329,RAW_BETASING_7,Group,COMMAND,0.001,677,0.0001687273960471929,-1.7583914876489722e-05,0.0003069068013985578,6.310848579314603e-05,-9.312052709877297e-07,0.0
0>>1329,RAW_BETASING_7,Group,COMMAND,0.001,685,2.761198152322888e-05,-9.05363163155844e-06,0.0007865830497110664,-6.208983930546961e-05,-8.982306224877314e-06,0.0
0>>1329,RAW_BETASING_7,Group,COMMAND,0.001,693,-4.269356364120826e-05,4.152919680643378e-06,0.0002940373035797885,-2.402433613760927e-06,-8.688088810251395e-06,0.0
0>>1329,RAW_BETASING_7,Group,COMMAND,0.001,701,-1.2057291977340956e-05,-7.407805812260091e-06,0.00026741972541802564,-2.3666913426227004e-05,-6.5777641844222455e-06,0.0
0>>1329,RAW_BETASING_7,Group,COMMAND,0.001,711,-6.944482776327643e-05,9.034939865893874e-06,7.200200007455326e-05,-9.041815066064334e-06,-3.7103019573814927e-06,0.0
0>>1329,RAW_BETASING_7,Group,COMMAND,0.001,719,1.8903701283360178e-06,-3.9310998140235694e-07,6.795020118409087e-07,9.575714181954192e-07,-8.248669478868568e-07,0.0
0>>1329,RAW_BETASING_7,Group,COMMAND,0.001,1177,-5.207244604477426e-06,9.114327554401308e-08,6.385139987406677e-06,-2.093180949641442e-06,-5.045878502627377e-07,-1.9926856253396283e-09
0>>1293,H36E,Overlay,HKICK,1e-06,721,1.6425537947765794,0.499892835535969,-2.2494001019474075e-06,7.666958346273572e-06,-0.04129756621229334,0.0
0>>1293,H36E,Overlay,HKICK,1e-06,733,5.342443728201946,0.661315169888071,0.006197759772627945,0.0006278258948692102,-0.31845316611050495,0.0
0>>1293,H36E,Overlay,HKICK,1e-06,1177,10.50875532589905,0.05515869325823991,0.14290375443516637,-0.0042322836352063145,-0.8495922107790101,-0.004734117245964943
0>>1294,V35E,Overlay,VKICK,1e-06,737,-5.9345703264795935e-09,-5.465711905424872e-05,0.13597247122926032,0.9999974973303491,-2.1153718262733462e-05,0.0
0>>1294,V35E,Overlay,VKICK,1e-06,1177,0.013360440912131046,-0.03712162053383416,7.284087060979269,2.5630711980283984,0.0032997496897976646,-0.00015007558691322413
0>>1295,H34E,Overlay,HKICK,1e-06,741,3.284860627948889,0.999765696699359,-1.4407371779975864e-05,2.0037315827826224e-05,-0.08104155605696395,0.0
0>>1295,H34E,Overlay,HKICK,1e-06,1177,4.788045743133276,1.1018712894253622,0.12405313627527433,0.01722963071645661,-1.1512508719254366,-0.006463288967803417
0>>1296,V34E,Overlay,VKICK,1e-06,743,6.336511176874282e-09,1.1555905863290528e-05,0.13597247206496335,0.9999861330316326,2.4208838777487092e-05,0.0
0>>1296,V34E,Overlay,VKICK,1e-06,1177,0.04940190182227324,-0.035613000190601755,3.6653882496705723,2.3204162051591957,0.004908274721393286,-0.0002200155446149604
0>>1297,V33E,Overlay,VKICK,1e-06,753,1.1174871791808094e-09,-3.0722717670958206e-05,0.13597246335903673,1.0000231095364713,-1.3235898759390158e-05,0.0
0>>1297,V33E,Overlay,VKICK,1e-06,1177,0.12736085186970061,-0.06425500103448027,3.8366541022622584,4.171273892752091,0.010293251053995712,-0.0004768911213734288
0>>1298,H32E,Overlay,HKICK,1e-06,757,1.64238732893395,0.4998739540378381,-8.85549814901021e-06,3.7431337868674974e-06,-0.04072798998110565,0.0
0>>1298,H32E,Overlay,HKICK,1e-06,765,5.06883179828471,0.6533010727467661,0.0020631764025089844,0.0002753353248657409,-0.3009171869153659,0.0
0>>1298,H32E,Overlay,HKICK,1e-06,1177,-8.291534523823104,0.41318803654596686,-0.12137132851189207,-0.006185613574572358,-1.0601864400675878,-0.005455546961437969
0>>1299,V31E,Overlay,VKICK,1e-06,769,-6.507381439257998e-09,6.55193226604435e-05,0.1359724722170769,1.000039006155345,2.229594557346141e-05,0.0
0>>1299,V31E,Overlay,VKICK,1e-06,1177,0.15443388647258008,-0.041644047945015986,-4.102574647468454,2.0927936367690214,0.01112857706342201,-0.00040076351971436806
0>>1300,H30E,Overlay,HKICK,1e-06,773,1.6424836455377312,0.49988143271741964,-1.5771956223681327e-06,-7.165716852080683e-06,-0.041359451685408596,0.0
0>>1300,H30E,Overlay,HKICK,1e-06,781,4.601990072813033,0.5870134909018073,0.0012401364767999218,0.000153820788490475,-0.2823413752562475,0.0
0>>1300,H30E,Overlay,HKICK,1e-06,1177,-6.702081171653849,-1.0175111692193868,-0.18392191654090545,-0.013015052826160882,-1.0458900947842833,-0.005020610110688536
0>>1301,V29E,Overlay,VKICK,1e-06,787,6.932388690872315e-10,0.00018524785308835336,0.1359724763035433,0.9999319924307217,3.728774972775882e-05,0.0
0>>1301,V29E,Overlay,VKICK,1e-06,1177,-0.1844487692345253,0.013134959549003771,-9.976380142958929,-2.21887982455399,-0.02019162741143826,-6.855665288121957e-05
0>>1302,H28E,Overlay,HKICK,1e-06,791,1.642550885069382,0.49989180991946053,1.638417927805197e-05,-6.220889309325323e-06,-0.04134656267759847,0.0
0>>1302,H28E,Overlay,HKICK,1e-06,801,4.395776682577547,0.5578105906429629,-0.0025033626378442864,-0.00033461309065360365,-0.2733332848286791,0.0
0>>1302,H28E,Overlay,HKICK,1e-06,1177,12.280928646548803,0.06861447230435128,0.03909837215608763,-0.008601277999033523,-0.877889682568948,-0.004934961813233608
0>>1303,V27E,Overlay,VKICK,1e-06,805,-1.4787921321507413e-08,-8.031907872628995e-05,0.13597248765253797,0.9999837332208952,-3.9421952518787357e-05,0.0
0>>1303,V27E,Overlay,VKICK,1e-06,1177,0.05951354427335704,0.0003560493108028043,6.068806033368791,-1.4117391101219459,-0.036667746061079226,0.0002268666744943042
0>>1304,H26E,Overlay,HKICK,1e-06,809,1.6424295325816447,0.4998837424765744,-2.7948093058588475e-06,7.722573875680854e-06,-0.040431063707304905,0.0
0>>1304,H26E,Overlay,HKICK,1e-06,819,4.303617584442777,0.544469932634649,0.008479760264844607,0.0011421680782696016,-0.2695981821294202,0.0
0>>1304,H26E,Overlay,HKICK,1e-06,1177,0.13259475817946517,0.8921816617746032,-0.023895352491823722,-0.002119050965731714,-0.9289712948042724,-0.005120317727282044
0>>1225,SK_Q26E,Overlay,K1,1e-05,815,-4.825805835668994e-05,-0.00035233082409447716,8.531995338099256e-05,0.0006391456399704664,-9.331850071327141e-09,0.0
0>>1225,SK_Q26E,Overlay,K1,1e-05,1177,-1.7558549276000535e-05,-0.0005084949407775739,0.0023714549479586272,0.00025987490210438967,0.0004819818338576897,2.70216345637066e-06
0>>1305,V25E,Overlay,VKICK,1e-06,823,4.680392358402674e-09,-4.384724382894018e-05,0.13597247024437106,1.0000178588523607,-2.5068670216391552e-05,0.0
0>>1305,V25E,Overlay,VKICK,1e-06,1177,-0.08155116825467411,-0.020952226915580373,6.176252948579946,3.109466264387181,0.04913272992455734,-3.513092373702998e-05
0>>1306,H24E,Overlay,HKICK,1e-06,827,1.6424266135121446,0.4998774412757184,-1.3970772835044526e-05,2.134019035700957e-06,-0.04094739796317365,0.0
0>>1306,H24E,Overlay,HKICK,1e-06,835,4.490061774998697,0.5870159449520235,0.0013098755472212148,0.00016989563252881208,-0.27393127962597824,0.0
0>>1306,H24E,Overlay,HKICK,1e-06,1177,-12.209229027391459,-0.5980062791613645,-0.04733239630508237,0.00991250486396698,-0.8943027206600171,-0.00420031542393859
0>>1226,SK_Q24E,Overlay,K1,1e-05,831,-7.106598155001003e-06,-3.964179948256411e-05,4.0925437822301016e-05,0.0003010405441610962,1.3953044313485747e-08,0.0
0>>1226,SK_Q24E,Overlay,K1,1e-05,1177,0.0007367626502592302,3.48879119712632e-05,-7.23134042785443e-05,0.00032572982447149484,5.501792410057045e-05,2.0461217220329658e-07
0>>1307,V23E,Overlay,VKICK,1e-06,841,-1.0127966174056091e-08,0.00017086425275949363,0.13597248830110772,0.999951018493565,4.681481607197459e-05,0.0
0>>1307,V23E,Overlay,VKICK,1e-06,1177,0.06437793779730076,0.01156545811659311,-10.240612056728091,-0.07754716180714784,0.005837013247609246,-0.0002898761360071653
0>>1308,H22E,Overlay,HKICK,1e-06,845,1.642562185812926,0.4998904160989225,9.527393739390544e-06,-1.1057416131809647e-05,-0.041617860548119834,0.0
0>>1308,H22E,Overlay,HKICK,1e-06,853,4.254353436491422,0.5540908681590752,-0.024490912736187254,-0.003282842208990821,-0.26388829320149465,0.0
0>>1308,H22E,Overlay,HKICK,1e-06,1177,8.853270818222521,-0.5338295638365048,-0.08106845350741738,-0.011921003254466381,-0.8495163732057825,-0.004530804691117111
0>>1227,SK_Q22E,Overlay,K1,1e-05,849,6.73397697412842e-05,0.00048688114302785404,-0.00015038966064227083,-0.0011212003508820757,6.9300996690356545e-09,0.0
0>>1227,SK_Q22E,Overlay,K1,1e-05,1177,0.006934274325283515,-0.00041547425393747417,0.005475746081943253,0.0008613236526951433,-0.0005816520754923843,-3.073083192810851e-06
0>>1309,V21E,Overlay,VKICK,1e-06,857,7.0616255898325875e-09,0.00018294758755339237,0.13597247686884634,0.9999410722093512,1.6109121062915163e-05,0.0
0>>1309,V21E,Overlay,VKICK,1e-06,1177,-0.2017523875738137,-0.007891746180588993,-6.151910220399354,-2.778662290187908,-0.05518243670501024,-3.32804317145028e-05
0>>1310,H20E,Overlay,HKICK,1e-06,861,1.642445522667853,0.499886374174006,1.0134178815134759e-05,-5.129079940716791e-06,-0.040413105335346346,0.0
0>>1310,H20E,Overlay,HKICK,1e-06,869,4.722687097711924,0.6200682685604291,-0.005429307934793704,-0.0007263533113871382,-0.2820899619192566,0.0
0>>1310,H20E,Overlay,HKICK,1e-06,1177,1.9547819728217564,1.0006755150149347,0.020443654529349865,-0.02037002309727585,-0.7093290719891365,-0.004043649186582436
0>>1228,SK_Q20E,Overlay,K1,1e-05,865,2.8392107491014697e-05,0.00019951921142525358,6.846185708186264e-05,0.0005155931216449831,-7.883277364229002e-09,0.0
0>>1228,SK_Q20E,Overlay,K1,1e-05,1177,0.0005378536874884286,0.00029173638650789764,-0.00056700643157032,-0.0009078786794667215,-0.00020558442557377409,-1.0455133923870617e-06
0>>1311,V19E,Overlay,VKICK,1e-06,871,7.7487929267539e-10,-1.8187983532317242e-05,0.13597246530577595,1.0000630309247287,-1.964687071885629e-05,0.0
0>>1311,V19E,Overlay,VKICK,1e-06,1177,0.008704272117746742,-0.00392829525511099,3.3125218256115687,-2.772228355467409,-0.07810298319725499,0.00014212305066000665
0>>1229,SK_Q18E,Overlay,K1,1e-05,885,-2.6381091538726916e-05,-0.00019484375211626257,0.00014638885732407535,0.0010898203274654367,-1.2740486833931473e-08,0.0
0>>1229,SK_Q18E,Overlay,K1,1e-05,1177,0.0028827351935124634,-0.00021410635472679168,0.0023873154147437646,-2.2772093737598306e-05,0.0003031300697134637,1.652767521096148e-06
0>>1312,H18E,Overlay,HKICK,1e-06,889,3.284755011653286,0.9997215664870165,1.4322267980967918e-05,2.2013535241091446e-05,-0.08349222315469743,0.0
0>>1312,H18E,Overlay,HKICK,1e-06,1177,-10.382879428490286,0.5147644466682003,0.02239614703842532,-0.006839244052439953,-1.0651596887651316,-0.005450903462053593
0>>1313,V17E,Overlay,VKICK,1e-06,893,1.1336960016594677e-08,-0.0001144011124709892,0.135972482961412,1.0000242984123868,-2.3375386736380725e-05,0.0
0>>1313,V17E,Overlay,VKICK,1e-06,1177,0.1712883452631214,0.002726230126088962,3.652481492817932,4.0427545958190985,0.0947211516354673,-3.9990818314727776e-05
0>>1314,H16E,Overlay,HKICK,1e-06,897,1.6425184989875015,0.4998829888331431,-1.0071380361631466e-05,2.493356270148045e-06,-0.041684173583261,0.0
0>>1314,H16E,Overlay,HKICK,1e-06,905,4.3422849332361375,0.5662801113780973,0.0017281430882663817,0.00022923942120099162,-0.26805780010274877,0.0
0>>1314,H16E,Overlay,HKICK,1e-06,1177,-0.6870112719014645,-1.1245807512596075,-0.056938096132798204,-0.010435623177987123,-0.5747743692291246,-0.0026762813576332225
0>>1315,V15E,Overlay,VKICK,1e-06,907,5.272800425448754e-09,5.057520873451293e-05,0.13597247219907915,0.99993802174663,2.8434864570358806e-05,0.0
0>>1315,V15E,Overlay,VKICK,1e-06,1177,0.1308264346306775,0.008656061198711578,-5.389288236330703,1.4585126530958357,0.06203141127524687,-8.725926232933893e-05
0>>1316,H14E,Overlay,HKICK,1e-06,922,3.283778674118649,0.999508409594008,1.8639476897716611e-06,-2.4489434944855023e-05,-0.12314436629971577,0.0
0>>1316,H14E,Overlay,HKICK,1e-06,1177,11.160408457395045,-0.08984500243037824,-0.05379275350843543,-0.0056646795685709635,-0.8679893272826845,-0.004812753065758062
0>>1230,SK_Q14E,Overlay,K1,1e-05,924,5.298394214689472e-05,0.00038913191988948075,-9.239436452252238e-05,-0.0006829819389442397,-3.5346942386937914e-09,0.0
0>>1230,SK_Q14E,Overlay,K1,1e-05,1177,0.005988226158416386,7.729773693950642e-05,0.002666848974672861,0.0004429424830230694,-0.0005167987955466283,-2.8702529976799662e-06
0>>1317,V13E,Overlay,VKICK,1e-06,942,1.2304935716189735e-08,0.00012709784803386845,0.13597248255180044,0.9999924440073547,3.378308152971951e-05,0.0
0>>1317,V13E,Overlay,VKICK,1e-06,1177,-0.08882947911503618,-0.012096718440899722,-7.2076215044635905,-3.0891600949465876,-0.05212513319081567,-3.0833069523126047e-06
0>>1318,H12E,Overlay,HKICK,1e-06,946,1.6416949192206172,0.4997365439491459,1.51323242131296e-05,-1.184437246090457e-05,-0.06086569381252958,0.0
0>>1318,H12E,Overlay,HKICK,1e-06,956,4.479211210250945,0.5637509553108354,-0.01180964395307467,-0.0012686385201970724,-0.2985664846510202,0.0
0>>1318,H12E,Overlay,HKICK,1e-06,1177,-2.0434377014435245,0.7448965818130835,0.0067675068285584766,-0.00804487700631698,-0.9491780660316537,-0.005126027838580228
0>>1320,V11E,Overlay,VKICK,1e-06,960,1.0169274276827789e-09,2.591251976988458e-05,0.13597246457502368,1.000024903332706,-4.543612610718312e-06,0.0
0>>1320,V11E,Overlay,VKICK,1e-06,1177,-0.013036442380242805,-0.0019685834253403527,0.4433867974342333,-4.3069040375194145,-0.13670331908680794,-1.0739006268988861e-05
0>>1319,H11E,Overlay,HKICK,1e-06,964,3.2849325440961885,0.9997602450064289,8.48263807760592e-06,-2.4302079310511635e-07,-0.08248574057053175,0.0
0>>1319,H11E,Overlay,HKICK,1e-06,1177,-9.742001146270988,-0.8854588426895947,0.002008362717545952,-0.0022080499353298137,-0.18008094662449992,-0.00043956661749356644
0>>1321,V10AE,Overlay,VKICK,1e-06,968,2.4836903367297936e-09,-6.757624380860847e-07,0.13597246524363082,0.9999924709122314,-1.3983000873721632e-05,0.0
0>>1321,V10AE,Overlay,VKICK,1e-06,1177,-0.0056448125842654615,-0.0006746847203641625,2.1414184422920925,-3.1113580935853067,-0.10915351863425563,-4.204570516080398e-06
0>>1322,H10E,Overlay,HKICK,1e-06,972,0.0759846105262375,1.0000000000000109,0.0,1.3552527156068805e-14,-3.279865447161981e-06,0.0
0>>1322,H10E,Overlay,HKICK,1e-06,1177,-9.058957231001543,-1.344960629421515,0.0001522853295831024,-0.0009134469082278281,-0.11825595259479976,-4.593528546903078e-06
0>>1323,H09AE,Overlay,HKICK,1e-06,976,0.03174357458975933,1.0000000000000244,-9.904186845655083e-11,0.0,-8.899987246745872e-06,0.0
0>>1323,H09AE,Overlay,HKICK,1e-06,1177,-9.236579442013609,-1.656775898120546,-0.0008248764564195571,-0.0002606887196886752,-0.13519433207309575,-1.1026570281846837e-06
0>>1324,V09AE,Overlay,VKICK,1e-06,980,-4.2142938444511557e-10,6.213581434317064e-06,0.13597246630736193,1.0000197502532904,1.5034436911566529e-06,0.0
0>>1324,V09AE,Overlay,VKICK,1e-06,1177,-0.0017183680868200837,2.9854945176200492e-05,3.3051537691486286,-2.744295626847112,-0.10457618664398098,-2.0835741579338166e-06
0>>1325,H09E,Overlay,HKICK,1e-06,995,0.03174363175345151,1.0000000000000244,-5.801565824969934e-10,0.0,-6.324471843585297e-06,0.0
0>>1325,H09E,Overlay,HKICK,1e-06,1177,0.4755829069593527,-0.8731297900546565,-0.00045922741062870247,-5.085724690771093e-05,-0.04450502813789547,0.0
0>>1195,H_CANT_S2,Overlay,HKICK,1e-06,1047,0.03577582535291757,0.6506000000000443,2.7391283685673784e-09,0.0,-8.108638760440101e-06,0.0
0>>1195,H_CANT_S2,Overlay,HKICK,1e-06,1053,1.1816260313294518,-0.3493999999999801,9.046948845452263e-08,0.0,-0.00026781739326242615,0.0
0>>1195,H_CANT_S2,Overlay,HKICK,1e-06,1061,0.515947329570777,0.30119999999996927,3.9502797734292106e-08,0.0,-0.00011694026996744711,0.0
0>>1195,H_CANT_S2,Overlay,HKICK,1e-06,1177,-2.5176920021989817,-0.20106858570836808,-9.817778739236362e-05,-3.220556259826354e-05,-0.018125004305530237,0.0
0>>1199,H_CANT_TRIM_S2,Overlay,HKICK,1e-06,1047,-0.05498897226083842,-1.0000000000000109,-4.210173876195711e-09,0.0,1.2463328979972488e-05,0.0
0>>1199,H_CANT_TRIM_S2,Overlay,HKICK,1e-06,1061,-3.9172144239649493,-2.000000000000076,-2.9991585387065256e-07,0.0,0.0008878428270353567,0.0
0>>1199,H_CANT_TRIM_S2,Overlay,HKICK,1e-06,1177,17.03640022437795,1.3017932958959262,0.000644736764017907,0.00021956778588219997,0.11983879726472249,0.0
0>>1196,H_CANT_S3,Overlay,HKICK,1e-06,1107,0.03577582087044631,0.6506000000000104,-8.212831456577696e-11,0.0,-2.668261445126774e-06,0.0
0>>1196,H_CANT_S3,Overlay,HKICK,1e-06,1113,1.1841103847132999,0.15059999999955773,-2.716793803814177e-09,0.0,-8.831429684774683e-05,0.0
0>>1196,H_CANT_S3,Overlay,HKICK,1e-06,1115,1.181625883277769,-0.3494000000000072,-2.711101742408628e-09,0.0,-8.812899542076646e-05,0.0
0>>1196,H_CANT_S3,Overlay,HKICK,1e-06,1123,0.5229338629253368,0.30119999999997604,-1.1998323341810835e-09,0.0,-3.90018711771134e-05,0.0
0>>1196,H_CANT_S3,Overlay,HKICK,1e-06,1177,-3.084733867717883,0.1200881829461261,-0.00011031868933717836,-3.176370294176098e-05,-0.006046441614483266,0.0
0>>1200,H_CANT_TRIM_S3,Overlay,HKICK,1e-06,1107,-0.05498896537095045,-0.9999999999999837,1.2614692276868844e-10,0.0,4.101233241904367e-06,0.0
0>>1200,H_CANT_TRIM_S3,Overlay,HKICK,1e-06,1123,-3.8972179457507417,-1.9999999999999472,8.941523736705204e-09,0.0,0.0002906655194312435,0.0
0>>1200,H_CANT_TRIM_S3,Overlay,HKICK,1e-06,1177,20.304755169045965,-0.8319471251396752,0.000726360572614348,0.00020427721943465024,0.038862836605822564,0.0
0>>1197,H_CANT_S4,Overlay,HKICK,1e-06,3,-0.00624875069504989,-0.5000000000004594,-1.8740434551411944e-10,0.0,1.2495005030643824e-06,0.0
0>>1197,H_CANT_S4,Overlay,HKICK,1e-06,9,-0.9347801105687691,0.15059999999951706,-2.803220979993859e-08,0.0,0.0001869186472269746,0.0
0>>1197,H_CANT_S4,Overlay,HKICK,1e-06,1169,0.8008711850702837,0.46878021187714325,-0.011918782943183461,-0.002877092494801836,0.0069933687452117255,4.4326259134551405e-05
0>>1197,H_CANT_S4,Overlay,HKICK,1e-06,1175,1.6639739564128622,-0.031219788122435234,-0.017254269199035645,-0.002877092494801836,0.007133751660573506,4.4326259134551405e-05
0>>1197,H_CANT_S4,Overlay,HKICK,1e-06,1177,1.6639739564128622,-0.031219788122435234,-0.017254269199035645,-0.002877092494801836,0.007133751660573506,4.4326259134551405e-05
0>>1201,H_CANT_TRIM_S4,Overlay,HKICK,1e-06,9,-0.054989006115918615,-1.0000000000000109,-1.649017294241828e-09,0.0,1.0995607202524127e-05,0.0
0>>1201,H_CANT_TRIM_S4,Overlay,HKICK,1e-06,1169,0.7744219222273431,0.035416345689744874,0.04865239929788441,0.006209878016861549,-0.03629681705197285,-0.00024271311325238347
0>>1201,H_CANT_TRIM_S4,Overlay,HKICK,1e-06,1177,0.8401013561716099,0.035416345689744874,0.06016845631563815,0.006209878016861549,-0.0362822216952842,-0.00024271311325238347
