target,target_index,rmse_2d_um,median_2d_um,p90_2d_um,max_2d_um,bias_x_um,bias_y_um
SEX_09AW,1,3.963614842355229,4.05464206721077,4.971459511492847,5.017540903251479,-0.3360114706309385,-0.20382664248204851
SEX_10W,2,5.667989079225341,5.616173825469382,7.517093947157051,7.927246898510229,-1.1158329860996212,-0.1925399806255849
SEX_10AW,3,3.515214090630653,3.0573267234209256,4.758511058241004,5.696255229421348,0.5834936462036012,1.1769219458550009
SEX_12W,4,3.9829601779107566,3.445536380771025,5.495331952535938,6.161453654852351,-0.07310192654622083,2.429106290903086
SEX_13W,5,6.8861016641297415,6.097526663269047,9.922363359614577,10.63572980793823,-1.390613607655928,-1.4773395591935659
SEX_14W,6,3.3024200197443543,2.80189258538252,4.571565954252999,5.628302880359009,0.8269323906321645,1.4627567266614494
SEX_15W,7,2.5382855022600284,2.3700762579481935,3.582159530390323,4.57256924874703,0.6345221857367068,-0.8101720548417728
SEX_16W,8,4.434263869992657,3.9977986719990017,6.449931292157828,6.899167877795364,0.5417889766000893,0.9390965585592683
SEX_17W,9,12.017708788095158,13.331064979351499,15.195477651084175,15.87747530799703,1.4941131591951646,-0.5057348841151033
SEX_18W,10,6.547350925793392,5.779897881700994,8.642358398453043,13.183952645968784,-1.521960600662606,0.37445912137494614
SEX_19W,11,1.077488012987209,1.1453320158931664,1.5037972356517264,1.5158239314457662,0.04803088299357919,-0.26186820711212977
SEX_20W,12,4.608168756571897,3.7265670290800195,6.784563007974183,7.070287761993821,-0.6422902968312614,0.05850778580154667
SEX_21W,13,9.990160706789338,10.397464091822647,12.705819684540693,13.820911776478576,0.5035515544345689,1.6241068751429248
SEX_22W,14,4.03524245507205,3.2683315104949893,5.566780607899541,8.067375040360574,1.0320264342074825,-0.9355772999044215
SEX_23W,15,6.443792109500804,5.337742981697705,9.821943831201763,9.913047354185954,1.6142626731568308,2.1352860921776773
SEX_24W,16,13.435874648924091,13.027549312580732,16.87255796073154,20.086181966917675,-8.85193614413517,4.611879229804639
SEX_25W,17,2.9352912135838345,2.1986542159095475,4.259358451463493,5.436772476904429,-0.23982411099486964,-0.8733883832440682
SEX_26W,18,4.320546816245034,3.1607959552661913,6.834526459943609,8.755049613809005,0.9580710859291611,-1.0460878269232181
SEX_27W,19,3.53870264626904,2.4693075430827482,5.970724080852087,6.382397772417893,0.5624613532106215,0.3070412386607467
SEX_28W,20,6.842437473270081,7.130841822979206,9.155599021646019,11.397674854641346,0.9378295103636423,-2.8625369975081374
SEX_29W,21,2.8787557737111804,2.8102089242136423,3.4597829446839072,4.240614828499044,0.9845664618669993,-0.132341982207172
SEX_30W,22,2.7423331769386388,2.599465396130754,3.6795411123158335,4.478075242862256,-0.8731826794167971,-0.06894879188849601
SEX_31W,23,2.194819774568374,2.0875436650407893,2.857339619146451,3.063802246408362,-0.7074545733021056,0.7687672304794607
SEX_32W,24,2.55812468822719,2.5094896744889894,3.5162224381536644,4.290496980635649,0.24341218791023697,-0.915208672103059
SEX_33W,25,6.279241060914711,6.213507885244173,9.086567800426383,9.979110122133141,-0.9215511514617676,0.6714652511545934
SEX_34W,26,3.7134466537786452,3.854348784377435,5.132672443727643,5.177095995535791,-0.05881854592241698,-1.165015517124703
SEX_35W,27,1.9136206536820688,1.5034113826290136,3.0458328801899275,3.1088861002136894,0.6087424008219212,-0.378944069443506
SEX_36W,28,5.207602560518237,5.518855908661978,6.690799244266142,7.7622523737568345,-1.6606243701855388,1.877438930675325
SEX_37W,29,5.940449025852843,4.711464780607109,8.930721368094376,9.029453299768946,1.979151153049403,0.5359410856970909
SEX_38W,30,3.5763562400721205,2.69927669529661,4.764881551105575,7.755597907300938,-0.8534595131136883,0.5093392898373916
SEX_39W,31,4.83331551681479,2.619252212263027,7.706881038802328,8.410721182849093,-0.4953972822345765,2.7564785914585417
SEX_40W,32,7.092177117864154,6.747413985068942,9.948483370324498,10.924538157814974,-1.6374582144720704,0.6494075965687975
SEX_41W,33,3.535623106703354,2.9055338515544644,4.7386411425495245,6.915966590948418,1.0871274203313361,-1.3246446382431944
SEX_42W,34,4.787574932411851,4.442569018351875,6.659378543876974,7.323018762088175,1.7575504472164214,0.7618802944068284
SEX_43W,35,6.434073086365767,6.250508368380298,8.126496229814759,8.19488725172133,1.6655439025747327,-0.513943414182763
SEX_44W,36,9.13085598844304,8.896665943278292,13.120761319425325,13.121386558532143,1.1675463872625589,1.8266298670831922
SEX_45W,37,3.51912661884204,2.333270855594154,5.365697395273052,5.978241147871589,1.0452717805676923,1.887788904535662
SEX_47W,38,7.279951150520341,3.7224034304259845,11.100537170464579,15.412939943005028,0.540460426909679,-1.4814195574836528
SEX_47E,39,6.590196554094339,5.785862750703888,9.039226598580015,11.492197139109521,-1.6529767197154173,2.9630363191018434
SEX_45E,40,3.914014413225704,3.064820409521357,5.685238025352008,6.998905833360194,1.1989807899152236,-2.0255201451676195
SEX_44E,41,6.5073175197396225,4.968519473890365,10.425461510821336,11.359587781506777,0.11432561395341898,-2.430979908760434
SEX_43E,42,5.286687052515791,5.235316910218908,6.473440024104239,6.6254862086425454,-0.6104995734615621,-0.841612520861935
SEX_42E,43,4.180304029040297,3.8026424133143077,5.612048227657265,5.930072281451134,0.3341093587704029,0.14278041866775423
SEX_41E,44,2.3763331425117555,2.1823230031301124,3.196660868811165,4.042967147074373,-0.7462171503684462,1.164628056184394
SEX_40E,45,6.975641444735496,6.362720278998559,9.591622688844582,10.433157335969005,2.0448328240975515,-1.8563658313762423
SEX_39E,46,8.04380207307503,7.722593153041379,11.479307447608402,11.90023042311656,1.1211684670150586,-0.2611545301567563
SEX_38E,47,3.346169146924012,2.878675706403067,5.0775559677821365,5.152022645030413,-0.7176384596213448,1.7673745416615825
SEX_37E,48,4.6384412791398955,3.2076976390102985,7.244208534380055,7.982925452374135,0.09723215703028584,1.5612971742025052
SEX_36E,49,4.211930835679923,4.063694603843366,5.541376411200511,6.207578235283306,1.5946559924695178,0.29658947991612195
SEX_35E,50,1.486794327337382,1.4824885863568915,2.0191170610284934,2.173814954274697,0.5792700057192877,0.5124314287850359
SEX_34E,51,3.4210360346577735,2.8770002922024536,5.316260468054283,5.4297570644983875,0.4601660433049704,-1.3069959626047751
SEX_33E,52,4.046420704884204,2.7641595427467642,6.40214221738649,7.300194996387433,-0.4036056675117148,-0.49864856765692306
SEX_32E,53,3.183877414957628,2.776785293050578,4.500486407052787,4.710482957587563,-0.7318714157991052,0.6474545929426146
SEX_31E,54,3.0718155280780834,2.834774388714079,4.2460710854374515,4.310437950449588,0.06856112085825111,0.35504849090238433
SEX_30E,55,3.620242632439413,3.5657451889697525,5.023725930055138,5.490507425105304,-0.2935758234435413,0.8987921499573276
SEX_29E,56,3.154707962447951,2.716124576987811,4.255488181009542,6.266783071485526,-1.0458626853838293,0.17108395516284575
SEX_28E,57,12.24218634729384,10.092673869859347,19.390121696117134,20.0869956940843,1.0154966128452743,-1.2717093703743096
SEX_27E,58,4.080492982598411,2.352119388955211,5.9794512942396025,8.871095975677505,1.659394413045493,-0.34299244271539414
SEX_26E,59,4.279604330765902,3.8942713443278887,6.16752673898272,6.564370378142817,1.0655816341117825,-0.3643088453951297
SEX_25E,60,3.535714764652825,2.314442020598759,4.887309708576252,7.7007293493177515,-0.4070630314818984,-1.1412321373052294
SEX_24E,61,3.8373532178237313,1.9958257026325614,5.932223990675011,6.488619514206267,-1.451171259937638,0.6981990606942031
SEX_23E,62,4.496480587978254,3.365348003072201,6.054257524557899,9.167066601743251,-0.05070001266559493,-0.41399335959179767
SEX_22E,63,4.811009645083755,4.018111958620123,7.269049433012145,8.221595666174599,1.0623063733151268,0.9784933700312987
SEX_21E,64,6.02585625271435,3.9613563621536203,10.252300475192854,11.296663551314195,-0.8827496714605946,1.8126415022253728
SEX_20E,65,5.435501254538044,4.772336711719927,7.636973866850358,7.9136921902354755,2.1478851617053025,-0.1673798640356729
SEX_19E,66,3.7987879913404377,3.5424528755022173,4.937267618980607,5.474377694215551,1.4924433539666768,0.541340365100208
SEX_18E,67,7.823032614828266,8.164945344330318,9.922052590319717,10.67855939537007,-3.2097480873067177,-1.4191912197854706
SEX_17E,68,8.661543049525818,6.992740721480713,11.912544672370064,13.230979016363706,-1.809976312071039,-0.042857352913187416
SEX_16E,69,5.0377809855821125,3.805614691803341,7.575264422971589,9.507608464703459,1.731837069493963,-0.7874840351297422
SEX_15E,70,5.430192004613684,4.966801343650102,7.1909944732806945,7.782032485477017,-0.2966365216884291,0.9162678211047688
SEX_14E,71,3.3783666611790912,2.365742913435434,5.036241825260389,6.227953807621241,1.228966358845303,1.2302045670114203
SEX_13E,72,17.574011957715832,16.89979151205043,24.762202958677776,25.27362654066845,-3.111232699116725,-10.898262271999016
SEX_12E,73,7.673762717427433,7.734067846490203,9.483745722009262,9.539600556089445,-0.8810272805844858,0.3616062582452187
SEX_11E,74,3.53768746037556,2.993604750907475,5.192777358623406,5.239912316624721,-1.155163296648526,0.18206670169441003
SEX_10AE,75,2.3557245363604125,1.9821467245193602,3.335518015577004,3.486130684882207,-0.11717674933442868,0.7178656816751681
SEX_09AE,76,7.237362683307646,6.347898016635617,10.108118566333221,12.261761871665488,-3.427523775165156,2.2317675092730904
