trial,q_total_norm_m,all_element_total_relative_closure,all_element_total_signed_projection,family_partition_absolute_error_m,family_partition_relative_closure
1,3.1164629022111018e-06,5.2686763602741727e-15,0.99999999999999889,6.2998075452038588e-21,6.4065435876210838e-15
2,1.6913971759076353e-05,1.3433763588907357e-14,0.99999999999999623,8.1315162936412833e-20,1.9305856043756786e-14
3,5.6975706542273199e-06,5.936875119567651e-15,0.99999999999999845,1.5881867761018131e-20,1.1574096383526477e-14
4,1.5297817776255295e-05,7.4350625819500422e-15,0.99999999999999556,6.3103954570445375e-20,1.6074171936170498e-14
5,1.6558110800844587e-05,1.4985349895662725e-14,0.99999999999999789,7.0727251095734078e-20,1.9205141807762453e-14
6,1.0136301572874499e-05,1.6735891025475488e-14,1.0000000000000004,5.1867533129525047e-20,2.6135909339421674e-14
7,5.4420073201585265e-06,1.2763067969800965e-14,0.99999999999999734,1.3976043629695956e-20,1.3386119437703664e-14
8,6.4838357794448159e-06,5.3708054893626464e-15,1.0000000000000018,1.249373597200093e-20,7.8544308360750273e-15
9,1.1298166655799034e-05,1.9419058682612609e-14,0.99999999999999489,7.0727251095734078e-20,2.8598685537775563e-14
10,5.7687079322633094e-06,2.5584290129093634e-15,0.99999999999999922,1.3830459841886623e-20,9.5024392233128119e-15
11,2.1878129930759534e-05,2.1453067607972793e-14,0.99999999999999933,1.249373597200093e-19,2.9585367051734569e-14
12,1.5503594539856149e-05,1.7439443752584009e-14,1.000000000000004,8.4809173843836821e-20,2.8517343616978401e-14
13,1.6930082047331015e-05,4.6650236018574522e-15,0.99999999999999889,3.3246043179731288e-20,8.0252136007296224e-15
14,1.8516178472682292e-05,8.2773660719039897e-15,1.000000000000004,5.6751207466038123e-20,1.4511658522395879e-14
15,1.5251277908047762e-05,1.2352758323353226e-14,0.99999999999999922,5.7704119531699211e-20,1.8699868513454676e-14
16,2.0978715668277229e-05,1.612616933150468e-14,0.99999999999999323,1.1350241493207625e-19,2.3470086838047115e-14
17,7.683437911682191e-06,6.1722326467570954e-15,0.99999999999999956,1.4611318340136681e-20,7.7664985439177662e-15
18,9.7531740241620152e-06,7.7849346216167665e-15,0.99999999999999811,2.6469779601696886e-20,1.2297687637187231e-14
19,8.2325898025993942e-06,6.9981725231272507e-15,1.0000000000000038,1.9905274260476058e-20,1.2475627119009742e-14
20,6.5844062922912764e-06,1.0015968731696617e-14,1.0000000000000004,1.847425180075932e-20,1.2431230919560795e-14
21,1.7528622335715502e-05,2.1108333285718861e-14,0.99999999999999978,1.0439681074909252e-19,3.0845145567137568e-14
22,1.9194494218866806e-05,6.679923267013379e-15,0.99999999999999634,7.3691866411124129e-20,1.2873801731561911e-14
23,1.0655052002731979e-05,1.42943423041159e-14,0.99999999999999989,4.5422141796511856e-20,1.9402892427606542e-14
24,1.2059311459979218e-05,2.1847739621033082e-15,1.0000000000000007,3.3669559653358438e-20,1.0480542474516063e-14
25,1.3107858966761148e-05,7.125966846595602e-15,0.99999999999999589,4.912791094074942e-20,1.4287402709727509e-14
26,8.0453892507264153e-06,1.1405708280080013e-14,1.0000000000000009,2.4802183486789982e-20,1.4619424196879551e-14
27,1.4289177287365212e-05,1.2112192588890296e-14,0.99999999999999556,6.246867986000465e-20,1.8675064808890653e-14
28,1.8770647140147955e-05,2.1112740038612719e-14,0.99999999999999378,1.0863197548536402e-19,2.8710714049751043e-14
29,1.3363890049076505e-05,1.2239239446392307e-14,0.99999999999999767,5.4633625097902372e-20,1.8507274481517033e-14
30,1.9123319078843377e-05,1.6082191180441701e-14,0.99999999999999734,9.4867690092481638e-20,2.4990344809929087e-14
31,1.1330694555502735e-05,8.7625409031551869e-15,0.99999999999999578,3.6845933205562065e-20,1.3289287098979323e-14
32,1.2835500287319574e-05,1.0923212183562885e-14,0.99999999999999734,4.1504614415460717e-20,1.4670373924938482e-14
33,5.2587547067349292e-06,5.3436842116086603e-15,1.0000000000000016,1.5352472168984194e-20,1.3595563389262147e-14
34,2.3302324295702005e-05,1.988516583636024e-14,0.99999999999999012,1.32560656245298e-19,2.400486697313147e-14
35,8.6282078338362542e-06,1.9723575256315102e-14,0.99999999999999423,4.3410438546782892e-20,2.6949578614330834e-14
36,1.6012199650240989e-05,8.848163856894757e-15,1.0000000000000018,6.0986372202309624e-20,1.6751342701930875e-14
37,9.256912276047784e-06,1.219367629382044e-14,1.0000000000000056,3.4728350837426314e-20,1.7700250914964346e-14
38,1.2868675954264951e-05,1.0498321885104268e-14,0.99999999999999512,3.7322389238392609e-20,1.203764175600483e-14
39,1.9806974231537975e-05,1.7568639216215443e-14,0.99999999999999378,1.0460856898590609e-19,2.4101457838516688e-14
40,1.2423772795030655e-05,1.1271610609289135e-14,1.0000000000000007,4.8280877993495119e-20,1.6132580805959272e-14
41,9.6563451781006381e-06,1.4870483496303753e-14,0.99999999999999623,3.8116482626443515e-20,2.0266241340439979e-14
42,5.5997331901086373e-06,1.7900270830760956e-14,0.99999999999999545,3.5575383784680614e-20,2.6199307917532089e-14
43,1.598905716621242e-05,1.2536244763607774e-14,0.99999999999999167,6.7339119306716877e-20,1.5615871596033875e-14
44,1.1495142099546086e-05,1.2445143598050857e-14,1.0000000000000004,4.7433845046240819e-20,1.6579984096264996e-14
45,1.0809724254918292e-05,1.1924861984084463e-14,0.99999999999999489,4.1504614415460717e-20,1.3669442199774363e-14
46,1.0240158682688097e-05,1.2843309454190884e-14,1.000000000000006,2.9646153153900512e-20,1.465321139441634e-14
47,1.396218915733637e-05,7.34237129682059e-15,0.99999999999999512,3.8857636455291028e-20,1.1315303549628102e-14
48,2.0474391598058038e-05,1.2050414833523704e-14,1.0000000000000016,8.2956289271718039e-20,1.9054968635499205e-14
49,1.4574850654734464e-05,1.0151706352987431e-14,1.0000000000000029,6.0774613965496049e-20,1.5388886612840655e-14
50,1.073182393602235e-05,1.1711225390037687e-14,0.99999999999999645,3.5998900258307764e-20,1.5801824495458704e-14
51,1.1033117371170033e-05,3.5991640620328661e-15,1.0000000000000018,2.0699367648526965e-20,8.4660193506311625e-15
52,1.1752034251898791e-05,1.6775541105692218e-15,0.99999999999999967,1.8052389688357276e-20,7.6731260212746517e-15
53,1.0546593763181049e-05,1.7134897855785691e-14,0.99999999999999323,5.5480658045156672e-20,2.4860299964867203e-14
54,1.4176957785393622e-05,1.492604181012341e-14,1.0000000000000013,6.3527471044072525e-20,2.0981560471127946e-14
55,2.4700200266101298e-06,1.5033912900274327e-14,1,1.0561442061077057e-20,1.8964061605203235e-14
56,1.116636896340669e-05,1.3853426724595385e-14,0.99999999999999878,4.5104504441291493e-20,1.8811681952917639e-14
57,6.8726036613136069e-06,3.9454256662285821e-15,0.99999999999999933,1.4611318340136681e-20,8.4020516524830539e-15
58,2.9817907951961665e-05,8.8038327859214649e-15,0.99999999999999856,7.7927031147395631e-20,1.3296110636650033e-14
59,9.4027981760117748e-06,1.7678302711820572e-14,1.0000000000000033,4.7142677470622153e-20,2.4861579180522144e-14
60,2.4310142327751089e-05,2.0306474802626895e-14,1.0000000000000009,1.2980779916672153e-19,2.698389087441842e-14
61,9.6442714503956403e-06,2.738409241636372e-15,1.0000000000000009,1.5034834813763831e-20,5.3780958010729829e-15
62,8.8793603433344805e-06,3.257094091633323e-15,0.99999999999999867,1.8274487682827764e-20,9.0854174609833692e-15
63,4.6497608969787478e-06,8.6147737126270104e-15,0.99999999999999911,7.411538288475128e-21,7.1213630075042915e-15
64,9.7953146441958165e-06,1.1689455168089471e-14,1.0000000000000038,3.3457801416544863e-20,1.7382449952415211e-14
65,1.8028493608583936e-05,1.7313283867965633e-14,0.99999999999999045,9.6985272460617389e-20,2.44914732831242e-14
66,1.0475443517308973e-05,9.6352265796710229e-15,0.99999999999999578,3.5734202462290796e-20,1.5839584193472862e-14
67,6.7079273596262161e-06,1.1266613611836432e-14,0.99999999999999312,2.8375603733019061e-20,1.6020085897512104e-14
68,1.7910938836666808e-05,1.5133598872974512e-14,0.99999999999999334,8.3009228830921433e-20,2.0303459867179598e-14
69,7.6129076122123872e-06,4.7579844089964475e-15,1.0000000000000004,1.3129010682441655e-20,9.3628138973992523e-15
70,6.1454609774782527e-06,2.7451682570233078e-15,0.99999999999999878,1.5881867761018131e-20,9.4626923787001145e-15
71,9.6742946271490185e-06,7.6353676422199387e-15,0.99999999999999956,3.0440246541951418e-20,1.3943033673806494e-14
72,3.6722937427984317e-05,1.6393271723476726e-14,0.99999999999999689,1.0527031347594851e-19,1.6286710437440331e-14
73,7.0558804108232164e-06,4.3328462101676141e-15,1.0000000000000029,7.8350547621022781e-21,4.6920587787262943e-15
74,2.5212804783505542e-05,7.300337864295179e-15,0.99999999999999856,8.6926756211972572e-20,1.2770543512080058e-14
75,5.2944871896720062e-06,1.6221603608108043e-14,0.9999999999999919,2.6893296075324036e-20,1.7407983316802449e-14
76,5.5603026903291479e-06,4.3220640092800232e-15,1.0000000000000018,8.5762085909497909e-21,7.4481300840776486e-15
77,3.1340642284389859e-06,1.3966441497855188e-14,0.99999999999999989,1.2652554649611111e-20,2.0318723768371983e-14
78,2.3111841535273574e-05,9.3057667633268082e-15,0.99999999999999767,6.5645053412208276e-20,1.2677837389405042e-14
79,6.8636589187258042e-06,5.0370154823539704e-15,1.0000000000000016,9.6879393342210601e-21,5.5871448867553735e-15
80,2.0327823152063541e-05,1.5448177446840563e-14,1.0000000000000007,8.3220987067735008e-20,1.9556626310332644e-14
81,7.1088961760113701e-06,4.3705135357626197e-15,0.99999999999999856,1.0905549195899117e-20,6.0100688585437388e-15
82,9.760128700454392e-06,5.1675277777548137e-15,0.99999999999999822,3.1657856403629475e-20,1.2508038538310045e-14
83,6.7214901432293378e-06,7.1825823827703497e-15,0.99999999999999589,1.4823076576950256e-20,8.8574921060244249e-15
84,1.9905340607253651e-05,6.8553156565435684e-15,1.0000000000000013,3.2610768469290563e-20,7.0790882146248461e-15
85,2.1053376045958305e-05,1.5575683008883119e-14,0.99999999999999933,1.0206747014414319e-19,2.1484878751273071e-14
86,2.086440098956744e-05,1.6389828180609634e-14,0.99999999999999423,1.0503208545953324e-19,2.4385238965117792e-14
87,2.5391379108411576e-05,3.0357255039777469e-15,1.0000000000000009,7.8350547621022781e-20,1.3089766309513833e-14
88,2.1112649944853024e-05,1.0610682197684739e-14,1.0000000000000038,6.3421591925665738e-20,1.26556528563127e-14
89,2.1442771880411092e-05,4.1900984993728574e-15,0.99999999999999833,4.997494388800372e-20,8.2609600770554852e-15
90,1.1517200150769327e-05,7.8480243513245654e-15,1.000000000000004,3.7692966152816365e-20,1.3442762057609159e-14
91,1.6401554304206174e-05,1.1483395878703242e-14,0.999999999999995,6.2680438096818225e-20,1.7512445141555417e-14
92,8.0807112700234789e-06,7.7799705108160088e-15,1.0000000000000007,1.4823076576950256e-20,9.8067521185940233e-15
93,1.9461861014809894e-05,2.9000951405923778e-15,0.99999999999999944,3.748120791600279e-20,8.9691791553187145e-15
94,1.0191622688683728e-05,1.1336348057072383e-14,0.99999999999999822,2.1729621101461761e-20,1.1109865632531003e-14
95,6.4969770849231407e-06,5.4868937517211939e-15,1.0000000000000022,1.3764285392882381e-20,1.0374154501934578e-14
96,1.0746766068049333e-05,3.9406433713406717e-15,1.0000000000000004,2.0540548970916783e-20,7.9108737537481401e-15
97,9.004759721637436e-06,6.5038740515150505e-15,1.0000000000000002,2.4511015911171316e-20,9.9238848321830635e-15
98,6.9471942994224584e-06,3.7333414761680906e-15,0.99999999999999911,1.9481757786848908e-20,1.0744683129963952e-14
99,1.6756049914989985e-05,1.4750455295037873e-14,0.99999999999999645,8.618560238312506e-20,2.3116481519014747e-14
100,1.5784479926772399e-05,8.6123706474784359e-15,0.99999999999999567,4.6057416506952581e-20,1.1772290492158216e-14
