sextupole,sextupole_s_m,greedy_step,quadrupole,provisional_operational,cumulative_information_gain_logdet,incremental_information_gain_logdet,cumulative_precision_improvement_worst_axis,cumulative_precision_improvement_worst_direction,joint_sigma_x_um,joint_sigma_y_um,single_information_gain_logdet,single_precision_improvement_worst_axis,single_screen_rank,single_optics_leverage
SEX_09AW,50.513,1,Q43E,1,1.3980638183218446,1.3980638183218446,1.4784042350788926,1.4784042350788924,1182.0750465329809,1217.211971685445,1.3980638183218446,1.4784042350788926,14,0.008886128399717298
SEX_09AW,50.513,2,QX4D,1,1.9237089550310174,0.5256451367091728,1.7081237318067397,1.7081237318067397,1050.095474859137,1053.5134548040419,1.398008438250642,1.4784080348480633,4,0.010602564591261934
SEX_09AW,50.513,3,Q18W,1,2.2338910898027784,0.31018213477176104,1.8422258433950605,1.8422258433950605,976.8244975936896,969.8333987117367,1.3979868938541955,1.4784085536222484,15,0.008849210160892634
SEX_09AW,50.513,4,QX5A,0,2.4496739157767635,0.21578282597398513,1.9401095089589353,1.9401095089589353,927.5411133334022,916.9039941838319,1.3979773972977227,1.478401099344826,13,0.008950623034268688
SEX_09AW,50.513,5,QX4A,0,2.6134226149186297,0.16374869914186618,2.019611506279133,2.019611506279133,891.02846182724,879.4433685085125,1.3979746093389451,1.478391625895368,5,0.01022774323547575
SEX_10W,52.359,1,Q18W,1,1.439670131646679,1.439670131646679,1.482910148605368,1.482910148605368,693.8130058721582,993.2853889102113,1.439670131646679,1.482910148605368,4,0.01099699446762989
SEX_10W,52.359,2,Q22W,1,1.9920353379064792,0.5523652062598003,1.7152583802576007,1.7152583802576007,608.8531658517835,858.735337270395,1.4396655749640601,1.4829066410244096,9,0.010427544026512603
SEX_10W,52.359,3,QX4A,1,2.3239440618842018,0.33190872397772253,1.864089438906839,1.864089438906839,560.5013991264873,790.1729138813041,1.4396592828671473,1.4828910842988638,12,0.009933430402274145
SEX_10W,52.359,4,QX5A,0,2.558599264066867,0.23465520218266533,1.971978270029342,1.971978270029342,527.2994888351666,746.9417924440239,1.4396552227500372,1.4828987639716553,15,0.009713983707397525
SEX_10W,52.359,5,Q45E,0,2.7392061019201357,0.1806068378532686,2.055910892758119,2.055910892758119,502.2746230102953,716.4478717753832,1.439652534459384,1.4828971844548506,6,0.010748775567282527
SEX_10AW,59.10438500000001,1,Q18W,1,1.6296348441582538,1.6296348441582538,1.5012936453033219,1.5012936453033217,873.2842853502833,781.9039896027765,1.6296348441582538,1.5012936453033219,1,0.013828865602261261
SEX_10AW,59.10438500000001,2,Q22W,1,2.2857907389972247,0.656155894838971,1.7848260317300737,1.7848260317300735,734.5568278544189,669.5780867639367,1.629624458506573,1.5012899821145211,4,0.013078128913033933
SEX_10AW,59.10438500000001,3,QX5A,1,2.6836346133595477,0.39784387436232294,1.989094411879641,1.9890944118796408,659.1221313123696,611.6036072462502,1.6296024347352294,1.5012891680851834,12,0.010372377011742453
SEX_10AW,59.10438500000001,4,Q45E,0,2.964453588891889,0.28081897553234114,2.150432769570254,2.1504327695702536,609.6708377456678,574.5944735678268,1.6295968222001598,1.5012802928843834,2,0.013267084546502099
SEX_10AW,59.10438500000001,5,Q40W,0,3.179621027799211,0.21516743890732215,2.28459562121886,2.2845956212188594,573.8679247928212,548.1783755308046,1.6295939499147174,1.5012792578062055,14,0.00945834252116188
SEX_12W,77.12288200000002,1,Q10W,1,1.632375310612435,1.632375310612435,1.473366055207608,1.473366055207608,1623.7837143505883,1399.473145934687,1.632375310612435,1.473366055207608,1,0.013554543489296546
SEX_12W,77.12288200000002,2,QX4D,1,2.297026598256071,0.6646512876436361,1.7299412132018723,1.7299412132018723,1382.9532399514571,1178.577270623451,1.6322998799841137,1.4733374641663612,4,0.010992595400951335
SEX_12W,77.12288200000002,3,QX6A,1,2.7058499620167247,0.40882336376065354,1.9113524443403134,1.9113524443403134,1251.6936961612064,1061.4331005738156,1.6322921740450091,1.4733340786667417,10,0.009852417277757933
SEX_12W,77.12288200000002,4,QX5C,0,2.9982781262367943,0.2924281642200697,2.0529605694830018,2.0529605694830018,1165.3549713941024,984.991515667853,1.6322823196629663,1.4733297317685072,12,0.00930890357151908
SEX_12W,77.12288200000002,5,QX5B,0,3.224957851647421,0.22667972541062653,2.169573036424901,2.169573036424901,1102.7182609465917,929.4013081019122,1.6322819613801052,1.473329568352481,13,0.009227569859175548
SEX_13W,85.42484500000002,1,Q10W,1,1.7262187430981655,1.7262187430981655,1.5358233695501504,1.5358233695501504,577.6398480369926,1569.2677222395232,1.7262187430981655,1.5358233695501504,2,0.014715031076840936
SEX_13W,85.42484500000002,2,Q18W,1,2.4430487410526673,0.7168299979545019,1.8275991595142331,1.8275991595142331,480.3293967128855,1318.7344874555488,1.7260495067300141,1.535787078540831,3,0.014453207538332877
SEX_13W,85.42484500000002,3,Q22W,1,2.890262060785627,0.44721331973295975,2.0333780715184435,2.0333780715184435,427.33180213705083,1185.277875597634,1.7260471263332882,1.535783346153567,5,0.013681784683590532
SEX_13W,85.42484500000002,4,Q40W,0,3.2135741249250067,0.32331206413937963,2.1943617531921413,2.1943617531921413,392.32770792477817,1098.3230259961429,1.726029702316577,1.5357718558733662,10,0.011372125022883081
SEX_13W,85.42484500000002,5,Q45E,0,3.466102276132826,0.25252815120781946,2.3276246473984554,2.3276246473984554,366.7903591138903,1035.441020780537,1.7260287794778009,1.5357712378015138,4,0.013741008926613493
SEX_14W,92.33155300000003,1,Q10W,1,1.9083363892405671,1.9083363892405671,1.603730187170157,1.6037301871701568,1544.170407488269,1525.9270256229456,1.9083363892405671,1.603730187170157,2,0.014588680512263226
SEX_14W,92.33155300000003,2,Q34W,1,2.722779774792272,0.814443385551705,1.9596569270512434,1.959656927051243,1263.7072655110833,1240.8759681531512,1.9082128154945224,1.6037023703955993,3,0.01372488547711828
SEX_14W,92.33155300000003,3,Q10AW,1,3.230276668631216,0.5074968938389439,2.220271856420139,2.2202718564201387,1115.3736374502635,1090.8195939629518,1.908205466071628,1.603700548758024,1,0.01479358093704188
SEX_14W,92.33155300000003,4,Q38W,0,3.5935932256889984,0.3633165570577823,2.427704880338345,2.4277048803383448,1020.0715567530774,994.6023473036711,1.9082031363766951,1.6036981462752846,9,0.012361222065361875
SEX_14W,92.33155300000003,5,Q26W,0,3.873839925679448,0.2802466999904496,2.6006997276516506,2.60069972765165,952.2178474867297,926.1663608175528,1.908197152634095,1.603695552899431,14,0.01099934166632744
SEX_15W,102.26329400000003,1,Q10W,1,1.9707316442694705,1.9707316442694705,1.64730981783089,1.64730981783089,2383.669394918369,2892.71636981706,1.9707316442694705,1.64730981783089,5,0.011825655520055779
SEX_15W,102.26329400000003,2,Q10AW,1,2.815397868081245,0.8446662238117746,2.037141982480647,2.037141982480647,1932.3023969827202,2339.159527013991,1.9701258515233953,1.6472469051684966,7,0.011247500675231194
SEX_15W,102.26329400000003,3,QX6A,1,3.3397217335040423,0.5243238654227973,2.321281290047865,2.321281290047865,1694.0494513357448,2052.831811736834,1.9701109364971963,1.647241379228342,2,0.012293964825860183
SEX_15W,102.26329400000003,4,QX6D,0,3.712800659976736,0.3730789264726937,2.545291141528188,2.545291141528188,1541.4261389027743,1872.163069462756,1.9701099358097984,1.647221980835576,11,0.010281138218810484
SEX_15W,102.26329400000003,5,QX4D,0,3.9986712826849917,0.2858706227082557,2.730165859718731,2.730165859718731,1433.1718453819701,1745.3884932436663,1.970086391000688,1.647236256875468,8,0.010554714093007877
SEX_16W,110.46949700000003,1,QX4D,1,1.7500868859212417,1.7500868859212417,1.5464191020781026,1.5464191020781026,1715.8233103846153,1973.7312209955246,1.7500868859212417,1.5464191020781026,3,0.011200319785079581
SEX_16W,110.46949700000003,2,QX5A,1,2.454146682505751,0.7040597965845095,1.840446586602658,1.840446586602658,1436.0975245191667,1658.4103471047226,1.7500598887800045,1.5464064216793239,13,0.0076746554133812215
SEX_16W,110.46949700000003,3,Q28E,1,2.875845864260942,0.4216991817551907,2.0417590415891866,2.0417590415891866,1290.3109692672488,1494.8951371557287,1.750014334257692,1.546388443760316,9,0.00901035656925507
SEX_16W,110.46949700000003,4,Q24E,0,3.169650363787852,0.29380449952691023,2.194079757931447,2.194079757931447,1197.1359591184066,1391.1142707925123,1.7500081841947193,1.54638707202088,12,0.008233732679408998
SEX_16W,110.46949700000003,5,QX4A,0,3.3921856199970897,0.22253525620923753,2.3161953644588613,2.3161953644588613,1130.689441294645,1317.771250797971,1.7500049253512948,1.5463908645518871,5,0.010069273833712922
SEX_17W,118.67059200000004,1,QX6A,1,1.5203733557229206,1.5203733557229206,1.5785271046601412,1.5785271046601412,925.6624778069839,2241.267876387727,1.5203733557229206,1.5785271046601412,4,0.013292358306343384
SEX_17W,118.67059200000004,2,Q34W,1,2.1159702041016644,0.5955968483787437,1.89901229386374,1.89901229386374,826.7918370841038,1863.0222158719516,1.520361891981203,1.5785368591557836,2,0.013935467189247085
SEX_17W,118.67059200000004,3,Q38W,1,2.474577138315155,0.35860693421349055,2.1218169327975724,2.1218169327975724,772.1573476703154,1667.3927128187495,1.5203455040792804,1.578531654156197,7,0.012763649558508417
SEX_17W,118.67059200000004,4,Q10AW,0,2.727467061874428,0.2528899235592732,2.2923676272873386,2.2923676272873386,735.1362102703107,1543.3397547446002,1.520342598763989,1.5785269443262948,1,0.014466078150294853
SEX_17W,118.67059200000004,5,Q26W,0,2.9214870055530966,0.19401994367866848,2.430409546038584,2.430409546038584,707.346347374667,1455.6814498398685,1.5203412789553994,1.5785284297424464,12,0.011121485236381595
SEX_18W,126.86934400000005,1,Q10W,1,1.9279253952508952,1.9279253952508952,1.6001836606154978,1.6001836606154978,1185.6485492756317,3302.8340205959353,1.9279253952508952,1.6001836606154978,4,0.014194090860716877
SEX_18W,126.86934400000005,2,Q10AW,1,2.7337658587062137,0.8058404634553185,1.942916326858836,1.942916326858836,962.1753072466971,2720.21031498934,1.9278948921116097,1.6001224932134885,2,0.014413537254605042
SEX_18W,126.86934400000005,3,QX6A,1,3.2248854563720855,0.49111959766587177,2.1862903653502577,2.1862903653502577,846.959580031822,2417.401236928514,1.9278681378029887,1.6001123821929595,6,0.013461640079128442
SEX_18W,126.86934400000005,4,Q17W,0,3.569791397259742,0.34490594088765647,2.3756854650297563,2.3756854650297563,774.5481321147967,2224.680460136758,1.9278556922034475,1.6001344463543663,14,0.010792029947867281
SEX_18W,126.86934400000005,5,Q18E,0,3.8315633409726786,0.26177194371293666,2.530999594027496,2.530999594027496,723.949863430006,2088.1635247805534,1.9278344321924337,1.600106050827649,11,0.011261179487251553
SEX_19W,133.53465100000005,1,QX6D,1,1.9382496224742098,1.9382496224742098,1.6304000563298402,1.6304000563298402,1956.892338852218,2121.9406879977714,1.9382496224742098,1.6304000563298402,12,0.00961040097595753
SEX_19W,133.53465100000005,2,QX6A,1,2.764152322854283,0.8259027003800732,2.002272112909395,2.002272112909395,1590.2058885517401,1727.8431812213412,1.938244025559456,1.6304172268269501,4,0.011110317032592265
SEX_19W,133.53465100000005,3,QX4D,1,3.2730068059056094,0.5088544830513264,2.2691994824074606,2.26919948240746,1397.354466500701,1524.5958956282425,1.9382203704852614,1.6304161538443047,5,0.010846508814561118
SEX_19W,133.53465100000005,4,QX5B,0,3.632437988616914,0.3594311827113046,2.4769579451036003,2.4769579451036003,1274.392054171219,1396.71818977752,1.9381365874977732,1.6303967335950351,13,0.009520170724039606
SEX_19W,133.53465100000005,5,QX5C,0,3.9060525167266995,0.2736145281097855,2.6465134837100677,2.6465134837100677,1187.5280950090337,1307.2339281605398,1.9381352923618458,1.6303966931654357,15,0.009473870897300904
SEX_20W,141.74255400000004,1,QX4D,1,1.5893073713593822,1.5893073713593822,1.4610954479620044,1.4610954479620044,2378.05723618641,2125.205089518931,1.5893073713593822,1.4610954479620044,3,0.010381303428061395
SEX_20W,141.74255400000004,2,QX5A,1,2.213587406865134,0.6242800355057518,1.6970935944497583,1.6970935944497583,2047.3641607913873,1806.6222996555546,1.5892781248556211,1.4610829258451132,12,0.008799876978604276
SEX_20W,141.74255400000004,3,Q22W,1,2.5854999256954017,0.37191251883026766,1.8558328771106263,1.8558328771106263,1872.2421860500046,1640.3656227857593,1.5892716029468374,1.4610828933311626,14,0.008730355876795316
SEX_20W,141.74255400000004,4,Q45E,0,2.8445905703075844,0.2590906446121828,1.9752853347501125,1.9752853347501125,1759.021110347395,1533.807354000152,1.5892490495310412,1.461073171907839,11,0.009127253171613768
SEX_20W,141.74255400000004,5,QX4A,0,3.04125024937629,0.19665967906870563,2.0712236910513937,2.0712236910513933,1677.5438682923282,1457.6856371120996,1.5892445149351992,1.4610709191023548,7,0.01013767489231522
SEX_21W,149.94449100000006,1,Q34W,1,1.5123521475045507,1.5123521475045507,1.5847803777915668,1.5847803777915668,897.2560635908598,1807.3153194114052,1.5123521475045507,1.5847803777915668,3,0.01311421147853008
SEX_21W,149.94449100000006,2,QX6A,1,2.103290300887341,0.5909381533827904,1.9083591320831705,1.9083591320831705,804.0569951378759,1500.869415265001,1.5123515744571492,1.5847670869375023,4,0.013090348678647877
SEX_21W,149.94449100000006,3,QX4D,1,2.4583002941672163,0.35500999327987515,2.1320737738872717,2.1320737738872717,752.210713382882,1343.3859042612708,1.5123393771189484,1.584759537423781,13,0.011372873151617136
SEX_21W,149.94449100000006,4,Q38W,0,2.7080629686592026,0.2497626744919863,2.30228920661093,2.30228920661093,716.9054605675954,1244.0651880141143,1.5123353446109888,1.584775600663462,8,0.012569450455052656
SEX_21W,149.94449100000006,5,Q10AW,0,2.899196290639768,0.19113332198056554,2.4392541527987714,2.4392541527987714,690.3272075881579,1174.2105066825225,1.5123266777586508,1.5847677732790422,1,0.014733134320880883
SEX_22W,158.15117800000007,1,Q10AW,1,1.8299901824038898,1.8299901824038898,1.5779663861198692,1.5779663861198692,1189.8232091707655,1148.829017767406,1.8299901824038898,1.5779663861198692,2,0.01427591413983228
SEX_22W,158.15117800000007,2,QX6A,1,2.5887546712241267,0.758764488820237,1.9182225003531397,1.9182225003531397,978.7712474184278,955.637128514642,1.8299775439477273,1.5779573247015712,4,0.01341412794161423
SEX_22W,158.15117800000007,3,Q40E,1,3.047894377780956,0.45913970655682945,2.16348684654573,2.16348684654573,867.8125464429778,856.7367025368047,1.8299601797207714,1.5779426071160698,15,0.010475983652466584
SEX_22W,158.15117800000007,4,Q18E,0,3.3680963670734982,0.32020198929254207,2.3548033373823407,2.3548033373823407,797.3069341679361,794.5418503375641,1.8299489549238714,1.5779379204880961,12,0.0112521954691631
SEX_22W,158.15117800000007,5,Q10W,0,3.6095990729427925,0.24150270586929423,2.5004573083356503,2.5004573083356503,747.7216101531146,750.8630614239269,1.8299475187065113,1.5779360768451227,6,0.012938649451588192
SEX_23W,166.3549160000001,1,Q10W,1,1.4603064956398022,1.4603064956398022,1.4703290608874977,1.4703290608874977,1131.450037890828,2616.26044865902,1.4603064956398022,1.4703290608874977,2,0.01384208864994783
SEX_23W,166.3549160000001,2,Q17W,1,2.029819012622447,0.5695125169826447,1.696926255267242,1.6969262552672422,982.2357517904135,2266.900966717678,1.4602425054157706,1.4703117067610096,6,0.010783050378147791
SEX_23W,166.3549160000001,3,Q28E,1,2.3777702513787418,0.34795123875629486,1.8454036528646367,1.845403652864637,897.6096086247858,2084.510758685534,1.4601855648657747,1.4703057425636537,9,0.009221969686401326
SEX_23W,166.3549160000001,4,QX4D,0,2.6283866734874692,0.2506164221087275,1.9567076473867522,1.9567076473867524,839.6559981540007,1965.936901024228,1.4601854308884832,1.4703034819353213,4,0.011384101189999388
SEX_23W,166.3549160000001,5,Q30W,0,2.825136007002449,0.1967493335149797,2.046774628760908,2.046774628760908,796.0161928390793,1879.427131087072,1.4601778739259963,1.4702981296163657,14,0.008077760628743323
SEX_24W,176.5575180000001,1,Q10W,1,1.997223249422774,1.997223249422774,1.6556695924351932,1.6556695924351932,1645.919500740991,3288.516197662938,1.997223249422774,1.6556695924351932,13,0.011035141441535248
SEX_24W,176.5575180000001,2,Q18W,1,2.853937697490288,0.856714448067514,2.057686563820111,2.057686563820111,1332.8490325979765,2646.028004669967,1.997181584283254,1.6556095178968313,8,0.01211018843042724
SEX_24W,176.5575180000001,3,Q22W,1,3.384107363067006,0.5301696655767181,2.3545067116758776,2.3545067116758776,1169.9755661260174,2312.4573167284507,1.9971791839126922,1.6556110806187678,10,0.011551438653091857
SEX_24W,176.5575180000001,4,Q34W,0,3.7600357493344916,0.3759283862674856,2.590446402103708,2.590446402103708,1066.6444015983575,2101.8370688077066,1.9971526056548683,1.6555894512290794,6,0.012163214379275438
SEX_24W,176.5575180000001,5,Q10AW,0,4.047156419930907,0.28712067059641555,2.7860782390869727,2.7860782390869727,993.7814687429568,1954.25103154512,1.9971520022924807,1.6556037287494854,1,0.015232639096403499
SEX_25W,184.7633210000001,1,QX6A,1,1.5411809027114174,1.5411809027114174,1.5765796999542854,1.5765796999542854,1038.5789049146538,2497.8598342368646,1.5411809027114174,1.5765796999542854,4,0.01297739016522842
SEX_25W,184.7633210000001,2,QX6D,1,2.1476932335737544,0.606512330862337,1.8942992062732096,1.8942992062732096,921.4455243788991,2078.9087040461122,1.5411669639312358,1.5765624560971492,9,0.010597795306868588
SEX_25W,184.7633210000001,3,QX4D,1,2.512513226111807,0.3648199925380524,2.113308954215251,2.113308954215251,856.5730889424827,1863.4639767810804,1.541167762333579,1.5765746541721644,12,0.010340108761037522
SEX_25W,184.7633210000001,4,Q10AW,0,2.7688535451297156,0.25634031901790877,2.2791627330546276,2.2791627330546276,812.6680295099052,1727.8604335158846,1.541140783834507,1.5765768380785556,7,0.01246528372338763
SEX_25W,184.7633210000001,5,Q10E,0,2.964560704445507,0.1957071593157913,2.411807020909519,2.411807020909519,779.7998103034753,1632.8317621796812,1.5411114391356904,1.5765533268260745,3,0.013708281946018174
SEX_26W,192.9697580000001,1,QX4D,1,1.605706583397179,1.605706583397179,1.4557489298537725,1.4557489298537725,1553.07086581301,1955.0099702497873,1.605706583397179,1.4557489298537725,4,0.011096540291627464
SEX_26W,192.9697580000001,2,Q28E,1,2.22236449553246,0.6166579121352811,1.6693038556349358,1.6693038556349358,1308.3821953171307,1704.904510007304,1.6056745310341967,1.4557451368683956,15,0.008841652159740634
SEX_26W,192.9697580000001,3,Q24E,1,2.5849774095062585,0.36261291397379836,1.807354863842747,1.8073548638427468,1181.686482076762,1574.67895706629,1.6056657180626281,1.4557420731280477,14,0.008874069555174537
SEX_26W,192.9697580000001,4,Q10W,0,2.8363123238854975,0.25133491437923894,1.9102664224924841,1.9102664224924841,1101.4786763891939,1489.8464625322601,1.6056446882364526,1.4557376864544342,3,0.01213656354778565
SEX_26W,192.9697580000001,5,Q25W,0,3.027035119811835,0.19072279592633734,1.9934298256318492,1.9934298256318492,1044.8842309404235,1427.691928479347,1.6056438009055363,1.4557372178542631,8,0.009914917988604124
SEX_27W,201.39945100000008,1,Q10W,1,1.5776055482106344,1.5776055482106344,1.5366218850307598,1.5366218850307598,2046.645595266417,3054.86398653535,1.5776055482106344,1.5366218850307598,3,0.014535384461006162
SEX_27W,201.39945100000008,2,Q40W,1,2.2033546160458,0.6257490678351658,1.8244961017411916,1.824496101741192,1777.2105679546569,2572.858803602096,1.5774089809956493,1.5365801127829792,6,0.013284973852870694
SEX_27W,201.39945100000008,3,Q45E,1,2.585781120459167,0.3824265044133668,2.02408404907435,2.02408404907435,1628.477000920791,2319.1580703623745,1.5774030603054285,1.5365758992495295,7,0.013153366503190931
SEX_27W,201.39945100000008,4,Q22W,0,2.8599448702532264,0.27416374979405944,2.178089919356564,2.178089919356564,1527.9002084980386,2155.1777159361945,1.57739878080098,1.5365696631861583,10,0.012232345498715186
SEX_27W,201.39945100000008,5,Q10AW,0,3.0737716667916786,0.21382679653845216,2.304331135425059,2.304331135425059,1452.5536237413282,2037.107768643954,1.5773974946793707,1.536564881217494,1,0.015698699126444733
SEX_28W,209.60265400000006,1,Q10W,1,1.9836321755963056,1.9836321755963056,1.6655522197140205,1.6655522197140205,2352.6735584505113,2905.214947811209,1.9836321755963056,1.6655522197140205,4,0.013532119894680556
SEX_28W,209.60265400000006,2,Q10AW,1,2.825741673710958,0.8421094981146524,2.0773756478093683,2.0773756478093683,1926.0018506308033,2329.278871722552,1.983547516582334,1.6654766244414585,1,0.01568559997113691
SEX_28W,209.60265400000006,3,QX6A,1,3.3422509833465455,0.5165093096355875,2.3830694498696854,2.3830694498696854,1706.5530428173333,2030.4851817633403,1.9835114958623734,1.6654628590232943,5,0.013396884892348249
SEX_28W,209.60265400000006,4,QX5D,0,3.7057831286026612,0.36353214525611577,2.627032665404362,2.627032665404362,1568.586825086825,1841.9212173475232,1.9835003392857864,1.6654563981088286,10,0.01148646708892526
SEX_28W,209.60265400000006,5,QX4D,0,3.981723064736201,0.27593993613353973,2.829944323774696,2.829944323774696,1471.9782248673816,1709.8524392943314,1.9834697084758872,1.6654470087070188,14,0.011202209850889112
SEX_29W,218.03087800000006,1,Q10W,1,1.8332026251655194,1.8332026251655194,1.5981057020794895,1.5981057020794895,1560.5073569235317,2336.021309723695,1.8332026251655194,1.5981057020794895,14,0.007959171667317008
SEX_29W,218.03087800000006,2,QX4D,1,2.605811257251716,0.7726086320861967,1.9373406469921366,1.9373406469921366,1285.5722136103136,1926.9760230575428,1.8328816910713925,1.5980918351891003,3,0.011505828188527242
SEX_29W,218.03087800000006,3,QX4A,1,3.0807583266726937,0.47494706942097764,2.1747141484433694,2.1747141484433694,1138.0444386143802,1716.6435312525164,1.8328183112163572,1.59805834775205,10,0.008864852251916848
SEX_29W,218.03087800000006,4,Q22W,0,3.4159841022380846,0.3352257755653909,2.356027278811358,2.356027278811358,1042.6630977893083,1584.535547963638,1.8328145004582126,1.5980707236328484,15,0.007952539067149707
SEX_29W,218.03087800000006,5,Q18W,0,3.671007931478403,0.25502382924031863,2.5018290957921248,2.5018290957921248,974.6385984663348,1492.1918453692908,1.8327896303737319,1.5980693797090408,13,0.008254168647709087
SEX_30W,227.31508200000005,1,QX5A,1,1.6819374045284405,1.6819374045284405,1.4961532203442933,1.4961532203442933,1369.3010723999646,1804.4119994378018,1.6819374045284405,1.4961532203442933,11,0.010044389220932804
SEX_30W,227.31508200000005,2,Q45E,1,2.3487265353948636,0.6667891308664231,1.7500930899454623,1.7500930899454623,1147.6054619263423,1542.5904137881498,1.6819269007873139,1.496152724639127,1,0.012432644173812025
SEX_30W,227.31508200000005,3,Q48E,1,2.7478997835936596,0.39917324819879596,1.9236122690100497,1.9236122690100497,1033.164857317265,1403.441258552634,1.6819061791785046,1.4961462866799766,14,0.009278090090780108
SEX_30W,227.31508200000005,4,Q24E,0,3.0272480046992456,0.279348221105586,2.0572621625303027,2.0572621625303027,960.9084889534305,1312.2667946540755,1.6819050113739067,1.4961458775282455,2,0.012034479572240395
SEX_30W,227.31508200000005,5,QX4A,0,3.2400929556785485,0.2128449509793029,2.1671750288884346,2.1671750288884346,910.055095371951,1245.712407996618,1.6818980146842115,1.4961463499687704,15,0.009143090809021101
SEX_31W,235.74654100000004,1,Q10W,1,1.4713063007745646,1.4713063007745646,1.543159940416528,1.543159940416528,1592.3110263977462,2634.3530284912113,1.4713063007745646,1.543159940416528,2,0.013930757689259214
SEX_31W,235.74654100000004,2,Q34W,1,2.0632469249473857,0.5919406241728211,1.830182500154626,1.830182500154626,1404.6660530036747,2221.21458496032,1.4712969102261049,1.5431792118008503,5,0.013446581806903026
SEX_31W,235.74654100000004,3,Q17W,1,2.431506018255586,0.3682590933082004,2.025166074301782,2.025166074301782,1292.9236685121418,2007.3554036224755,1.4712840758389412,1.543153933943632,14,0.010612695217899676
SEX_31W,235.74654100000004,4,Q38W,0,2.6991106736917025,0.26760465543611645,2.1731492674988986,2.1731492674988986,1213.6464435266666,1870.6621414742087,1.4712756154636466,1.5431712796496777,9,0.011823576683154913
SEX_31W,235.74654100000004,5,Q40W,0,2.9099435449778994,0.21083287128619688,2.2930220084018456,2.2930220084018456,1152.4685338438176,1772.8691864217722,1.4712665955800617,1.5431638544079824,7,0.012462541100490193
SEX_32W,243.94574300000002,1,Q10W,1,1.6218648496578751,1.6218648496578751,1.4631889153158963,1.4631889153158963,2129.142457964825,1762.7183475909073,1.6218648496578751,1.4631889153158963,2,0.013666227619618424
SEX_32W,243.94574300000002,2,Q17W,1,2.263944160287835,0.6420793106299598,1.7075207848382081,1.7075207848382081,1824.4800715077445,1492.185345861333,1.6217947829420538,1.4631611042494008,10,0.010746375295678895
SEX_32W,243.94574300000002,3,Q25W,1,2.647589891510936,0.3836457312231012,1.877182058636322,1.877182058636322,1659.5820470848253,1354.1150173429432,1.6217761866070468,1.4631538164581084,12,0.010333107163397106
SEX_32W,243.94574300000002,4,Q10AW,0,2.9148579564309998,0.2672680649200636,2.0078734882783587,2.0078734882783587,1551.5607242236188,1267.2111403883314,1.6217752795737717,1.4631568322648831,9,0.011192354060380051
SEX_32W,243.94574300000002,5,Q34W,0,3.1172999624053936,0.20244200597439388,2.114376925312506,2.114376925312506,1473.4069438267848,1205.9667235718684,1.621768453470235,1.4631466651844465,11,0.010746001278189372
SEX_33W,252.378452,1,Q10W,1,1.6139587247490006,1.6139587247490006,1.530203065631968,1.530203065631968,853.7292366590633,1075.7766225747016,1.6139587247490006,1.530203065631968,2,0.013719902785986296
SEX_33W,252.378452,2,Q17W,1,2.2382634021489984,0.6243046773999978,1.8060477888321163,1.8060477888321163,737.4528974305009,911.4690629883623,1.6138089676429104,1.5301589150802983,5,0.010802172680932233
SEX_33W,252.378452,3,Q25W,1,2.608201850817135,0.36993844866813674,1.990140586331908,1.990140586331908,675.3947675917158,827.1559793838973,1.613767363618944,1.5301466849958019,7,0.010304695876293447
SEX_33W,252.378452,4,Q43E,0,2.8654621241892677,0.25726027337213253,2.1264659626898896,2.1264659626898896,634.5546224213194,774.1279261844821,1.6137221450365509,1.5301284961609698,11,0.00903027040903864
SEX_33W,252.378452,5,QX4D,0,3.0604232199665837,0.19496109577731602,2.2336699344117825,2.2336699344117825,604.6364309744462,736.9740087550194,1.6137032986825979,1.5301343403665644,4,0.01148411974592165
SEX_34W,258.32096800000005,1,Q10W,1,1.761782085832298,1.761782085832298,1.5590743589600382,1.5590743589600382,971.8565829279843,1037.6851499277072,1.761782085832298,1.5590743589600382,1,0.014136954520148782
SEX_34W,258.32096800000005,2,Q17W,1,2.4640000747080997,0.7022179888758018,1.8635710872029898,1.8635710872029898,817.704931057403,868.1334031394902,1.7616812481432227,1.5590162387274022,5,0.010688845809658495
SEX_34W,258.32096800000005,3,QX5A,1,2.8791709836079598,0.4151709088998601,2.0723374348556356,2.0723374348556356,738.852773052289,780.6780318276658,1.7616660009614016,1.5589899958381592,15,0.0085747057707411
SEX_34W,258.32096800000005,4,QX4D,0,3.163657391658404,0.28448640805044434,2.229519772129078,2.229519772129078,689.4984989234819,725.6398127301411,1.761664261288196,1.5589870610206182,4,0.011149241246200843
SEX_34W,258.32096800000005,5,Q25W,0,3.375000634738651,0.21134324308024688,2.354375637112054,2.3543756371120534,655.0963049280422,687.158108682422,1.7616536114322905,1.55900029104623,8,0.00997483313801542
SEX_35W,266.247907,1,Q10W,1,1.7658789702330644,1.7658789702330644,1.5963585132277278,1.5963585132277278,1255.6205576931113,1929.6181571269162,1.7658789702330644,1.5963585132277278,1,0.014486572701539122
SEX_35W,266.247907,2,Q17W,1,2.4861364198089184,0.720257449575854,1.9355583332248307,1.9355583332248307,1062.0191098653643,1591.4593321897798,1.7655498323890662,1.5962836151716355,15,0.009954729314080849
SEX_35W,266.247907,3,Q10AW,1,2.924526838511813,0.43839041870289464,2.1737238889312316,2.1737238889312316,957.9330898685236,1417.0899938551502,1.7653796747842172,1.5962449614318808,4,0.012473660315044098
SEX_35W,266.247907,4,QX5A,0,3.2336361078579507,0.3091092693461377,2.35604354365758,2.35604354365758,889.5940813560682,1307.4301537000974,1.7653773349759199,1.59625589825326,11,0.01034244883168793
SEX_35W,266.247907,5,Q45E,0,3.4693792386895623,0.23574313083161158,2.5027685740280776,2.5027685740280776,839.9207196361746,1230.7819445929301,1.7653494154899683,1.5962465452900045,3,0.012716766217495743
SEX_36W,277.2196100000001,1,Q34W,1,1.979093626823186,1.979093626823186,1.6192627420149213,1.6192627420149213,3534.365184683719,3303.646875527724,1.979093626823186,1.6192627420149213,2,0.013804492421259846
SEX_36W,277.2196100000001,2,Q10AW,1,2.8217373977689526,0.8426437709457666,1.9822910197458181,1.9822910197458181,2887.09669933675,2653.7862529184827,1.979092228694519,1.6192623495001603,1,0.015528161148109782
SEX_36W,277.2196100000001,3,QX6A,1,3.3397878326171906,0.518050434848238,2.2424050938701976,2.2424050938701976,2552.1998125483715,2316.9644762127145,1.9790716238469663,1.61925396461874,5,0.013132134699930806
SEX_36W,277.2196100000001,4,Q26W,0,3.7052396437671575,0.36545181114996694,2.4451945048108614,2.4451945048108614,2340.536038737629,2104.5626688977727,1.9790544971017354,1.619246116436554,13,0.011174964200298478
SEX_36W,277.2196100000001,5,Q30W,0,3.9833067269765223,0.2780670832093648,2.6114228197768647,2.6114228197768647,2191.5508346220413,1955.8887394925707,1.9790496195905156,1.6192440152942946,6,0.012434608667437275
SEX_37W,285.23481400000014,1,Q43E,1,1.533770393078143,1.533770393078143,1.544010065222992,1.544010065222992,1792.4004270392234,2429.5441080627365,1.533770393078143,1.544010065222992,12,0.008724780774612485
SEX_37W,285.23481400000014,2,QX4D,1,2.154943193930521,0.6211728008523778,1.839654352029205,1.839654352029205,1565.435520382932,2039.100743362104,1.5337117120680261,1.5440140563672045,1,0.011455417252531106
SEX_37W,285.23481400000014,3,QX6A,1,2.5400174860932623,0.38507429216274147,2.0457003092502495,2.0457003092502495,1435.896518276003,1833.7195041667242,1.533710329607807,1.5440085211094037,15,0.008576338733524296
SEX_37W,285.23481400000014,4,Q22W,0,2.817759940398787,0.2777424543055247,2.2047107412698392,2.2047107412698392,1346.8577882560446,1701.4660864724108,1.5336537184240555,1.54399423262129,14,0.008670852889361461
SEX_37W,285.23481400000014,5,Q24W,0,3.034573863554492,0.2168139231557049,2.3346808967259296,2.3346808967259296,1279.7263388297802,1606.74658451726,1.533652368682418,1.5439966950582724,8,0.009417734953114619
SEX_38W,293.43722000000014,1,QX4D,1,1.6397431295138176,1.6397431295138176,1.4703050145104508,1.4703050145104508,1354.0628101287384,1683.20773134129,1.6397431295138176,1.4703050145104508,7,0.010321620172148238
SEX_38W,293.43722000000014,2,Q45E,1,2.2819158669788706,0.642172737465053,1.7006557249402232,1.7006557249402232,1136.0612298568035,1455.2203197627473,1.6397404245406335,1.4703126348477753,15,0.009363397111833899
SEX_38W,293.43722000000014,3,QX5A,1,2.6650804284565623,0.38316456147769173,1.855230371299458,1.855230371299458,1023.2459906310693,1333.973832112513,1.6397401165122716,1.4703025543254795,13,0.009464443847319301
SEX_38W,293.43722000000014,4,Q24E,0,2.9333837441478607,0.2683033156912984,1.973771111635298,1.973771111635298,951.9577411497795,1253.8580351413832,1.6397186824798027,1.4703047191148342,6,0.01032235247700043
SEX_38W,293.43722000000014,5,Q10W,0,3.1382935005792802,0.2049097564314195,2.0714796287163186,2.0714796287163186,901.791131500977,1194.715474652045,1.6396966242265592,1.4703013129158242,2,0.013054727781806252
SEX_39W,301.8666330000001,1,Q10W,1,1.594352319095666,1.594352319095666,1.5670286535734885,1.5670286535734885,1269.106922462162,3258.2373520677957,1.594352319095666,1.5670286535734885,2,0.014641897282692445
SEX_39W,301.8666330000001,2,Q17W,1,2.233055290236546,0.63870297114088,1.8750958187233282,1.8750958187233282,1103.4487135593859,2722.9282044423376,1.5942781304686484,1.567008653672547,15,0.010759793203353655
SEX_39W,301.8666330000001,3,Q40W,1,2.622932066282093,0.38987677604554705,2.0872091146244975,2.0872091146244975,1010.7272707366944,2446.2097520842826,1.5942246944971608,1.567008900032275,9,0.01165945239303006
SEX_39W,301.8666330000001,4,Q10E,0,2.901219617842404,0.27828755156031093,2.249220064104062,2.249220064104062,947.6993789639887,2270.0096679367985,1.5942160418418183,1.5669915397230771,13,0.011219511316413858
SEX_39W,301.8666330000001,5,Q34W,0,3.117222966912866,0.21600334907046204,2.380798773249399,2.380798773249399,900.4442017571996,2144.553898549408,1.594216796928695,1.5670011408726852,3,0.013984069072892678
SEX_40W,310.0725710000001,1,Q10W,1,1.9104336798409491,1.9104336798409491,1.6125060131388573,1.6125060131388573,1743.8220441312726,3436.82589289008,1.9104336798409491,1.6125060131388573,2,0.013306921713740245
SEX_40W,310.0725710000001,2,Q10AW,1,2.7040437913103617,0.7936101114694125,1.9662472426128956,1.9662472426128956,1429.9099923839601,2818.517579219633,1.910365849729125,1.612421937806229,10,0.010606868395037812
SEX_40W,310.0725710000001,3,QX6A,1,3.1856513471060737,0.481607555795712,2.2175171468274533,2.2175171468274533,1267.5287220852863,2499.147493098413,1.910349155628353,1.6124137073066496,5,0.012027980575777615
SEX_40W,310.0725710000001,4,QX4D,0,3.5229653298285086,0.33731398272243496,2.4121395249711486,2.4121395249711486,1164.7868174707894,2297.504916703715,1.9103426382603956,1.6124103540647359,9,0.010689912190398868
SEX_40W,310.0725710000001,5,Q24W,0,3.7786919859117596,0.25572665608325096,2.570733148282802,2.570733148282802,1092.3723067909862,2155.767284557892,1.9103206313244883,1.612401964885108,15,0.009940759442619363
SEX_41W,318.2775080000001,1,QX4D,1,1.6543458675444107,1.6543458675444107,1.5611229420014832,1.5611229420014832,2319.9722063600834,3787.5199123875527,1.6543458675444107,1.5611229420014832,11,0.00940831219551658
SEX_41W,318.2775080000001,2,QX4A,1,2.3462621600443896,0.6919162924999789,1.8753603306246396,1.8753603306246396,1971.8900118680158,3152.8790131474325,1.654306985516648,1.5611037527299991,9,0.009846853851600786
SEX_41W,318.2775080000001,3,Q34W,1,2.779207911806509,0.43294575176211936,2.098630418490549,2.098630418490549,1777.1371677652526,2817.4490260026146,1.654291902260578,1.5611007988630372,1,0.014667468150478986
SEX_41W,318.2775080000001,4,QX5A,0,3.0916143928226916,0.3124064810161826,2.2731513256943052,2.2731513256943052,1646.5507807621389,2601.1397312977706,1.6542889237901477,1.5611160376652395,12,0.009366272416092431
SEX_41W,318.2775080000001,5,Q10AW,0,3.334516961069099,0.2429025682464072,2.4169866971892593,2.4169866971892593,1550.5130245670464,2446.3453751697093,1.654284651701822,1.5610984421060161,13,0.009337320936700632
SEX_42W,326.4824450000001,1,Q34W,1,1.7045325546199805,1.7045325546199805,1.4862460812821376,1.4862460812821376,2075.373860813478,1748.6274320160699,1.7045325546199805,1.4862460812821376,3,0.013470135369028321
SEX_42W,326.4824450000001,2,Q38W,1,2.4168495005621793,0.7123169459421987,1.7615901641233198,1.7615901641233198,1750.9840430815898,1451.5559553654869,1.7045109997082761,1.4862367087244825,7,0.012758841563133538
SEX_42W,326.4824450000001,3,Q26W,1,2.8558470484995198,0.43899754793734047,1.959696147958382,1.959696147958382,1573.9767979045484,1296.5537864111327,1.704500354676398,1.4862321212701939,13,0.010753861236119109
SEX_42W,326.4824450000001,4,Q40W,0,3.1675122111842313,0.31166516268471156,2.1150944608370534,2.1150944608370534,1458.3349939882628,1197.4415855885507,1.7044995697611718,1.4862317864253651,10,0.011431352276102256
SEX_42W,326.4824450000001,5,Q10AW,0,3.4063710343622624,0.2388588231780311,2.2429609325187836,2.2429609325187836,1375.1983920493815,1126.8827825470187,1.7044945162940834,1.4862296129817334,1,0.014503138941867754
SEX_43W,334.6823820000001,1,QX6A,1,1.5636233378598305,1.5636233378598305,1.5760025815309362,1.5760025815309362,669.9803002516865,1526.424856655117,1.5636233378598305,1.5760025815309362,5,0.013419754214093058
SEX_43W,334.6823820000001,2,Q40E,1,2.194877386547468,0.6312540486876372,1.89327392384829,1.89327392384829,587.007279451694,1270.6294024858817,1.5636151754659373,1.576006426977678,15,0.01043870096379425
SEX_43W,334.6823820000001,3,Q10E,1,2.5818335300627666,0.38695614351529883,2.1135810818329217,2.1135810818329217,540.0357212543436,1138.1865286735283,1.563610555101853,1.57598940340347,4,0.01354135799908606
SEX_43W,334.6823820000001,4,Q10W,0,2.857492161554326,0.27565863149155945,2.2828344487124967,2.2828344487124967,508.1822373315943,1053.7993747020175,1.5636095315020526,1.5759925673317954,8,0.011756854747654208
SEX_43W,334.6823820000001,5,Q10AW,0,3.0701222162395325,0.21263005468520646,2.420859496108179,2.420859496108179,484.5544851634879,993.7171151274259,1.5636105130495466,1.5760026646428473,3,0.014018493921436658
SEX_44W,345.6874090000002,1,Q10W,1,1.4536712319748872,1.4536712319748872,1.5010013187822242,1.5010013187822242,823.9035176609601,1600.530339657545,1.4536712319748872,1.5010013187822242,1,0.0143867707674693
SEX_44W,345.6874090000002,2,Q17W,1,2.031758079465561,0.578086847490674,1.7605722835739361,1.7605722835739361,723.8010017590442,1364.5552488762933,1.453647320569658,1.5009951454814576,12,0.010659666349672676
SEX_44W,345.6874090000002,3,Q25W,1,2.388822491934807,0.3570644124692457,1.9400607974198512,1.9400607974198512,667.1832081344809,1238.3107548856008,1.453641197180147,1.500993637336233,15,0.010330125950889897
SEX_44W,345.6874090000002,4,Q45E,0,2.646192809224214,0.25737031728940707,2.0798283821844388,2.0798283821844388,628.8832294436296,1155.0944160372035,1.4536382244225052,1.5010106732235358,4,0.013656932437386537
SEX_44W,345.6874090000002,5,Q24E,0,2.846970095669029,0.20077728644481496,2.1958405282482816,2.1958405282482816,600.5443365707276,1094.0676791740586,1.4536211506752856,1.5009986358301997,7,0.012218245578611349
SEX_45W,352.0352120000002,1,Q10W,1,1.7946750967207947,1.7946750967207947,1.5404520892607012,1.5404520892607014,1741.329746406161,1841.3897908322654,1.7946750967207947,1.5404520892607012,3,0.014554763179767735
SEX_45W,352.0352120000002,2,Q45E,1,2.53766754648775,0.7429924497669553,1.8302257210770998,1.8302257210771,1426.9170171553496,1549.848588490794,1.7946627350707374,1.5404330395463857,7,0.012497312067754264
SEX_45W,352.0352120000002,3,Q18W,1,2.9920725986291927,0.45440505214144267,2.030373562728704,2.030373562728704,1261.2384711728646,1397.0693878710183,1.794660041760661,1.540419169064257,6,0.01259209117873763
SEX_45W,352.0352120000002,4,Q40W,0,3.3134727089377947,0.32140011030860194,2.184146960764125,2.184146960764125,1155.345744271624,1298.7096570821006,1.7946551818643712,1.540418449903047,12,0.011353154868343653
SEX_45W,352.0352120000002,5,Q22W,0,3.559518153649254,0.24604544471145928,2.3096441658496087,2.3096441658496087,1080.3067721372165,1228.1427556558037,1.7946550808235102,1.540418881451707,9,0.012001959371133936
SEX_47W,365.88444100000027,1,Q43W,1,1.893115267008497,1.893115267008497,1.6337326104114103,1.6337326104114103,3264.6235241344,3564.4094233691185,1.893115267008497,1.6337326104114103,6,0.010266466164803924
SEX_47W,365.88444100000027,2,Q10W,1,2.6784947356783277,0.7853794686698308,2.011156551321547,2.011156551321547,2713.6574255880855,2895.4940916903406,1.893000732941978,1.633672549502939,4,0.011005089037984398
SEX_47W,365.88444100000027,3,QX4D,1,3.15746603778765,0.47897130210932204,2.285784232086269,2.285784232086269,2427.37614067468,2547.6122505669987,1.8929022875890027,1.6336086318166572,5,0.01073314833250435
SEX_47W,365.88444100000027,4,QX5A,0,3.495907962336773,0.33844192454912303,2.5031557558575788,2.5031557558575788,2244.388269074326,2326.3801695874913,1.8928877429487763,1.6336013702354653,14,0.008538481973476059
SEX_47W,365.88444100000027,5,Q45E,0,3.7552897386261463,0.25938177628937353,2.683874550530491,2.683874550530491,2113.724062001213,2169.733272616947,1.8928474748572484,1.633578021800282,15,0.008297631637180216
SEX_47E,402.10880300000036,1,QX4D,1,1.7429392921701101,1.7429392921701101,1.519748857906317,1.519748857906317,3386.6567177053953,3016.6762588460983,1.7429392921701101,1.519748857906317,2,0.01131865630910882
SEX_47E,402.10880300000036,2,Q45W,1,2.4878875623322365,0.7449482701621264,1.821816880221597,1.821816880221597,2825.128987841791,2491.713699562347,1.742900695066833,1.519732552380004,13,0.008380952727973446
SEX_47E,402.10880300000036,3,Q28E,1,2.959167590007308,0.47128002767507127,2.045029626239889,2.045029626239889,2516.7692500948565,2209.814731801092,1.7428844710600409,1.5197280202008883,8,0.009092500134521562
SEX_47E,402.10880300000036,4,QX4A,0,3.3026041070456493,0.34343651703834155,2.2255939544904084,2.2255939544904084,2312.581622747983,2025.4704023053887,1.7428752310568605,1.5197245505260346,4,0.009989691616771849
SEX_47E,402.10880300000036,5,Q40W,0,3.5723632622057977,0.26975915516014837,2.3790341264730577,2.3790341264730577,2163.4274269465036,1891.9218110700888,1.742873237849075,1.5197214897135762,10,0.008934926975728346
SEX_45E,416.40915300000034,1,Q10W,1,1.889477401946671,1.889477401946671,1.5897214812956033,1.5897214812956033,1789.4221123275602,2131.5023822206767,1.889477401946671,1.5897214812956033,3,0.01421518519410199
SEX_45E,416.40915300000034,2,Q10AW,1,2.6792280661799843,0.7897506642333134,1.9210920692141218,1.9210920692141216,1456.9604351521896,1763.8379642237155,1.88946375061521,1.5896817620911408,1,0.014776453044970614
SEX_45E,416.40915300000034,3,Q43W,1,3.1636134966530776,0.48438543047309324,2.1545647744714844,2.1545647744714844,1282.5555212703043,1572.7051535408866,1.8894568375502594,1.5897123900511516,14,0.01120951942009899
SEX_45E,416.40915300000034,4,QX6A,0,3.507072571144519,0.34345907449144164,2.335840491685101,2.335840491685101,1171.0585565134345,1450.6534742038245,1.889440540091222,1.5896752493178654,5,0.013411317010582017
SEX_45E,416.40915300000034,5,Q18E,0,3.7707635692809625,0.26369099813644326,2.484805194541066,2.484805194541066,1091.8626312277183,1363.6864297825987,1.8894386083001748,1.5896843549416426,12,0.01142570102624331
SEX_44E,422.7528710000003,1,Q43W,1,1.7710248051335178,1.7710248051335178,1.5978291230436954,1.5978291230436954,1211.7720625350776,2401.4408604165856,1.7710248051335178,1.5978291230436954,11,0.01099193400931229
SEX_44E,422.7528710000003,2,Q10W,1,2.50295079207973,0.7319259869462122,1.9440737040121852,1.9440737040121852,1022.5101323902694,1973.737999810258,1.7710005880336084,1.5978232870598725,1,0.013661244512363302
SEX_44E,422.7528710000003,3,Q17W,1,2.9552245077859993,0.4522737157062693,2.1944037355736885,2.1944037355736885,920.5797949985091,1748.5807565113305,1.77080772722449,1.5977685081046595,12,0.01072203826764964
SEX_44E,422.7528710000003,4,Q47AE,0,3.279099826641268,0.32387531885526855,2.3927597262562155,2.3927597262562155,853.7198180769949,1603.62618190852,1.7707031215869904,1.5977392593545092,15,0.010380885076350618
SEX_44E,422.7528710000003,5,QX6A,0,3.529906545980584,0.250806719339316,2.558323430153809,2.558323430153809,805.2110647494391,1499.846383305038,1.7706806633056829,1.5977404333249212,6,0.011787489675729302
SEX_43E,433.75209100000035,1,Q43W,1,1.9001778347947749,1.9001778347947749,1.6524799048649865,1.6524799048649865,1107.3706715759106,2036.5626164338814,1.9001778347947749,1.6524799048649865,13,0.011239059026344032
SEX_43E,433.75209100000035,2,Q10W,1,2.7128399086095953,0.8126620738148205,2.054085296229384,2.054085296229384,916.8704518555968,1638.3831795271417,1.9000602835751295,1.6524537850322514,2,0.014209084679511312
SEX_43E,433.75209100000035,3,Q10AW,1,3.220549937800655,0.5077100291910597,2.3530682855532112,2.3530682855532112,814.8472450038238,1430.208727608192,1.899605373324107,1.6523510905367365,1,0.015068902504495664
SEX_43E,433.75209100000035,4,Q22W,0,3.584630701351042,0.3640807635503869,2.5932178758604008,2.5932178758604008,748.5512577563023,1297.7616844244733,1.8995851523270204,1.652349243884562,14,0.010930413236518239
SEX_43E,433.75209100000035,5,Q38W,0,3.865556721981811,0.2809260206307691,2.7945491068324335,2.794549106832433,700.9579618644108,1204.2654002494303,1.8995783841541964,1.6523496828545237,8,0.012114707847746221
SEX_42E,441.95955800000036,1,Q10W,1,2.0087430051670196,2.0087430051670196,1.6763779319085974,1.6763779319085974,2128.2654034448688,2300.860371404095,2.0087430051670196,1.6763779319085974,5,0.013262477206164573
SEX_42E,441.95955800000036,2,Q10AW,1,2.87210037220056,0.8633573670335402,2.101955052253368,2.101955052253368,1733.012139731195,1835.0114322805753,2.0086288640954955,1.6763053274916797,1,0.0156916376143669
SEX_42E,441.95955800000036,3,Q34W,1,3.40716890098005,0.5350685287794903,2.422142542736264,2.422142542736264,1528.2317669332008,1592.4378862804308,2.008613654295498,1.6762969772887313,7,0.012662838939123955
SEX_42E,441.95955800000036,4,Q38W,0,3.7871995376223957,0.3800306366423456,2.6806478818941963,2.6806478818941963,1398.6424063744253,1438.8728848263863,2.0086113160139654,1.676296222310751,4,0.013277520175064278
SEX_42E,441.95955800000036,5,QX6A,0,4.0779937709712435,0.2907942333488478,2.8978684111748745,2.8978684111748745,1307.375723583603,1331.0168039897528,2.0085940830639153,1.6762918874655446,3,0.01335557283329112
SEX_41E,450.1611960000003,1,Q43E,1,1.8962205161411738,1.8962205161411738,1.627823487851158,1.627823487851158,2966.076379776467,5272.116519068004,1.8962205161411738,1.627823487851158,2,0.011266099036535039
SEX_41E,450.1611960000003,2,QX4D,1,2.727517809544924,0.8312972934037504,2.0071182047910776,2.0071182047910776,2413.4263837614744,4275.819470891749,1.8961683990172808,1.627839336319208,1,0.011474813031199578
SEX_41E,450.1611960000003,3,Q45W,1,3.2563788153887145,0.5288610058437904,2.288551757333666,2.288551757333666,2112.4242120622366,3750.002626300986,1.8961234051172902,1.627827799095237,5,0.010689414724172298
SEX_41E,450.1611960000003,4,QX4A,0,3.641333485084754,0.38495466969603953,2.515442129056016,2.515442129056016,1915.3267919805915,3411.7561287914136,1.8961138971133167,1.627808432507178,13,0.00866225818191575
SEX_41E,450.1611960000003,5,Q34W,0,3.942466713223407,0.30113322813865295,2.707160243526948,2.707160243526948,1773.1777262484825,3170.139307766306,1.8961022138081631,1.627808613416877,10,0.00913948272136575
SEX_40E,458.3645330000003,1,Q18W,1,1.8799576011591626,1.8799576011591626,1.5683365538690794,1.5683365538690794,1841.4523856024389,2967.969076147629,1.8799576011591626,1.5683365538690794,6,0.012829090443247208
SEX_40E,458.3645330000003,2,Q45E,1,2.6749603545643126,0.79500275340515,1.890930548951895,1.890930548951895,1491.9839547860447,2461.631600089922,1.8799521076162335,1.568336065101578,10,0.012179642910074584
SEX_40E,458.3645330000003,3,Q22W,1,3.1689082825659938,0.4939479280016812,2.123867823902785,2.123867823902785,1309.051191310957,2191.6497535716844,1.879950660052458,1.5683352261957713,11,0.012123431160776752
SEX_40E,458.3645330000003,4,Q38W,0,3.5229175987828683,0.3540093162168745,2.3091935676194377,2.3091935676194377,1192.3872884108343,2015.7575606249436,1.879931345464847,1.5683315561729625,9,0.012192225563866486
SEX_40E,458.3645330000003,5,QX5D,0,3.796969033769699,0.2740514349868306,2.4646990326047433,2.4646990326047433,1109.7148049591233,1888.5771979859583,1.8799131583396367,1.5683287165106463,15,0.011469617152626576
SEX_39E,466.5685700000003,1,Q10W,1,1.7616441497791762,1.7616441497791762,1.6046390525691558,1.6046390525691558,1601.110554727631,2973.1393474209735,1.7616441497791762,1.6046390525691558,2,0.014716557499405408
SEX_39E,466.5685700000003,2,Q47AE,1,2.486072071286195,0.7244279215070186,1.9516849877735278,1.9516849877735278,1355.6455726496351,2444.459805495656,1.761447069809499,1.6045792848184097,15,0.011599016830626247
SEX_39E,466.5685700000003,3,Q10AW,1,2.931416294606727,0.44534422332053225,2.1990255886390915,2.1990255886390915,1222.535424240947,2169.5134109622522,1.761435961939931,1.604581296343449,1,0.015164137471561747
SEX_39E,466.5685700000003,4,QX5D,0,3.2490789188403397,0.3176626242336127,2.3921015092141555,2.3921015092141555,1134.569780286891,1994.403451201768,1.7614251658533107,1.6045764700330367,11,0.012069080743658811
SEX_39E,466.5685700000003,5,Q38W,0,3.4944293382443874,0.24535041940404767,2.550923698856421,2.550923698856421,1070.2171560303493,1870.2305787273945,1.7614245976050817,1.6045788369828013,4,0.01424778813782431
SEX_38E,475.0016130000003,1,Q43W,1,1.9326127843900522,1.9326127843900522,1.6275418650814637,1.6275418650814637,2927.9351673046963,3533.800487517505,1.9326127843900522,1.6275418650814637,4,0.011175912036426488
SEX_38E,475.0016130000003,2,Q10W,1,2.758553178501174,0.8259403941111216,2.0033529771936562,2.0033529771936562,2384.7128137803684,2870.8911019448674,1.9325783081150547,1.627518944364824,1,0.013384744456844134
SEX_38E,475.0016130000003,3,Q17W,1,3.2747075656531663,0.5161543871519925,2.2797521208007825,2.2797521208007825,2096.4510998474316,2522.821750576898,1.932472199132036,1.627452829351083,10,0.010123910503292744
SEX_38E,475.0016130000003,4,QX4D,0,3.646285470802578,0.3715779051494117,2.500937428960031,2.500937428960031,1909.9096269105582,2299.7009719957864,1.932471567447827,1.62743112793878,2,0.011491873612531728
SEX_38E,475.0016130000003,5,Q45W,0,3.9350063742222403,0.2887209034196623,2.686669821140918,2.686669821140918,1775.9443014347376,2140.7201551241005,1.9324606508801097,1.627427987546465,6,0.011075512205239661
SEX_37E,483.2036200000002,1,Q10W,1,1.969000387556541,1.969000387556541,1.6439676502916494,1.6439676502916494,3207.1207745184206,4242.040058042666,1.969000387556541,1.6439676502916494,12,0.01000309821895621
SEX_37E,483.2036200000002,2,Q43E,1,2.8361580915445295,0.8671577039879885,2.040759625647784,2.040759625647784,2580.554279103258,3417.24548987479,1.968719392067925,1.6439294118095777,9,0.01107849029702129
SEX_37E,483.2036200000002,3,Q10AW,1,3.3871594363901707,0.5510013448456412,2.338732914379617,2.338732914379617,2245.1913005029232,2981.8610683526254,1.9686339995739033,1.6439174943364816,3,0.012880678890365907
SEX_37E,483.2036200000002,4,Q34W,0,3.787301420297215,0.40014198390704436,2.580844419437437,2.580844419437437,2028.3589843150571,2702.129804548068,1.9686240924816687,1.643923266121271,1,0.014302237121022018
SEX_37E,483.2036200000002,5,QX5A,0,4.099511636798063,0.3122102165008478,2.7864613286777185,2.7864613286777185,1873.442759109903,2502.7358373470684,1.9686225428479744,1.6439345471793654,13,0.009903448219728595
SEX_36E,491.21897400000023,1,Q34W,1,1.9262677322835877,1.9262677322835877,1.6157361535661552,1.6157361535661552,2323.036555034893,2704.447214464889,1.9262677322835877,1.6157361535661552,2,0.014219952189105326
SEX_36E,491.21897400000023,2,Q38W,1,2.7467652517022856,0.8204975194186979,1.980512391640155,1.980512391640155,1889.2715840342669,2206.3346628210047,1.9262497064284112,1.6157291848818243,3,0.013416336127893861
SEX_36E,491.21897400000023,3,Q26W,1,3.2554650279811845,0.508699776278899,2.248153779975355,2.248153779975355,1662.9534423566047,1943.6718158444237,1.9262339189616533,1.615724818009495,11,0.011382823425944814
SEX_36E,491.21897400000023,4,Q10AW,0,3.6182562518957333,0.36279122391454877,2.462426264272113,2.462426264272113,1519.2813161209658,1774.539690070219,1.926231783385557,1.6157246132865297,1,0.014486194433923611
SEX_36E,491.21897400000023,5,QX5D,0,3.89747428222417,0.27921803032843684,2.6425624363856595,2.6425624363856595,1417.9757205172552,1653.5742276722829,1.926220183305091,1.6157210855106143,13,0.011191632612369707
SEX_35E,502.1918880000002,1,Q10W,1,1.735607491153722,1.735607491153722,1.6037560913805606,1.6037560913805606,1311.3384993584768,2217.6858088506942,1.735607491153722,1.6037560913805606,3,0.013977369394879808
SEX_35E,502.1918880000002,2,Q17W,1,2.469561847051935,0.7339543558982129,1.954617767517314,1.954617767517314,1107.2920241190668,1819.6023712759086,1.7355718234265893,1.6037453170740252,15,0.010798667943801387
SEX_35E,502.1918880000002,3,Q10E,1,2.92893712918087,0.45937528212893497,2.2089001848798717,2.2089001848798717,994.5447884090513,1610.1348304726362,1.7355535622469063,1.6037349646198722,12,0.01172247989651162
SEX_35E,502.1918880000002,4,Q47AE,0,3.260867155480245,0.33193002629937496,2.4108377646701875,2.4108377646701875,919.4720896695065,1475.2660576474286,1.7355525131163319,1.6037399176370295,11,0.012048792114748377
SEX_35E,502.1918880000002,5,Q47AW,0,3.5198724715494905,0.2590053160692456,2.5796399258895693,2.5796399258895697,864.3454800326913,1378.730065780809,1.7355464220499996,1.6037383341491642,13,0.011147858871712662
SEX_34E,510.11032700000015,1,Q10W,1,1.7987496705330202,1.7987496705330202,1.5464604069986405,1.5464604069986405,2055.1167736376337,1717.1874409355785,1.7987496705330202,1.5464604069986405,1,0.013727668099015747
SEX_34E,510.11032700000015,2,Q43W,1,2.57159159346676,0.7728419229337398,1.8657580570467485,1.8657580570467485,1703.4131034224208,1407.711739728906,1.7987268097171523,1.5464522349554093,4,0.01120660522746767
SEX_34E,510.11032700000015,3,Q28E,1,3.0607737055649764,0.4891821120982165,2.1011490105449644,2.1011490105449644,1512.5803578134066,1241.3398965718977,1.7987028102536229,1.5464406900028786,13,0.00920979806542639
SEX_34E,510.11032700000015,4,Q17W,0,3.4165013557710466,0.3557276502060702,2.2907219029025456,2.2907219029025456,1387.4039961648705,1132.8201133535667,1.7986975053551149,1.5464418782869798,6,0.01074823667698732
SEX_34E,510.11032700000015,5,Q25W,0,3.6947613695074466,0.27826001373639997,2.450908911217812,2.4509089112178124,1296.725760652696,1054.611152294541,1.7986829581207147,1.5464367502489043,10,0.010311157301133054
SEX_33E,516.0587210000001,1,Q10W,1,1.7702976182412797,1.7702976182412797,1.588090642359953,1.588090642359953,1141.9857150612618,1915.8229009681254,1.7702976182412797,1.588090642359953,1,0.014339156088111885
SEX_33E,516.0587210000001,2,Q43W,1,2.518749731468695,0.7484521132274153,1.935458551627112,1.935458551627112,957.2931439310951,1571.9791151758807,1.7702805772862433,1.588085303861323,6,0.010994223590946596
SEX_33E,516.0587210000001,3,Q17W,1,2.988930651790696,0.4701809203220009,2.192509739140718,2.192509739140718,857.2433304744266,1387.6793188790061,1.7701870014398935,1.5880554775507436,7,0.010767895691743346
SEX_33E,516.0587210000001,4,Q25W,0,3.3293450223709513,0.34041437058025537,2.399782926285419,2.399782926285419,791.4336316795087,1267.8231802223088,1.7701559922231134,1.588045621390236,11,0.010335601649433094
SEX_33E,516.0587210000001,5,Q47AE,0,3.594834551765576,0.26548952939462467,2.574754881549138,2.574754881549138,743.5807082999736,1181.6660464454833,1.770124298261841,1.588035587795778,4,0.011716551972901241
SEX_32E,524.4910650000002,1,Q10W,1,1.9109005390518412,1.9109005390518412,1.6029905072178332,1.6029905072178332,3063.4615315562237,2996.484887729332,1.9109005390518412,1.6029905072178332,3,0.01458440851874686
SEX_32E,524.4910650000002,2,Q22W,1,2.7248433956218996,0.8139428565700584,1.9582010943089412,1.9582010943089412,2507.7607037313196,2436.6490624582934,1.910754882643161,1.602965243359902,8,0.012113340024338662
SEX_32E,524.4910650000002,3,Q18W,1,3.2310448171670494,0.5062014215451498,2.2168884187260556,2.2168884187260556,2215.1316741207866,2141.703212849214,1.910754444533147,1.602966818450476,7,0.012720363976824717
SEX_32E,524.4910650000002,4,Q45E,0,3.5929538042585882,0.36190898709153885,2.4219208489361486,2.4219208489361486,2027.6053845726221,1952.485698166283,1.9107496578833967,1.6029639805567875,11,0.012048762267697487
SEX_32E,524.4910650000002,5,Q34W,0,3.871948518640206,0.2789947143816178,2.59240364747778,2.59240364747778,1894.265099915819,1817.8063112924588,1.9107495298581334,1.6029640629717006,14,0.01118837769633955
SEX_31E,532.6925710000002,1,Q10W,1,2.074626180056107,2.074626180056107,1.6715157755343772,1.6715157755343772,5618.608148906302,5399.40740815666,2.074626180056107,1.6715157755343772,10,0.011915929276096237
SEX_31E,532.6925710000002,2,Q10AW,1,2.9911101892430167,0.9164840091869095,2.095201370459208,2.095201370459208,4482.4293692517585,4280.055630315638,2.0741221937391785,1.6711503038734248,1,0.015649027524371074
SEX_31E,532.6925710000002,3,QX6A,1,3.5718282845018905,0.5807180952588737,2.4173115198780506,2.4173115198780506,3885.1393708315586,3693.643139713497,2.074114043732031,1.6711541160317764,4,0.013241884565975078
SEX_31E,532.6925710000002,4,Q34W,0,3.9922015387304484,0.42037325422855787,2.6810926988205694,2.6810926988205694,3502.897218575961,3320.1006510946495,2.074079463990742,1.6711199728138866,5,0.013232675467803146
SEX_31E,532.6925710000002,5,Q38W,0,4.319330788092113,0.3271292493616649,2.906446557707569,2.906446557707569,3231.297039519768,3056.0928703112295,2.0740703296668954,1.671114842812366,3,0.013648340896381058
SEX_30E,541.1213150000002,1,QX4D,1,1.968383007223963,1.968383007223963,1.629423778628255,1.629423778628255,2385.499063517387,2993.2470703227136,1.968383007223963,1.629423778628255,9,0.010951436323067587
SEX_30E,541.1213150000002,2,QX6A,1,2.8295844367898795,0.8612014295659165,2.0163703911480573,2.0163703911480573,1919.1459232734721,2418.8353355636355,1.9683797645161718,1.629423351608302,8,0.011085286650578445
SEX_30E,541.1213150000002,3,Q40E,1,3.3762832461938608,0.5466988094039813,2.3091503669200506,2.3091503669200506,1672.1520374020313,2112.1482695812915,1.968374088677514,1.6294178449344758,3,0.012245269698192307
SEX_30E,541.1213150000002,4,Q45W,0,3.774060770318222,0.3977775241243613,2.5492923978546416,2.5492923978546416,1513.09747725356,1913.1849903909247,1.9683733628181095,1.6294184867448112,4,0.011980016078786387
SEX_30E,541.1213150000002,5,Q43E,0,4.085383955539935,0.3113231852217133,2.755075688330439,2.755075688330439,1399.5158456487738,1770.2845596408235,1.9683605321572948,1.6294300605534868,14,0.010410508563861444
SEX_29E,550.4060380000002,1,Q43E,1,1.7609585912584116,1.7609585912584116,1.5842201353146887,1.5842201353146887,945.4197711106984,2801.982290478942,1.7609585912584116,1.5842201353146887,10,0.011125686394200893
SEX_29E,550.4060380000002,2,Q10W,1,2.5176823946285474,0.7567238033701358,1.9299493037117093,1.9299493037117093,788.9229070905054,2300.038013866395,1.760925166146091,1.5842099165747972,3,0.01412443855929997
SEX_29E,550.4060380000002,3,Q24E,1,2.995012533608147,0.47733013897959964,2.1870080401503356,2.1870080401503356,704.1871929559212,2029.6938474294664,1.7609136595321928,1.584222007077155,5,0.012165313406503793
SEX_29E,550.4060380000002,4,Q17W,0,3.340382133604095,0.34536959999594785,2.3951967873643794,2.3951967873643794,648.9076399659923,1853.2743475564027,1.760911763366508,1.5842057460949823,14,0.010574913519851067
SEX_29E,550.4060380000002,5,Q47AE,0,3.6091568030592676,0.2687746694551727,2.5715887732044878,2.5715887732044878,609.0872802339634,1726.153422983129,1.7609059199876143,1.5842040465729228,6,0.011982672094396955
SEX_28E,558.8351820000003,1,Q10W,1,1.95482256070785,1.95482256070785,1.6133797789647062,1.6133797789647062,2006.6600155080891,3097.03473339878,1.95482256070785,1.6133797789647062,2,0.014689855790040507
SEX_28E,558.8351820000003,2,Q34W,1,2.787505792319564,0.8326832316117141,1.9736505118479648,1.9736505118479648,1618.7976781526827,2531.701121156677,1.9548175320711962,1.6133376588959814,3,0.014535901812884899
SEX_28E,558.8351820000003,3,Q38W,1,3.304104037103002,0.5165982447834381,2.236061852651309,2.236061852651309,1416.5380681947677,2234.5952584864053,1.9548085503670762,1.613336396596686,4,0.014003685955778973
SEX_28E,558.8351820000003,4,Q10AW,0,3.673023092026625,0.368919054923623,2.444946175372802,2.444946175372802,1287.9647750163856,2043.6822961368682,1.9547990690746815,1.613337356969972,1,0.014949565830323641
SEX_28E,558.8351820000003,5,Q26W,0,3.957430906227998,0.28440781420137284,2.6197611285952473,2.6197611285952473,1197.12087658269,1907.308708063868,1.9547936007558775,1.6133344802743717,13,0.01181404617299006
SEX_27E,567.0402060000004,1,Q43E,1,1.9924677047555903,1.9924677047555903,1.6721111037233143,1.672111103723314,4461.067923506585,5350.896603506866,1.9924677047555903,1.6721111037233143,15,0.011217054880994524
SEX_27E,567.0402060000004,2,QX6A,1,2.8791694065643156,0.8867017018087253,2.098948356512447,2.0989483565124467,3594.4349631021096,4262.750723636559,1.9924346606140553,1.6721220678084305,4,0.013497965611592035
SEX_27E,567.0402060000004,3,Q10AW,1,3.446692240721063,0.5675228341567475,2.425966519998426,2.425966519998425,3128.0786367735686,3688.1356572080826,1.9924082305926767,1.6721240652174196,1,0.014854760682337612
SEX_27E,567.0402060000004,4,Q45W,0,3.8612486056624746,0.41455636494141146,2.6958169082146597,2.6958169082146592,2825.2929206793224,3318.954487723227,1.9923820756872104,1.6721090492547337,8,0.01189290810277407
SEX_27E,567.0402060000004,5,Q30W,0,4.186295380762143,0.3250467750996684,2.9279045796644896,2.9279045796644896,2608.2366727591175,3055.869268329938,1.9923661781119897,1.672108596924782,13,0.01130404759047716
SEX_26E,575.4706000000004,1,QX4D,1,1.9250189508193145,1.9250189508193145,1.6107763865090936,1.6107763865090936,3321.3807392130416,3595.1734453579375,1.9250189508193145,1.6107763865090936,4,0.011221101400428979
SEX_26E,575.4706000000004,2,Q28E,1,2.7741140161814073,0.8490950653620928,1.986181172462739,1.986181172462739,2678.697167937578,2915.655717351609,1.9250094119775696,1.610771832436122,10,0.009845328814410368
SEX_26E,575.4706000000004,3,Q43E,1,3.3182806792332613,0.544166663051854,2.2720775463386946,2.2720775463386946,2334.337345460681,2548.7776596881386,1.9250038784484005,1.6107864524855964,6,0.010800786805366877
SEX_26E,575.4706000000004,4,Q47AE,0,3.7171183335746107,0.39883765434134943,2.5076623364427344,2.5076623364427344,2110.5858840414658,2309.330250340645,1.9249716833948725,1.6107665914750957,2,0.012020407234681273
SEX_26E,575.4706000000004,5,Q47AW,0,4.03092706481117,0.31380873123655917,2.7100027776868916,2.7100027776868916,1949.6695452520162,2136.9057400487245,1.9249702440558423,1.6107656583355505,5,0.010981988484404404
SEX_25E,583.6744190000005,1,Q10W,1,1.7911498573129023,1.7911498573129023,1.6057139333687185,1.6057139333687185,1414.8409611336183,3193.6738139847707,1.7911498573129023,1.6057139333687185,3,0.01455852884816982
SEX_25E,583.6744190000005,2,Q10E,1,2.5490811580319956,0.7579313007190933,1.96384529392748,1.96384529392748,1184.5790026045752,2611.2680859368816,1.7910712958858994,1.6056834065972125,7,0.012178554037644064
SEX_25E,583.6744190000005,3,Q47AE,1,3.0215704152663,0.47248925723430446,2.227040195012939,2.227040195012939,1060.6816971417938,2302.664564938564,1.7910636548638479,1.6056862570661075,8,0.012116914945209391
SEX_25E,583.6744190000005,4,Q10AE,0,3.3611921054093408,0.33962169014304067,2.4379242961200602,2.4379242961200602,979.7816960528289,2103.4806330580245,1.7910456217535184,1.605684498876922,2,0.014579939683858715
SEX_25E,583.6744190000005,5,Q09AE,0,3.624775332778036,0.2635832273686951,2.6151290345965106,2.6151290345965106,921.225303370222,1960.9458936474177,1.7910436018794478,1.6056838371222497,4,0.014129144201595847
SEX_24E,591.8780370000006,1,Q10W,1,2.024317569102834,2.024317569102834,1.6555058238128688,1.6555058238128688,2061.466809848673,4929.718831111381,2.024317569102834,1.6555058238128688,3,0.014583996327382488
SEX_24E,591.8780370000006,2,Q10AW,1,2.908936818541143,0.8846192494383089,2.0634606169729306,2.0634606169729306,1651.0080436949697,3955.0928026129236,2.024254121682933,1.655417854151497,1,0.015507694730132507
SEX_24E,591.8780370000006,3,Q38W,1,3.4682455124200473,0.5593086938789043,2.3724237287538794,2.3724237287538794,1435.1355554176678,3440.017116567763,2.024239009157622,1.6554092800752855,8,0.012091623040765664
SEX_24E,591.8780370000006,4,Q18E,0,3.8738204592184076,0.40557494679836026,2.6255253625145807,2.6255253625145807,1296.723562118176,3108.3981709658833,2.024230090299703,1.6554131385843027,11,0.01160788461107751
SEX_24E,591.8780370000006,5,QX6A,0,4.190503054074981,0.316682594856573,2.8421199373203536,2.8421199373203536,1198.1379762314325,2871.5108491724995,2.0242231625339286,1.6554063831736976,5,0.01355026757962945
SEX_23E,602.0839950000009,1,Q43E,1,1.872423963948517,1.872423963948517,1.637020310697797,1.637020310697797,1311.6631790946378,3984.5370438622017,1.872423963948517,1.637020310697797,7,0.01041288627676909
SEX_23E,602.0839950000009,2,QX4D,1,2.7035668837768085,0.8311429198282916,2.0379361341699505,2.0379361341699505,1077.6517470670342,3200.6734461219517,1.8723644829759216,1.6370159879894,1,0.011625821717271204
SEX_23E,602.0839950000009,3,Q10E,1,3.2379909798244597,0.5344240960476512,2.3468856078592197,2.3468856078592197,950.0163317183724,2779.3293578889497,1.872354292385289,1.637001836749026,8,0.010378700234387844
SEX_23E,602.0839950000009,4,Q45W,0,3.630165197499103,0.39217421767464344,2.6036497829156775,2.6036497829156775,866.2877379360789,2505.240187190502,1.872343506739977,1.637007723455765,9,0.009898904289095414
SEX_23E,602.0839950000009,5,QX4A,0,3.9388299044331276,0.3086647069340245,2.8257690549100323,2.8257690549100323,805.7319321875444,2308.3160522960206,1.8723418043546616,1.6369994145554612,11,0.009386902388635234
SEX_22E,610.288114000001,1,Q18W,1,1.925725377189032,1.925725377189032,1.6153444015172822,1.615344401517282,2183.2965006559893,2041.285623301679,1.925725377189032,1.6153444015172822,7,0.012831562308978882
SEX_22E,610.288114000001,2,Q45E,1,2.7639415920245085,0.8382162148354766,1.9916150403388757,1.9916150403388753,1770.8119831163963,1655.1132101821315,1.925721427243694,1.6153416102905318,10,0.012176519651736413
SEX_22E,610.288114000001,3,Q22W,1,3.2935996392260805,0.529658047201572,2.2722036886294186,2.2722036886294186,1552.1389199549528,1448.957958418643,1.9257199671737908,1.6153411283868753,11,0.012137346338207865
SEX_22E,610.288114000001,4,Q38W,0,3.677213074848929,0.38361343562284844,2.4985498462716946,2.4985498462716946,1411.5290853410577,1315.2125459351269,1.9257049241488033,1.615331996306864,9,0.012200715872684098
SEX_22E,610.288114000001,5,Q10E,0,3.9761471863140123,0.2989341114650834,2.689474536408875,2.689474536408875,1311.3252166707846,1219.16544299872,1.925700060753556,1.6153250043069884,4,0.013078484056222164
SEX_21E,618.489572000001,1,Q10W,1,1.8260702943206581,1.8260702943206581,1.6276948135066747,1.6276948135066747,1707.2357392700883,3269.770793018874,1.8260702943206581,1.6276948135066747,2,0.014838435405371605
SEX_21E,618.489572000001,2,Q47AE,1,2.602726731531199,0.7766564372105407,2.00473982488977,2.00473982488977,1426.033504777501,2654.8028303099463,1.8259982417964267,1.6276716444579864,10,0.012048436027431265
SEX_21E,618.489572000001,3,Q34W,1,3.0868499281311728,0.48412319659997394,2.2841280665385906,2.2841280665385906,1275.457950834742,2330.0746744983394,1.825982839926752,1.6276716151397927,3,0.01449243203856934
SEX_21E,618.489572000001,4,Q10AW,0,3.4345040956257336,0.3476541674945608,2.5096206012541646,2.5096206012541646,1177.7730774785246,2120.714564780311,1.8259821611992635,1.6276704976237921,1,0.015332085927572138
SEX_21E,618.489572000001,5,QX5D,0,3.704007995104469,0.2695038994787353,2.700472109642703,2.700472109642703,1107.5700921113094,1970.8364852753846,1.8259799625038369,1.6276685783681801,9,0.012179493224170711
SEX_20E,626.693891000001,1,Q10W,1,2.009513115302134,2.009513115302134,1.6540057277529638,1.6540057277529636,4093.421294297259,4083.4355723853673,2.009513115302134,1.6540057277529638,1,0.01361776652720977
SEX_20E,626.693891000001,2,Q43W,1,2.9074879906906013,0.8979748753884671,2.0713169374338896,2.071316937433889,3268.7138044945923,3263.942418417228,2.0095073838488418,1.6540041525822162,4,0.010957101784311661
SEX_20E,626.693891000001,3,Q17W,1,3.486274135289836,0.5787861445992348,2.39415365691458,2.39415365691458,2827.9480923538654,2824.6597244899913,2.009454221065038,1.653994778750507,5,0.010794603920994676
SEX_20E,626.693891000001,4,QX4D,0,3.9120287389611796,0.42575460367134355,2.6630599372587556,2.663059937258755,2542.3919950682503,2539.473125853152,2.009448222638593,1.6540147204678286,3,0.01145747561994941
SEX_20E,626.693891000001,5,Q40E,0,4.24790538174096,0.33587664277978035,2.896194426228112,2.8961944262281114,2337.7374825250604,2334.832377853446,2.009438888384686,1.6540084657602212,12,0.010118919989073197
SEX_19E,634.902548000001,1,Q43W,1,2.0850169410245556,2.0850169410245556,1.6923777000716833,1.6923777000716829,4913.946180100934,5361.7775512091475,2.0850169410245556,1.6923777000716833,7,0.011199251495640461
SEX_19E,634.902548000001,2,Q10W,1,3.025314889589538,0.9402979485649823,2.145658521253641,2.1456585212536408,3893.234847177975,4229.0759086443895,2.0848409333698115,1.6923256753672868,3,0.013813466395343373
SEX_19E,634.902548000001,3,Q17W,1,3.6333113887027366,0.6079964991131988,2.501181449755867,2.5011814497558666,3348.6552077506526,3627.9466095100856,2.0845158084414592,1.6922297276898057,15,0.009067130099485714
SEX_19E,634.902548000001,4,Q10AW,0,4.081539519694875,0.4482281309921383,2.800322047400496,2.8003220474004955,2996.4132695343437,3240.396142591793,2.084368595728428,1.6921863566953614,4,0.011948462967667065
SEX_19E,634.902548000001,5,QX5A,0,4.4359227989139285,0.35438327921905355,3.0619255468386495,3.061925546838649,2744.3216193199714,2963.544547900625,2.0843648546806364,1.6921931790562303,11,0.0101807232999227
SEX_18E,641.5627330000011,1,Q18W,1,2.0013574935636242,2.0013574935636242,1.6332723996317582,1.6332723996317582,2170.2048772899902,5616.408484770433,2.0013574935636242,1.6332723996317582,5,0.012800054599838719
SEX_18E,641.5627330000011,2,Q45E,1,2.8815265938209222,0.880169100257298,2.0257479528039184,2.0257479528039184,1733.409726331274,4528.265695905694,2.001352481909862,1.6332722095229582,9,0.012220791311619099
SEX_18E,641.5627330000011,3,Q22W,1,3.441875017474416,0.5603484236534939,2.324314904559236,2.324314904559236,1502.9089590944195,3946.593013382017,2.001350647149007,1.63327112262781,10,0.012078986734774769
SEX_18E,641.5627330000011,4,Q34W,0,3.8502064808664187,0.40833146339200255,2.569977266791182,2.569977266791182,1354.874089043332,3569.340897200439,2.0013409827099906,1.633271361638194,13,0.011464013707581428
SEX_18E,641.5627330000011,5,Q38W,0,4.170006008641501,0.319799527775082,2.7808260973537506,2.7808260973537506,1249.395395287304,3298.705004229631,2.0013222608171333,1.633264467740397,6,0.012596532258118805
SEX_17E,649.7629910000012,1,Q10W,1,1.9529731676772926,1.9529731676772926,1.64821534506062,1.64821534506062,1624.5781548208024,4254.373084390978,1.9529731676772926,1.64821534506062,2,0.014722977314572866
SEX_17E,649.7629910000012,2,Q10E,1,2.8127084388633605,0.859735271186068,2.0503799651156913,2.0503799651156913,1314.8368385317044,3419.9139284461535,1.952825833357224,1.6481568490708294,8,0.012643087304735096
SEX_17E,649.7629910000012,3,Q47AE,1,3.362273097957072,0.5495646590937113,2.3553400420359214,2.3553400420359214,1147.5052464109629,2977.1170515340596,1.9528235534089546,1.6481620095836147,14,0.011777256839865117
SEX_17E,649.7629910000012,4,Q10AW,0,3.7646370739134483,0.4023639759563764,2.605757322623778,2.605757322623778,1038.1564440978188,2691.0115306691237,1.9528107944877036,1.6481609694239747,1,0.015401615501686129
SEX_17E,649.7629910000012,5,QX5D,0,4.081265495213717,0.316628421300269,2.820585297188697,2.820585297188697,959.2086507370325,2486.052454536701,1.952803399699107,1.6481572149699935,11,0.012213409313728581
SEX_16E,657.9705490000013,1,Q43W,1,2.0632156050043164,2.0632156050043164,1.6720318369318907,1.6720318369318907,3174.8146851917254,4445.91679353822,2.0632156050043164,1.6720318369318907,4,0.010963403256212558
SEX_16E,657.9705490000013,2,Q10W,1,2.9926639858440645,0.929448380839748,2.10781562807923,2.10781562807923,2514.6601910930735,3526.7384509906615,2.063199011892703,1.6720189763745423,1,0.013975542823745664
SEX_16E,657.9705490000013,3,Q17W,1,3.594168990211248,0.6015050043671835,2.448715230587747,2.448715230587747,2162.5682214016497,3035.7610923021834,2.0631184698156595,1.671957263705148,5,0.010622646448198674
SEX_16E,657.9705490000013,4,QX4D,0,4.037914009901133,0.4437450196898851,2.7349957957392856,2.7349957957392856,1934.7737687686513,2717.99848274965,2.063110377190423,1.6719230216110512,3,0.01143896929657002
SEX_16E,657.9705490000013,5,Q28E,0,4.388787124147566,0.35087311424643275,2.9847823733948675,2.9847823733948675,1771.719928759797,2490.5381676758575,2.0631045027863273,1.6719213045064947,11,0.009651475444264963
SEX_15E,666.1766680000013,1,Q10W,1,2.0658366957605736,2.0658366957605736,1.6835182754610605,1.6835182754610605,7076.162268150453,7216.3129562807935,2.0658366957605736,1.6835182754610605,15,0.009311076039185132
SEX_15E,666.1766680000013,2,Q43E,1,3.0046587790934467,0.9388220833328731,2.132360722014269,2.132360722014269,5605.030721190105,5697.345021375728,2.0657198959318706,1.6834887775643046,9,0.011115616779644786
SEX_15E,666.1766680000013,3,Q24E,1,3.614768229056189,0.6101094499627422,2.4865020810275826,2.4865020810275826,4817.5093516182,4885.897677722628,2.0656461894673654,1.6834832014253782,13,0.009877288298391688
SEX_15E,666.1766680000013,4,QX5A,0,4.065927871819518,0.4511596427633293,2.785928386065845,2.785928386065845,4307.602458010318,4360.770651574822,2.065642950680804,1.6834795123405801,12,0.009878104669287338
SEX_15E,666.1766680000013,5,Q34W,0,4.423270598818007,0.357342726998489,3.0486891045810967,3.0486891045810967,3942.6009217762316,3984.9241187269067,2.0656423353061157,1.6834730427705304,2,0.014231033012139776
SEX_14E,676.1065810000013,1,Q34W,1,2.013665668459538,2.013665668459538,1.6549867269868133,1.654986726986813,3458.7675766414027,3395.118842172666,2.013665668459538,1.6549867269868133,2,0.014768127661281185
SEX_14E,676.1065810000013,2,Q38W,1,2.905352735689572,0.8916870672300341,2.0702184338076055,2.070218433807605,2765.0292054185447,2719.2507105093027,2.013655306794103,1.6549816695135051,3,0.014152770649125993
SEX_14E,676.1065810000013,3,Q10AW,1,3.4754486181325923,0.5700958824430202,2.3884718550190787,2.3884718550190787,2396.601165320469,2359.165776493908,2.013646044076328,1.654975667348317,1,0.014950159341406857
SEX_14E,676.1065810000013,4,Q26W,0,3.8925304765436444,0.41708185841105205,2.6514043493704595,2.651404349370459,2158.9368035973102,2125.9160999831265,2.01364168888205,1.6549729705404286,14,0.01185487837141449
SEX_14E,676.1065810000013,5,QX5D,0,4.220497261793742,0.3279667852500978,2.8779635232749348,2.8779635232749343,1988.98088345473,1958.5666682195804,2.0136353121426858,1.6549682926614007,12,0.011985646644831555
SEX_13E,683.0127840000011,1,Q10W,1,1.9779852845326928,1.9779852845326928,1.6766518419834593,1.6766518419834593,1409.5756633939416,3754.179918656997,1.9779852845326928,1.6766518419834593,3,0.014202823769319004
SEX_13E,683.0127840000011,2,Q10E,1,2.8619501685401723,0.8839648840074794,2.112892665136736,2.112892665136736,1141.753633489075,2979.0688280638346,1.9779579747174623,1.6766334258770617,13,0.011942502671562077
SEX_13E,683.0127840000011,3,Q47AE,1,3.4317334955706684,0.5697833270304962,2.452610278330257,2.452610278330257,996.7738443709235,2566.4300322670288,1.9779272076087118,1.676632612187589,9,0.012056455924794478
SEX_13E,683.0127840000011,4,Q10AW,0,3.8512995700566606,0.41956607448599215,2.737226793789953,2.737226793789953,901.9267267223636,2299.572943693969,1.9779196309844878,1.6766366943963742,2,0.014280692884191227
SEX_13E,683.0127840000011,5,QX6A,0,4.182929830741969,0.33163026068530854,2.9852857253263965,2.9852857253263965,833.3621703604724,2108.4925380351533,1.9779144143952934,1.6766334655579902,6,0.013268940165589669
SEX_12E,691.3164100000012,1,Q10W,1,2.0123452542476556,2.0123452542476556,1.64713731426115,1.6471373142611503,3911.149131908654,3332.1147125347316,2.0123452542476556,1.64713731426115,1,0.014293744925631714
SEX_12E,691.3164100000012,2,Q43W,1,2.9173251304035617,0.904979876155906,2.0604733952999283,2.0604733952999283,3126.562901274008,2651.204733321509,2.0123324282842816,1.6471339076703448,6,0.011104278974923967
SEX_12E,691.3164100000012,3,Q17W,1,3.5026027826657753,0.5852776522622136,2.380306005427347,2.380306005427347,2706.4586074722997,2285.6915358999613,2.012295433837906,1.6471233217804087,9,0.010743729766058552
SEX_12E,691.3164100000012,4,Q25W,0,3.934022108265438,0.4314193255996628,2.646638544132956,2.646638544132956,2434.10634636447,2048.3206556353757,2.01228140799315,1.6471193834089108,10,0.010325377190122678
SEX_12E,691.3164100000012,5,QX4D,0,4.2748729286862925,0.34085082042085446,2.8774806771235015,2.877480677123502,2238.8333405758435,1878.0230236651964,2.012276581307546,1.6471285112304308,12,0.010118139139331723
SEX_11E,701.3768190000012,1,Q10W,1,2.0616957115521046,2.0616957115521046,1.672877141828389,1.672877141828389,3003.656837174179,5310.03637454069,2.0616957115521046,1.672877141828389,2,0.014827025467851833
SEX_11E,701.3768190000012,2,Q10AW,1,2.990838561491909,0.9291428499398044,2.105272085080577,2.105272085080577,2375.383264520643,4219.425382684643,2.0614099122083545,1.6727694806340234,1,0.01522902836730633
SEX_11E,701.3768190000012,3,Q10E,1,3.592199506718007,0.601360945226098,2.4410499402968875,2.4410499402968875,2039.0048316130112,3639.023653963437,2.061399994979901,1.672761049170697,8,0.013063669590281712
SEX_11E,701.3768190000012,4,QX5D,0,4.03581964932939,0.4436201426113833,2.7215703605357544,2.7215703605357544,1821.085208642319,3263.938570927757,2.061392258707663,1.6727618395515071,11,0.012030602677664159
SEX_11E,701.3768190000012,5,Q09AE,0,4.386615230564317,0.3507955812349266,2.9654161398129544,2.9654161398129544,1665.0299685696878,2995.545331390391,2.0613911383517163,1.6727642798387328,13,0.011944849997517984
SEX_10AE,709.5820270000013,1,Q43W,1,2.1304172692106675,2.1304172692106675,1.7052592982195816,1.7052592982195816,3092.5078959834523,3440.158524639462,2.1304172692106675,1.7052592982195816,14,0.01125194593083359
SEX_10AE,709.5820270000013,2,Q10W,1,3.101145975521451,0.9707287063107835,2.1752370936511642,2.1752370936511647,2427.9287128606425,2696.8840907563012,2.1303748451679567,1.7052285224948407,3,0.013522012572837644
SEX_10AE,709.5820270000013,3,Q10AW,1,3.732079747348717,0.6309337718272658,2.5484331060994654,2.5484331060994654,2074.8993808545306,2301.9487140745987,2.1302244162790913,1.7051104086440312,12,0.011937700957591543
SEX_10AE,709.5820270000013,4,QX6A,0,4.198555030437337,0.4664752830886201,2.865195627896847,2.865195627896847,1847.4992123756006,2047.4561158663062,2.130204919475265,1.7051010460085974,8,0.01265655223465365
SEX_10AE,709.5820270000013,5,Q18E,0,4.567875023148645,0.3693199927113078,3.14385403668612,3.1438540366861196,1685.371086341572,1865.977950323173,2.130204261391505,1.7050977904781919,2,0.013849148431635521
SEX_09AE,716.0246000000013,1,Q43W,1,2.1418767903116525,2.1418767903116525,1.7122715196302785,1.7122715196302787,3520.1526330609377,4451.665995435156,2.1418767903116525,1.7122715196302785,11,0.011233575459678586
SEX_09AE,716.0246000000013,2,Q10W,1,3.120107167703125,0.9782303773914727,2.190339396651597,2.190339396651597,2761.088003012267,3480.0364320446206,2.141801757929205,1.7122170769640634,4,0.012530453183884238
SEX_09AE,716.0246000000013,3,QX6A,1,3.7565038872806937,0.6363967195775686,2.571491850996428,2.5714918509964284,2358.0998726938024,2964.2174039698243,2.1416225941523237,1.7120760450704913,13,0.01098492200756631
SEX_09AE,716.0246000000013,4,QX4D,0,4.227196692023931,0.47069280474323705,2.895871321517078,2.8958713215170784,2098.682101013153,2632.182183736315,2.1416212093795615,1.7120733778783312,12,0.010997962136067322
SEX_09AE,716.0246000000013,5,Q18E,0,4.599881276599998,0.3726845845760671,3.18177675005311,3.18177675005311,1913.8578300975628,2395.6617631211734,2.141619540698983,1.7120695840296467,2,0.012906387803125368
