training_case,model,alpha,validation_rmse_2d_um,hidden_scale
without_quadrupole_misalignment,shared_target_local_ridge,0.0001,34.03290507139958,
without_quadrupole_misalignment,shared_target_local_ridge,0.00031622776601683794,34.03290491172813,
without_quadrupole_misalignment,shared_target_local_ridge,0.001,34.03290440680282,
without_quadrupole_misalignment,shared_target_local_ridge,0.0031622776601683794,34.032902810090434,
without_quadrupole_misalignment,shared_target_local_ridge,0.01,34.032897760858866,
without_quadrupole_misalignment,shared_target_local_ridge,0.03162277660168379,34.032881793950054,
without_quadrupole_misalignment,shared_target_local_ridge,0.1,34.032831303784874,
without_quadrupole_misalignment,shared_target_local_ridge,0.31622776601683794,34.03267165620028,
without_quadrupole_misalignment,shared_target_local_ridge,1.0,34.03216696953144,
without_quadrupole_misalignment,shared_target_local_ridge,3.1622776601683795,34.03057264188219,
without_quadrupole_misalignment,shared_target_local_ridge,10.0,34.02554720563706,
without_quadrupole_misalignment,shared_target_local_ridge,31.622776601683793,34.00981661851504,
without_quadrupole_misalignment,shared_target_local_ridge,100.0,33.961639459321816,
without_quadrupole_misalignment,shared_target_local_ridge,316.22776601683796,33.82366001698296,
without_quadrupole_misalignment,shared_target_local_ridge,1000.0,33.4990705422066,
without_quadrupole_misalignment,shared_target_local_ridge,3162.2776601683795,33.05458476894305,
without_quadrupole_misalignment,shared_target_local_ridge,10000.0,33.003462549388985,
without_quadrupole_misalignment,shared_joint_ridge,0.0001,36.56486381425559,
without_quadrupole_misalignment,shared_joint_ridge,0.00031622776601683794,36.56480853419619,
without_quadrupole_misalignment,shared_joint_ridge,0.001,36.564633735937804,
without_quadrupole_misalignment,shared_joint_ridge,0.0031622776601683794,36.56408110166119,
without_quadrupole_misalignment,shared_joint_ridge,0.01,36.56233478115607,
without_quadrupole_misalignment,shared_joint_ridge,0.03162277660168379,36.556825024784665,
without_quadrupole_misalignment,shared_joint_ridge,0.1,36.5395266042594,
without_quadrupole_misalignment,shared_joint_ridge,0.31622776601683794,36.48604355163913,
without_quadrupole_misalignment,shared_joint_ridge,1.0,36.32822435182202,
without_quadrupole_misalignment,shared_joint_ridge,3.1622776601683795,35.91996290248297,
without_quadrupole_misalignment,shared_joint_ridge,10.0,35.145479991827976,
without_quadrupole_misalignment,shared_joint_ridge,31.622776601683793,34.28615055993567,
without_quadrupole_misalignment,shared_joint_ridge,100.0,33.778887005609086,
without_quadrupole_misalignment,shared_joint_ridge,316.22776601683796,33.53045084787698,
without_quadrupole_misalignment,shared_joint_ridge,1000.0,33.2424785500768,
without_quadrupole_misalignment,shared_joint_ridge,3162.2776601683795,32.91030322780854,
without_quadrupole_misalignment,shared_joint_ridge,10000.0,32.96386491354237,
without_quadrupole_misalignment,shared_joint_random_feature,0.0001,35.80110746281197,0.5
without_quadrupole_misalignment,shared_joint_random_feature,0.00031622776601683794,35.80106010546728,0.5
without_quadrupole_misalignment,shared_joint_random_feature,0.001,35.80091036505319,0.5
without_quadrupole_misalignment,shared_joint_random_feature,0.0031622776601683794,35.80043701079978,0.5
without_quadrupole_misalignment,shared_joint_random_feature,0.01,35.798941796418255,0.5
without_quadrupole_misalignment,shared_joint_random_feature,0.03162277660168379,35.794230084601125,0.5
without_quadrupole_misalignment,shared_joint_random_feature,0.1,35.77949415641196,0.5
without_quadrupole_misalignment,shared_joint_random_feature,0.31622776601683794,35.73447527144992,0.5
without_quadrupole_misalignment,shared_joint_random_feature,1.0,35.60627595272627,0.5
without_quadrupole_misalignment,shared_joint_random_feature,3.1622776601683795,35.30469172859572,0.5
without_quadrupole_misalignment,shared_joint_random_feature,10.0,34.837077631859636,0.5
without_quadrupole_misalignment,shared_joint_random_feature,31.622776601683793,34.42886575932086,0.5
without_quadrupole_misalignment,shared_joint_random_feature,100.0,34.07363742688116,0.5
without_quadrupole_misalignment,shared_joint_random_feature,316.22776601683796,33.72667960106076,0.5
without_quadrupole_misalignment,shared_joint_random_feature,1000.0,33.42523309746515,0.5
without_quadrupole_misalignment,shared_joint_random_feature,3162.2776601683795,33.1123558215361,0.5
without_quadrupole_misalignment,shared_joint_random_feature,10000.0,33.03389049660072,0.5
without_quadrupole_misalignment,shared_joint_random_feature,0.0001,36.00362218258905,1.0
without_quadrupole_misalignment,shared_joint_random_feature,0.00031622776601683794,36.003594367474214,1.0
without_quadrupole_misalignment,shared_joint_random_feature,0.001,36.003506413981185,1.0
without_quadrupole_misalignment,shared_joint_random_feature,0.0031622776601683794,36.003228336826666,1.0
without_quadrupole_misalignment,shared_joint_random_feature,0.01,36.00234954138831,1.0
without_quadrupole_misalignment,shared_joint_random_feature,0.03162277660168379,35.999576151763044,1.0
without_quadrupole_misalignment,shared_joint_random_feature,0.1,35.99086160869244,1.0
without_quadrupole_misalignment,shared_joint_random_feature,0.31622776601683794,35.963849185451295,1.0
without_quadrupole_misalignment,shared_joint_random_feature,1.0,35.883542968907236,1.0
without_quadrupole_misalignment,shared_joint_random_feature,3.1622776601683795,35.67191486288818,1.0
without_quadrupole_misalignment,shared_joint_random_feature,10.0,35.25868063595969,1.0
without_quadrupole_misalignment,shared_joint_random_feature,31.622776601683793,34.78685327524876,1.0
without_quadrupole_misalignment,shared_joint_random_feature,100.0,34.405364309167496,1.0
without_quadrupole_misalignment,shared_joint_random_feature,316.22776601683796,33.98147365919004,1.0
without_quadrupole_misalignment,shared_joint_random_feature,1000.0,33.547319959913196,1.0
without_quadrupole_misalignment,shared_joint_random_feature,3162.2776601683795,33.16390779651069,1.0
without_quadrupole_misalignment,shared_joint_random_feature,10000.0,33.057893924105855,1.0
without_quadrupole_misalignment,shared_joint_random_feature,0.0001,36.26374077475222,2.0
without_quadrupole_misalignment,shared_joint_random_feature,0.00031622776601683794,36.263712595346774,2.0
without_quadrupole_misalignment,shared_joint_random_feature,0.001,36.2636234895457,2.0
without_quadrupole_misalignment,shared_joint_random_feature,0.0031622776601683794,36.26334176527567,2.0
without_quadrupole_misalignment,shared_joint_random_feature,0.01,36.26245140470784,2.0
without_quadrupole_misalignment,shared_joint_random_feature,0.03162277660168379,36.25964112450156,2.0
without_quadrupole_misalignment,shared_joint_random_feature,0.1,36.25080676859287,2.0
without_quadrupole_misalignment,shared_joint_random_feature,0.31622776601683794,36.22338483757028,2.0
without_quadrupole_misalignment,shared_joint_random_feature,1.0,36.141504510450574,2.0
without_quadrupole_misalignment,shared_joint_random_feature,3.1622776601683795,35.92280843416474,2.0
without_quadrupole_misalignment,shared_joint_random_feature,10.0,35.4792270337891,2.0
without_quadrupole_misalignment,shared_joint_random_feature,31.622776601683793,34.93642848914465,2.0
without_quadrupole_misalignment,shared_joint_random_feature,100.0,34.52612096858867,2.0
without_quadrupole_misalignment,shared_joint_random_feature,316.22776601683796,34.12610679163198,2.0
without_quadrupole_misalignment,shared_joint_random_feature,1000.0,33.64813768081183,2.0
without_quadrupole_misalignment,shared_joint_random_feature,3162.2776601683795,33.210379797776355,2.0
without_quadrupole_misalignment,shared_joint_random_feature,10000.0,33.07978427791799,2.0
with_quadrupole_misalignment,shared_target_local_ridge,0.0001,83.02663535168432,
with_quadrupole_misalignment,shared_target_local_ridge,0.00031622776601683794,83.02663442372881,
with_quadrupole_misalignment,shared_target_local_ridge,0.001,83.0266314892768,
with_quadrupole_misalignment,shared_target_local_ridge,0.0031622776601683794,83.02662220973497,
with_quadrupole_misalignment,shared_target_local_ridge,0.01,83.02659286534943,
with_quadrupole_misalignment,shared_target_local_ridge,0.03162277660168379,83.02650007127666,
with_quadrupole_misalignment,shared_target_local_ridge,0.1,83.02620664087385,
with_quadrupole_misalignment,shared_target_local_ridge,0.31622776601683794,83.02527883466014,
with_quadrupole_misalignment,shared_target_local_ridge,1.0,83.02234587536807,
with_quadrupole_misalignment,shared_target_local_ridge,3.1622776601683795,83.01308124780132,
with_quadrupole_misalignment,shared_target_local_ridge,10.0,82.98388559765579,
with_quadrupole_misalignment,shared_target_local_ridge,31.622776601683793,82.8925661541956,
with_quadrupole_misalignment,shared_target_local_ridge,100.0,82.61349371135053,
with_quadrupole_misalignment,shared_target_local_ridge,316.22776601683796,81.81823251378977,
with_quadrupole_misalignment,shared_target_local_ridge,1000.0,79.95089515928272,
with_quadrupole_misalignment,shared_target_local_ridge,3162.2776601683795,77.19561049298486,
with_quadrupole_misalignment,shared_target_local_ridge,10000.0,75.79665532030388,
with_quadrupole_misalignment,shared_joint_ridge,0.0001,86.18283004861993,
with_quadrupole_misalignment,shared_joint_ridge,0.00031622776601683794,86.18240596230054,
with_quadrupole_misalignment,shared_joint_ridge,0.001,86.18106559454023,
with_quadrupole_misalignment,shared_joint_ridge,0.0031622776601683794,86.17683407377037,
with_quadrupole_misalignment,shared_joint_ridge,0.01,86.16352329964631,
with_quadrupole_misalignment,shared_joint_ridge,0.03162277660168379,86.12212104068206,
with_quadrupole_misalignment,shared_joint_ridge,0.1,85.99766931477266,
with_quadrupole_misalignment,shared_joint_ridge,0.31622776601683794,85.65800216574482,
with_quadrupole_misalignment,shared_joint_ridge,1.0,84.92339643812214,
with_quadrupole_misalignment,shared_joint_ridge,3.1622776601683795,83.89238294298299,
with_quadrupole_misalignment,shared_joint_ridge,10.0,83.06705656197965,
with_quadrupole_misalignment,shared_joint_ridge,31.622776601683793,82.62851290482436,
with_quadrupole_misalignment,shared_joint_ridge,100.0,82.25446234394784,
with_quadrupole_misalignment,shared_joint_ridge,316.22776601683796,81.45701208576544,
with_quadrupole_misalignment,shared_joint_ridge,1000.0,79.64924213312571,
with_quadrupole_misalignment,shared_joint_ridge,3162.2776601683795,77.03280480113592,
with_quadrupole_misalignment,shared_joint_ridge,10000.0,75.7853019471424,
with_quadrupole_misalignment,shared_joint_random_feature,0.0001,109.27316405776364,0.5
with_quadrupole_misalignment,shared_joint_random_feature,0.00031622776601683794,109.2711770454521,0.5
with_quadrupole_misalignment,shared_joint_random_feature,0.001,109.26489834766097,0.5
with_quadrupole_misalignment,shared_joint_random_feature,0.0031622776601683794,109.24509110285845,0.5
with_quadrupole_misalignment,shared_joint_random_feature,0.01,109.1829285511848,0.5
with_quadrupole_misalignment,shared_joint_random_feature,0.03162277660168379,108.99096606171116,0.5
with_quadrupole_misalignment,shared_joint_random_feature,0.1,108.42650182468354,0.5
with_quadrupole_misalignment,shared_joint_random_feature,0.31622776601683794,106.97848394268063,0.5
with_quadrupole_misalignment,shared_joint_random_feature,1.0,104.24429426279495,0.5
with_quadrupole_misalignment,shared_joint_random_feature,3.1622776601683795,100.85979592323258,0.5
with_quadrupole_misalignment,shared_joint_random_feature,10.0,97.13102738732506,0.5
with_quadrupole_misalignment,shared_joint_random_feature,31.622776601683793,91.7294075566432,0.5
with_quadrupole_misalignment,shared_joint_random_feature,100.0,85.84767916095687,0.5
with_quadrupole_misalignment,shared_joint_random_feature,316.22776601683796,82.35448094684953,0.5
with_quadrupole_misalignment,shared_joint_random_feature,1000.0,80.18749747420732,0.5
with_quadrupole_misalignment,shared_joint_random_feature,3162.2776601683795,77.58026292352051,0.5
with_quadrupole_misalignment,shared_joint_random_feature,10000.0,75.60359513505881,0.5
with_quadrupole_misalignment,shared_joint_random_feature,0.0001,101.10236671448668,1.0
with_quadrupole_misalignment,shared_joint_random_feature,0.00031622776601683794,101.10131087432514,1.0
with_quadrupole_misalignment,shared_joint_random_feature,0.001,101.09797366047329,1.0
with_quadrupole_misalignment,shared_joint_random_feature,0.0031622776601683794,101.08743688582351,1.0
with_quadrupole_misalignment,shared_joint_random_feature,0.01,101.05427974706348,1.0
with_quadrupole_misalignment,shared_joint_random_feature,0.03162277660168379,100.95102281047477,1.0
with_quadrupole_misalignment,shared_joint_random_feature,0.1,100.63940883390103,1.0
with_quadrupole_misalignment,shared_joint_random_feature,0.31622776601683794,99.77700816372666,1.0
with_quadrupole_misalignment,shared_joint_random_feature,1.0,97.81532769021243,1.0
with_quadrupole_misalignment,shared_joint_random_feature,3.1622776601683795,94.64684980818666,1.0
with_quadrupole_misalignment,shared_joint_random_feature,10.0,91.51863373152825,1.0
with_quadrupole_misalignment,shared_joint_random_feature,31.622776601683793,89.15622798666567,1.0
with_quadrupole_misalignment,shared_joint_random_feature,100.0,86.29665040575277,1.0
with_quadrupole_misalignment,shared_joint_random_feature,316.22776601683796,83.09389256385528,1.0
with_quadrupole_misalignment,shared_joint_random_feature,1000.0,80.37595737180001,1.0
with_quadrupole_misalignment,shared_joint_random_feature,3162.2776601683795,77.61129025484617,1.0
with_quadrupole_misalignment,shared_joint_random_feature,10000.0,75.66065331068967,1.0
with_quadrupole_misalignment,shared_joint_random_feature,0.0001,95.11647102727888,2.0
with_quadrupole_misalignment,shared_joint_random_feature,0.00031622776601683794,95.11563904362514,2.0
with_quadrupole_misalignment,shared_joint_random_feature,0.001,95.11300923081924,2.0
with_quadrupole_misalignment,shared_joint_random_feature,0.0031622776601683794,95.1047045190033,2.0
with_quadrupole_misalignment,shared_joint_random_feature,0.01,95.07855698435849,2.0
with_quadrupole_misalignment,shared_joint_random_feature,0.03162277660168379,94.99699546851983,2.0
with_quadrupole_misalignment,shared_joint_random_feature,0.1,94.74976729659475,2.0
with_quadrupole_misalignment,shared_joint_random_feature,0.31622776601683794,94.0601950067323,2.0
with_quadrupole_misalignment,shared_joint_random_feature,1.0,92.50333797253916,2.0
with_quadrupole_misalignment,shared_joint_random_feature,3.1622776601683795,90.19600996319508,2.0
with_quadrupole_misalignment,shared_joint_random_feature,10.0,88.30292283639803,2.0
with_quadrupole_misalignment,shared_joint_random_feature,31.622776601683793,87.14621690793447,2.0
with_quadrupole_misalignment,shared_joint_random_feature,100.0,85.64925628210413,2.0
with_quadrupole_misalignment,shared_joint_random_feature,316.22776601683796,83.27734944925248,2.0
with_quadrupole_misalignment,shared_joint_random_feature,1000.0,80.5415116552499,2.0
with_quadrupole_misalignment,shared_joint_random_feature,3162.2776601683795,77.70285394466157,2.0
with_quadrupole_misalignment,shared_joint_random_feature,10000.0,75.77078322173084,2.0
