girder,parameter,step,observation_index,dx,dpx,dy,dpy,dz,dpz
GIRDER_4AB,x_offset,1e-05,11,0.0,0.0,0.0,0.0,0.0,0.0
GIRDER_4AB,x_offset,1e-05,12,0.0,0.0,0.0,0.0,0.0,0.0
GIRDER_4AB,x_offset,1e-05,14,0.0,0.0,0.0,0.0,0.0,0.0
GIRDER_4AB,x_offset,1e-05,16,0.12055454534989228,0.5903490712964546,0.0,0.0,6.903000882767326e-13,0.0
GIRDER_4AB,x_offset,1e-05,18,0.1294097814194934,0.5903490712964546,0.0,0.0,6.903000882767326e-13,0.0
GIRDER_4AB,x_offset,1e-05,20,0.2637141951417772,0.5903490712964546,0.0,0.0,6.903000882767326e-13,0.0
GIRDER_4AB,x_offset,1e-05,22,1.3291449138615532,0.43864574375158816,0.0,0.0,-0.06372416823109131,0.0
GIRDER_4AB,x_offset,1e-05,24,1.5016423525935247,0.43864574375158816,0.0,0.0,-0.06372416823109131,0.0
GIRDER_4AB,x_offset,1e-05,26,1.551209321637931,0.43864574375158816,0.0,0.0,-0.06372416823109131,0.0
GIRDER_4AB,x_offset,1e-05,28,1.6841189819959408,0.43864574375158816,0.0,0.0,-0.06372416823109131,0.0
GIRDER_4AB,x_offset,1e-05,30,1.7998124762786267,0.04995464905349562,0.0,0.0,-0.06372416823075737,0.0
GIRDER_4AB,x_offset,1e-05,31,1.7998124762786267,0.04995464905349562,0.0,0.0,-0.06372416823075737,0.0
GIRDER_4AB,x_offset,1e-05,1177,1.5642929932149898,-0.10395192929356699,3.180814051247597e-16,2.2064734647733598e-17,-0.07310594578973505,-0.0007747600719901974
GIRDER_4AB,y_offset,1e-05,11,0.0,0.0,0.0,0.0,0.0,0.0
GIRDER_4AB,y_offset,1e-05,12,0.0,0.0,0.0,0.0,0.0,0.0
GIRDER_4AB,y_offset,1e-05,14,0.0,0.0,0.0,0.0,0.0,0.0
GIRDER_4AB,y_offset,1e-05,16,0.0,0.0,-0.12570527217045943,-0.641374892326891,0.0,0.0
GIRDER_4AB,y_offset,1e-05,18,0.0,0.0,-0.13532589555556065,-0.641374892326891,0.0,0.0
GIRDER_4AB,y_offset,1e-05,20,0.0,0.0,-0.2812386835629295,-0.641374892326891,0.0,0.0
GIRDER_4AB,y_offset,1e-05,22,0.0,0.0,0.00861363464858956,0.8752601714871457,0.0,0.0
GIRDER_4AB,y_offset,1e-05,24,0.0,0.0,0.3528096970990938,0.8752601714871457,0.0,0.0
GIRDER_4AB,y_offset,1e-05,26,0.0,0.0,0.45171409648092975,0.8752601714871457,0.0,0.0
GIRDER_4AB,y_offset,1e-05,28,0.0,0.0,0.7169179284516932,0.8752601714871457,0.0,0.0
GIRDER_4AB,y_offset,1e-05,30,0.0,0.0,1.0736281730947383,0.8358874915959005,0.0,0.0
GIRDER_4AB,y_offset,1e-05,31,0.0,0.0,1.0736281730947383,0.8358874915959005,0.0,0.0
GIRDER_4AB,y_offset,1e-05,1177,5.346895479542771e-16,3.970466940254532e-17,0.1929280492504587,-1.3846469261373957,-2.6056189295420368e-18,0.0
GIRDER_4AB,z_offset,1e-05,11,0.0,0.0,0.0,0.0,0.0,0.0
GIRDER_4AB,z_offset,1e-05,12,0.0,0.0,0.0,0.0,0.0,0.0
GIRDER_4AB,z_offset,1e-05,14,0.0,0.0,0.0,0.0,0.0,0.0
GIRDER_4AB,z_offset,1e-05,16,-0.004779398568003863,-0.02340445561623286,0.0,0.0,2.7443867491039328e-14,0.0
GIRDER_4AB,z_offset,1e-05,18,-0.0051304654022473655,-0.02340445561623286,0.0,0.0,2.7443867491039328e-14,0.0
GIRDER_4AB,z_offset,1e-05,20,-0.010454979054940491,-0.02340445561623286,0.0,0.0,2.7443867491039328e-14,0.0
GIRDER_4AB,z_offset,1e-05,22,0.022093984930124374,-0.01739016005897598,0.0,0.0,-0.00027199410394143604,0.0
GIRDER_4AB,z_offset,1e-05,24,0.015255304486931968,-0.01739016005897598,0.0,0.0,-0.00027199410394143604,0.0
GIRDER_4AB,z_offset,1e-05,26,0.013290216400267653,-0.01739016005897598,0.0,0.0,-0.00027199410394143604,0.0
GIRDER_4AB,z_offset,1e-05,28,0.008020997902397851,-0.01739016005897598,0.0,0.0,-0.00027199410394143604,0.0
GIRDER_4AB,z_offset,1e-05,30,0.003434316253199439,-0.0019804577045660168,0.0,0.0,-0.0002719941039563438,0.0
GIRDER_4AB,z_offset,1e-05,31,0.003434316253199439,-0.0019804577045660168,0.0,0.0,-0.0002719941039563438,0.0
GIRDER_4AB,z_offset,1e-05,1177,-0.015105732555028454,-0.0013844867438865766,-4.632686098758341e-19,4.827547986252945e-19,0.00016317407090437838,1.7256318039009996e-06
GIRDER_4AB,x_pitch,1e-06,11,0.0,0.0,0.0,0.0,0.0,0.0
GIRDER_4AB,x_pitch,1e-06,12,-2.1175823681357508e-16,0.0,0.0,0.0,4.4932450873880463e-14,0.0
GIRDER_4AB,x_pitch,1e-06,14,-2.1175823681357508e-16,0.0,0.0,0.0,4.4932450873880463e-14,0.0
GIRDER_4AB,x_pitch,1e-06,16,-0.2296797386589088,-1.0835075347221996,0.0,0.0,2.76212150143707e-14,0.0
GIRDER_4AB,x_pitch,1e-06,18,-0.2459323516797514,-1.0835075347221996,0.0,0.0,2.718972568765755e-14,0.0
GIRDER_4AB,x_pitch,1e-06,20,-0.49243031582919666,-1.0835075347221996,0.0,0.0,1.5841501347125544e-13,0.0
GIRDER_4AB,x_pitch,1e-06,22,-4.960111444301512,-3.354309912234165,0.0,0.0,0.17559850769965824,0.0
GIRDER_4AB,x_pitch,1e-06,24,-6.279193817295019,-3.354309912234164,0.0,0.0,0.1755985076998592,0.0
GIRDER_4AB,x_pitch,1e-06,26,-6.6582308373796115,-3.354309912234164,0.0,0.0,0.17559850769983207,0.0
GIRDER_4AB,x_pitch,1e-06,28,-7.67458674079228,-3.354309912234163,0.0,0.0,0.17559850770004762,0.0
GIRDER_4AB,x_pitch,1e-06,30,-8.156160099416564,1.8417585645130592,0.0,0.0,0.17559850770061503,0.0
GIRDER_4AB,x_pitch,1e-06,31,-8.156160099416564,1.8417585645130592,0.0,0.0,0.17559850770061503,0.0
GIRDER_4AB,x_pitch,1e-06,1177,10.93517791826665,1.6528397678957971,-2.1992227005675083e-15,1.320188367964473e-15,-0.22733272309228797,-0.0024052171607552193
GIRDER_4AB,y_pitch,1e-06,11,0.0,0.0,0.0,0.0,0.0,0.0
GIRDER_4AB,y_pitch,1e-06,12,0.0,0.0,-4.2351647362715017e-16,0.0,0.0,0.0
GIRDER_4AB,y_pitch,1e-06,14,0.0,0.0,-4.2351647362715017e-16,0.0,0.0,0.0
GIRDER_4AB,y_pitch,1e-06,16,0.0,0.0,0.2398394714402765,1.1828591924200105,0.0,0.0
GIRDER_4AB,y_pitch,1e-06,18,0.0,0.0,0.25758235932658907,1.1828591924200105,0.0,0.0
GIRDER_4AB,y_pitch,1e-06,20,0.0,0.0,0.5266828256023294,1.1828591924200103,0.0,0.0
GIRDER_4AB,y_pitch,1e-06,22,0.0,0.0,1.6648306406625673,-0.488111169261526,0.0,0.0
GIRDER_4AB,y_pitch,1e-06,24,0.0,0.0,1.4728809233504492,-0.4881111692615255,0.0,0.0
GIRDER_4AB,y_pitch,1e-06,26,0.0,0.0,1.4177243612238903,-0.4881111692615255,0.0,0.0
GIRDER_4AB,y_pitch,1e-06,28,0.0,0.0,1.2698266769376305,-0.48811116926152504,0.0,0.0
GIRDER_4AB,y_pitch,1e-06,30,0.0,0.0,0.9857909996337908,-0.9739744758353983,0.0,0.0
GIRDER_4AB,y_pitch,1e-06,31,0.0,0.0,0.9857909996337908,-0.9739744758353983,0.0,0.0
GIRDER_4AB,y_pitch,1e-06,1177,-1.8386674053405268e-16,1.9765092996042462e-17,-1.2335960101451136,-0.8376097127017,-5.816113682013476e-20,7.573064690121713e-23
GIRDER_4AB,tilt,1e-06,11,0.0,0.0,0.0,0.0,0.0,0.0
GIRDER_4AB,tilt,1e-06,12,0.0,0.0,1.8611563782443123e-18,6.6174449004242214e-18,0.0,0.0
GIRDER_4AB,tilt,1e-06,14,0.0,0.0,2.6016484626017826e-18,6.6174449004242214e-18,0.0,0.0
GIRDER_4AB,tilt,1e-06,16,0.0,0.0,-0.0017944213664242243,-0.010775120612867574,0.0,0.0
GIRDER_4AB,tilt,1e-06,18,0.0,0.0,-0.0019560481756172375,-0.010775120612867574,0.0,0.0
GIRDER_4AB,tilt,1e-06,20,0.0,0.0,-0.004407388115044583,-0.010775120612867567,0.0,0.0
GIRDER_4AB,tilt,1e-06,22,0.0,0.0,-0.0328767275763491,-0.007739806549664713,0.0,0.0
GIRDER_4AB,tilt,1e-06,24,0.0,0.0,-0.0359204065020047,-0.007739806549664723,0.0,0.0
GIRDER_4AB,tilt,1e-06,26,0.0,0.0,-0.03679500464211681,-0.007739806549664723,0.0,0.0
GIRDER_4AB,tilt,1e-06,28,0.0,0.0,-0.03914016602666514,-0.007739806549664737,0.0,0.0
GIRDER_4AB,tilt,1e-06,30,0.0,0.0,-0.04696408809103441,-0.03251191202276181,0.0,0.0
GIRDER_4AB,tilt,1e-06,31,0.0,0.0,-0.04696408809103441,-0.03251191202276181,0.0,0.0
GIRDER_4AB,tilt,1e-06,1177,-1.0346851094172593e-17,-7.933479460499089e-19,-0.005156569491873205,0.05955967806973491,-3.7865323450608567e-22,0.0
GIRDER_4CD,x_offset,1e-05,33,0.0,0.0,0.0,0.0,0.0,0.0
GIRDER_4CD,x_offset,1e-05,34,0.09024296365744534,0.4909373183589262,0.0,0.0,4.2137242147941267e-13,0.0
GIRDER_4CD,x_offset,1e-05,36,0.17959355559984697,0.4909373183589262,0.0,0.0,4.2137242147941267e-13,0.0
GIRDER_4CD,x_offset,1e-05,37,0.17959355559984697,0.4909373183589262,0.0,0.0,4.2137242147941267e-13,0.0
GIRDER_4CD,x_offset,1e-05,38,0.27385352072589636,0.4909373183589262,0.0,0.0,4.2137242147941267e-13,0.0
GIRDER_4CD,x_offset,1e-05,40,0.40542472204767427,0.4909373183589262,0.0,0.0,4.2137242147941267e-13,0.0
GIRDER_4CD,x_offset,1e-05,42,1.4823515469769912,0.4910471051857805,0.0,0.0,-0.07478945623817315,0.0
GIRDER_4CD,x_offset,1e-05,44,1.6094099854453439,0.4910471051857805,0.0,0.0,-0.07478945623817315,0.0
GIRDER_4CD,x_offset,1e-05,46,1.7559811016100169,0.049963320698353846,0.0,0.0,-0.07478945623769809,0.0
GIRDER_4CD,x_offset,1e-05,48,1.7571802213067775,0.049963320698353846,0.0,0.0,-0.07478945623769809,0.0
GIRDER_4CD,x_offset,1e-05,50,1.761177286962646,0.049963320698353846,0.0,0.0,-0.07478945623769809,0.0
GIRDER_4CD,x_offset,1e-05,52,1.7662285786852503,0.049963320698353846,0.0,0.0,-0.0747894562376981,0.0
GIRDER_4CD,x_offset,1e-05,53,1.7662285786852503,0.049963320698353846,0.0,0.0,-0.0747894562376981,0.0
GIRDER_4CD,x_offset,1e-05,1177,-0.705075733293141,0.1623910273233009,-1.718809382917713e-16,-2.884449994774187e-17,-0.07309586554117416,-0.0007743053513740053
GIRDER_4CD,y_offset,1e-05,33,0.0,0.0,0.0,0.0,0.0,0.0
GIRDER_4CD,y_offset,1e-05,34,0.0,0.0,-0.09310063968774887,-0.5222047304344795,0.0,0.0
GIRDER_4CD,y_offset,1e-05,36,0.0,0.0,-0.1881419006281204,-0.5222047304344795,0.0,0.0
GIRDER_4CD,y_offset,1e-05,37,0.0,0.0,-0.1881419006281204,-0.5222047304344795,0.0,0.0
GIRDER_4CD,y_offset,1e-05,38,0.0,0.0,-0.28840520887290716,-0.5222047304344795,0.0,0.0
GIRDER_4CD,y_offset,1e-05,40,0.0,0.0,-0.42835607663125586,-0.5222047304344795,0.0,0.0
GIRDER_4CD,y_offset,1e-05,42,0.0,0.0,0.18511228780323966,1.0147399906206862,0.0,0.0
GIRDER_4CD,y_offset,1e-05,44,0.0,0.0,0.44767626038986025,1.0147399906206862,0.0,0.0
GIRDER_4CD,y_offset,1e-05,46,0.0,0.0,0.8849704981034382,0.8358874915928065,0.0,0.0
GIRDER_4CD,y_offset,1e-05,48,0.0,0.0,0.9050317979023665,0.8358874915928065,0.0,0.0
GIRDER_4CD,y_offset,1e-05,50,0.0,0.0,0.9719027972321271,0.8358874915928065,0.0,0.0
GIRDER_4CD,y_offset,1e-05,52,0.0,0.0,1.0564110226351122,0.8358874915928065,0.0,0.0
GIRDER_4CD,y_offset,1e-05,53,0.0,0.0,1.0564110226351122,0.8358874915928065,0.0,0.0
GIRDER_4CD,y_offset,1e-05,1177,-4.135903062765138e-18,-4.135903062765138e-19,1.2997059368317734,1.3044026054866165,-2.2333876538931747e-18,-6.462348535570528e-22
GIRDER_4CD,z_offset,1e-05,33,0.0,0.0,0.0,0.0,0.0,0.0
GIRDER_4CD,z_offset,1e-05,34,-0.0031573420975197913,-0.017176486671935946,0.0,0.0,1.4738373282224826e-14,0.0
GIRDER_4CD,z_offset,1e-05,36,-0.006283462671812194,-0.017176486671935946,0.0,0.0,1.4738373282224826e-14,0.0
GIRDER_4CD,z_offset,1e-05,37,-0.006283462671812194,-0.017176486671935946,0.0,0.0,1.4738373282224826e-14,0.0
GIRDER_4CD,z_offset,1e-05,38,-0.009581348112823934,-0.017176486671935946,0.0,0.0,1.4738373282224826e-14,0.0
GIRDER_4CD,z_offset,1e-05,40,-0.014184646540902837,-0.017176486671935946,0.0,0.0,1.4738373282224826e-14,0.0
GIRDER_4CD,z_offset,1e-05,42,0.022911882003456834,-0.017180327798280496,0.0,0.0,-0.0001811920328470659,0.0
GIRDER_4CD,z_offset,1e-05,44,0.01846647218565169,-0.017180327798280496,0.0,0.0,-0.0001811920328470659,0.0
GIRDER_4CD,z_offset,1e-05,46,0.01333836982057459,-0.0017480730839314117,0.0,0.0,-0.00018119203286163488,0.0
GIRDER_4CD,z_offset,1e-05,48,0.013296416066560235,-0.0017480730839314117,0.0,0.0,-0.00018119203286163488,0.0
GIRDER_4CD,z_offset,1e-05,50,0.013156570219845723,-0.0017480730839314117,0.0,0.0,-0.00018119203286163488,0.0
GIRDER_4CD,z_offset,1e-05,52,0.012979840031060256,-0.0017480730839314117,0.0,0.0,-0.00018119203286163488,0.0
GIRDER_4CD,z_offset,1e-05,53,0.012979840031060256,-0.0017480730839314117,0.0,0.0,-0.00018119203286163488,0.0
GIRDER_4CD,z_offset,1e-05,1177,0.01881583576967211,0.0009651301964877045,7.705622175063105e-19,6.592148714144623e-19,-0.00017799434791591096,-1.8829664620633995e-06
GIRDER_4CD,x_pitch,1e-06,33,0.0,0.0,0.0,0.0,0.0,0.0
GIRDER_4CD,x_pitch,1e-06,34,-0.19267249423469437,-1.0175142288163326,0.0,0.0,-7.444625512977249e-15,0.0
GIRDER_4CD,x_pitch,1e-06,36,-0.3778600838793637,-1.0175142288163326,0.0,0.0,1.0722245972157366e-13,0.0
GIRDER_4CD,x_pitch,1e-06,37,-0.3778600838793637,-1.0175142288163326,0.0,0.0,1.0722245972157366e-13,0.0
GIRDER_4CD,x_pitch,1e-06,38,-0.5732228158122001,-1.0175142288163326,0.0,0.0,2.1945432523276845e-13,0.0
GIRDER_4CD,x_pitch,1e-06,40,-0.8459166291351187,-1.0175142288163326,0.0,0.0,3.3062739955989537e-13,0.0
GIRDER_4CD,x_pitch,1e-06,42,-6.347025496581156,-4.335663822191618,0.0,0.0,0.23090848873407432,0.0
GIRDER_4CD,x_pitch,1e-06,44,-7.468878510583779,-4.335663822191616,0.0,0.0,0.2309084887344197,0.0
GIRDER_4CD,x_pitch,1e-06,46,-8.29668249816488,1.8836903062827008,0.0,0.0,0.230908488735458,0.0
GIRDER_4CD,x_pitch,1e-06,48,-8.251473930814015,1.8836903062827008,0.0,0.0,0.23090848873546024,0.0
GIRDER_4CD,x_pitch,1e-06,50,-8.10077870631113,1.8836903062827008,0.0,0.0,0.23090848873546777,0.0
GIRDER_4CD,x_pitch,1e-06,52,-7.91033761634561,1.8836903062827008,0.0,0.0,0.2309084887353492,0.0
GIRDER_4CD,x_pitch,1e-06,53,-7.91033761634561,1.8836903062827008,0.0,0.0,0.2309084887353492,0.0
GIRDER_4CD,x_pitch,1e-06,1177,-20.75120324812273,-0.49986938610520976,3.742163687545223e-15,-5.722536418889044e-16,0.22653613526299987,0.00239827955098423
GIRDER_4CD,y_pitch,1e-06,33,0.0,0.0,0.0,0.0,0.0,0.0
GIRDER_4CD,y_pitch,1e-06,34,0.0,0.0,0.19892484363272828,1.0853244009101293,0.0,0.0
GIRDER_4CD,y_pitch,1e-06,36,0.0,0.0,0.3964538845984887,1.0853244009101293,0.0,0.0
GIRDER_4CD,y_pitch,1e-06,37,0.0,0.0,0.3964538845984887,1.0853244009101293,0.0,0.0
GIRDER_4CD,y_pitch,1e-06,38,0.0,0.0,0.6048361695733551,1.0853244009101293,0.0,0.0
GIRDER_4CD,y_pitch,1e-06,40,0.0,0.0,0.8957031090174411,1.0853244009101293,0.0,0.0
GIRDER_4CD,y_pitch,1e-06,42,0.0,0.0,1.8024671930275158,-0.6401886529468941,0.0,0.0
GIRDER_4CD,y_pitch,1e-06,44,0.0,0.0,1.636818379077473,-0.6401886529468943,0.0,0.0
GIRDER_4CD,y_pitch,1e-06,46,0.0,0.0,1.2986238770250156,-0.8861246673576649,0.0,0.0
GIRDER_4CD,y_pitch,1e-06,48,0.0,0.0,1.2773568850084231,-0.8861246673576649,0.0,0.0
GIRDER_4CD,y_pitch,1e-06,50,0.0,0.0,1.2064669116197824,-0.8861246673576649,0.0,0.0
GIRDER_4CD,y_pitch,1e-06,52,0.0,0.0,1.1168797077498869,-0.8861246673576649,0.0,0.0
GIRDER_4CD,y_pitch,1e-06,53,0.0,0.0,1.1168797077498869,-0.8861246673576649,0.0,0.0
GIRDER_4CD,y_pitch,1e-06,1177,2.023684443913911e-16,2.3959157195627735e-17,0.5205436349767003,-0.9161320116881548,1.6155871338926322e-20,0.0
GIRDER_4CD,tilt,1e-06,33,0.0,0.0,0.0,0.0,0.0,0.0
GIRDER_4CD,tilt,1e-06,34,0.0,0.0,-0.0003904245715785616,-0.003255332158546024,0.0,0.0
GIRDER_4CD,tilt,1e-06,36,0.0,0.0,-0.0009828950244339418,-0.0032553321585460306,0.0,0.0
GIRDER_4CD,tilt,1e-06,37,0.0,0.0,-0.0009828950244339418,-0.0032553321585460306,0.0,0.0
GIRDER_4CD,tilt,1e-06,38,0.0,0.0,-0.001607918798874774,-0.0032553321585460375,0.0,0.0
GIRDER_4CD,tilt,1e-06,40,0.0,0.0,-0.0024803478173650965,-0.003255332158546044,0.0,0.0
GIRDER_4CD,tilt,1e-06,42,0.0,0.0,-0.0219586901761118,-0.009361934201916814,0.0,0.0
GIRDER_4CD,tilt,1e-06,44,0.0,0.0,-0.024381090650857744,-0.009361934201916814,0.0,0.0
GIRDER_4CD,tilt,1e-06,46,0.0,0.0,-0.034487576924750685,-0.037064803340646914,0.0,0.0
GIRDER_4CD,tilt,1e-06,48,0.0,0.0,-0.035377132204926214,-0.037064803340646914,0.0,0.0
GIRDER_4CD,tilt,1e-06,50,0.0,0.0,-0.03834231647217797,-0.037064803340646914,0.0,0.0
GIRDER_4CD,tilt,1e-06,52,0.0,0.0,-0.04208956808991733,-0.037064803340646914,0.0,0.0
GIRDER_4CD,tilt,1e-06,53,0.0,0.0,-0.04208956808991733,-0.037064803340646914,0.0,0.0
GIRDER_4CD,tilt,1e-06,1177,7.068193710780266e-22,1.262177448353619e-22,-0.053596782989398795,-0.056847879545081,6.310887241768094e-23,0.0
GIRDER_5AB,x_offset,1e-05,61,0.0,0.0,0.0,0.0,0.0,0.0
GIRDER_5AB,x_offset,1e-05,62,0.0,0.0,0.0,0.0,0.0,0.0
GIRDER_5AB,x_offset,1e-05,64,0.0,0.0,0.0,0.0,0.0,0.0
GIRDER_5AB,x_offset,1e-05,66,0.12055454534989228,0.5903490712964546,0.0,0.0,6.903000882767326e-13,0.0
GIRDER_5AB,x_offset,1e-05,68,0.1294097814194934,0.5903490712964546,0.0,0.0,6.903000882767326e-13,0.0
GIRDER_5AB,x_offset,1e-05,70,0.2637141951417772,0.5903490712964546,0.0,0.0,6.903000882767326e-13,0.0
GIRDER_5AB,x_offset,1e-05,72,1.3291449138615532,0.43864574375158816,0.0,0.0,-0.06372416823109131,0.0
GIRDER_5AB,x_offset,1e-05,74,1.505590164287327,0.43864574375158816,0.0,0.0,-0.06372416823109131,0.0
GIRDER_5AB,x_offset,1e-05,76,1.5512093216379312,0.43864574375158816,0.0,0.0,-0.06372416823109131,0.0
GIRDER_5AB,x_offset,1e-05,78,1.6841189819959408,0.43864574375158816,0.0,0.0,-0.06372416823109131,0.0
GIRDER_5AB,x_offset,1e-05,80,1.7998124762786267,0.04995464905349552,0.0,0.0,-0.06372416823075737,0.0
GIRDER_5AB,x_offset,1e-05,81,1.7998124762786267,0.04995464905349552,0.0,0.0,-0.06372416823075737,0.0
GIRDER_5AB,x_offset,1e-05,1177,-0.4114614179644631,-0.17105040864135443,1.6332370169321401e-16,1.696712679815595e-17,-0.07304870955522025,-0.0007743995704767627
GIRDER_5AB,y_offset,1e-05,61,0.0,0.0,0.0,0.0,0.0,0.0
GIRDER_5AB,y_offset,1e-05,62,0.0,0.0,0.0,0.0,0.0,0.0
GIRDER_5AB,y_offset,1e-05,64,0.0,0.0,0.0,0.0,0.0,0.0
GIRDER_5AB,y_offset,1e-05,66,0.0,0.0,-0.12570527217045943,-0.641374892326891,0.0,0.0
GIRDER_5AB,y_offset,1e-05,68,0.0,0.0,-0.13532589555556065,-0.641374892326891,0.0,0.0
GIRDER_5AB,y_offset,1e-05,70,0.0,0.0,-0.2812386835629295,-0.641374892326891,0.0,0.0
GIRDER_5AB,y_offset,1e-05,72,0.0,0.0,0.00861363464858956,0.8752601714871457,0.0,0.0
GIRDER_5AB,y_offset,1e-05,74,0.0,0.0,0.3606870386427798,0.8752601714871457,0.0,0.0
GIRDER_5AB,y_offset,1e-05,76,0.0,0.0,0.4517140964809297,0.8752601714871457,0.0,0.0
GIRDER_5AB,y_offset,1e-05,78,0.0,0.0,0.7169179284516931,0.8752601714871457,0.0,0.0
GIRDER_5AB,y_offset,1e-05,80,0.0,0.0,1.0736281730947383,0.8358874915959005,0.0,0.0
GIRDER_5AB,y_offset,1e-05,81,0.0,0.0,1.0736281730947383,0.8358874915959005,0.0,0.0
GIRDER_5AB,y_offset,1e-05,1177,1.4416103715574164e-15,1.373119816838026e-16,-3.5991426820274772,0.10013953773156492,-6.100457017578578e-18,-9.693522803355793e-22
GIRDER_5AB,z_offset,1e-05,61,0.0,0.0,0.0,0.0,0.0,0.0
GIRDER_5AB,z_offset,1e-05,62,0.0,0.0,0.0,0.0,0.0,0.0
GIRDER_5AB,z_offset,1e-05,64,0.0,0.0,0.0,0.0,0.0,0.0
GIRDER_5AB,z_offset,1e-05,66,-0.004779398568003863,-0.02340445561623286,0.0,0.0,2.7443867491039328e-14,0.0
GIRDER_5AB,z_offset,1e-05,68,-0.0051304654022473655,-0.02340445561623286,0.0,0.0,2.7443867491039328e-14,0.0
GIRDER_5AB,z_offset,1e-05,70,-0.010454979054940491,-0.02340445561623286,0.0,0.0,2.7443867491039328e-14,0.0
GIRDER_5AB,z_offset,1e-05,72,0.022093984930124374,-0.01739016005897598,0.0,0.0,-0.00027199410394143604,0.0
GIRDER_5AB,z_offset,1e-05,74,0.015098793046401179,-0.01739016005897598,0.0,0.0,-0.00027199410394143604,0.0
GIRDER_5AB,z_offset,1e-05,76,0.01329021640026765,-0.01739016005897598,0.0,0.0,-0.00027199410394143604,0.0
GIRDER_5AB,z_offset,1e-05,78,0.008020997902397851,-0.01739016005897598,0.0,0.0,-0.00027199410394143604,0.0
GIRDER_5AB,z_offset,1e-05,80,0.003434316253199425,-0.001980457704566013,0.0,0.0,-0.0002719941039563438,0.0
GIRDER_5AB,z_offset,1e-05,81,0.003434316253199425,-0.001980457704566013,0.0,0.0,-0.0002719941039563438,0.0
GIRDER_5AB,z_offset,1e-05,1177,-0.020331813562795783,0.0006276350428480068,-2.8194917566955325e-18,-6.361526416513155e-19,0.00016296254539931065,1.7268009804968035e-06
GIRDER_5AB,x_pitch,1e-06,61,0.0,0.0,0.0,0.0,0.0,0.0
GIRDER_5AB,x_pitch,1e-06,62,-2.1175823681357508e-16,0.0,0.0,0.0,4.4932450873880463e-14,0.0
GIRDER_5AB,x_pitch,1e-06,64,-2.1175823681357508e-16,0.0,0.0,0.0,4.4932450873880463e-14,0.0
GIRDER_5AB,x_pitch,1e-06,66,-0.2296797386589088,-1.0835075347221996,0.0,0.0,2.76212150143707e-14,0.0
GIRDER_5AB,x_pitch,1e-06,68,-0.2459323516797514,-1.0835075347221996,0.0,0.0,2.718972568765755e-14,0.0
GIRDER_5AB,x_pitch,1e-06,70,-0.49243031582919666,-1.0835075347221996,0.0,0.0,1.5841501347125544e-13,0.0
GIRDER_5AB,x_pitch,1e-06,72,-4.960111444301512,-3.354309912234165,0.0,0.0,0.17559850769965824,0.0
GIRDER_5AB,x_pitch,1e-06,74,-6.309382606505296,-3.3543099122341644,0.0,0.0,0.17559850769985702,0.0
GIRDER_5AB,x_pitch,1e-06,76,-6.6582308373796115,-3.3543099122341644,0.0,0.0,0.17559850769983207,0.0
GIRDER_5AB,x_pitch,1e-06,78,-7.674586740792282,-3.354309912234164,0.0,0.0,0.17559850770004762,0.0
GIRDER_5AB,x_pitch,1e-06,80,-8.15616009941657,1.8417585645130614,0.0,0.0,0.17559850770061503,0.0
GIRDER_5AB,x_pitch,1e-06,81,-8.15616009941657,1.8417585645130614,0.0,0.0,0.17559850770061503,0.0
GIRDER_5AB,x_pitch,1e-06,1177,21.33932907608787,-0.17536864062453497,2.5701393547403484e-16,3.560650866472284e-16,-0.22728038998574043,-0.00240736819083595
GIRDER_5AB,y_pitch,1e-06,61,0.0,0.0,0.0,0.0,0.0,0.0
GIRDER_5AB,y_pitch,1e-06,62,0.0,0.0,-4.2351647362715017e-16,0.0,0.0,0.0
GIRDER_5AB,y_pitch,1e-06,64,0.0,0.0,-4.2351647362715017e-16,0.0,0.0,0.0
GIRDER_5AB,y_pitch,1e-06,66,0.0,0.0,0.23983947144027673,1.1828591924200098,0.0,0.0
GIRDER_5AB,y_pitch,1e-06,68,0.0,0.0,0.2575823593265893,1.1828591924200098,0.0,0.0
GIRDER_5AB,y_pitch,1e-06,70,0.0,0.0,0.5266828256023294,1.1828591924200096,0.0,0.0
GIRDER_5AB,y_pitch,1e-06,72,0.0,0.0,1.6648306406625648,-0.48811116926152703,0.0,0.0
GIRDER_5AB,y_pitch,1e-06,74,0.0,0.0,1.468487922827092,-0.48811116926152653,0.0,0.0
GIRDER_5AB,y_pitch,1e-06,76,0.0,0.0,1.4177243612238872,-0.48811116926152653,0.0,0.0
GIRDER_5AB,y_pitch,1e-06,78,0.0,0.0,1.269826676937627,-0.4881111692615261,0.0,0.0
GIRDER_5AB,y_pitch,1e-06,80,0.0,0.0,0.9857909996337867,-0.9739744758354006,0.0,0.0
GIRDER_5AB,y_pitch,1e-06,81,0.0,0.0,0.9857909996337867,-0.9739744758354006,0.0,0.0
GIRDER_5AB,y_pitch,1e-06,1177,-7.819247857584273e-16,-6.838457220340733e-17,-1.95842193522983,0.5739726654928082,2.164886759416127e-19,5.0487097934144756e-23
GIRDER_5AB,tilt,1e-06,61,0.0,0.0,0.0,0.0,0.0,0.0
GIRDER_5AB,tilt,1e-06,62,0.0,0.0,1.8611563782443123e-18,6.6174449004242214e-18,0.0,0.0
GIRDER_5AB,tilt,1e-06,64,0.0,0.0,2.6016484626017826e-18,6.6174449004242214e-18,0.0,0.0
GIRDER_5AB,tilt,1e-06,66,0.0,0.0,-0.0017944213664242738,-0.010775120612867825,0.0,0.0
GIRDER_5AB,tilt,1e-06,68,0.0,0.0,-0.0019560481756172913,-0.010775120612867825,0.0,0.0
GIRDER_5AB,tilt,1e-06,70,0.0,0.0,-0.004407388115044696,-0.010775120612867818,0.0,0.0
GIRDER_5AB,tilt,1e-06,72,0.0,0.0,-0.032876727576349976,-0.007739806549664958,0.0,0.0
GIRDER_5AB,tilt,1e-06,74,0.0,0.0,-0.03599006476095263,-0.007739806549664968,0.0,0.0
GIRDER_5AB,tilt,1e-06,76,0.0,0.0,-0.03679500464211779,-0.007739806549664968,0.0,0.0
GIRDER_5AB,tilt,1e-06,78,0.0,0.0,-0.039140166026666215,-0.007739806549664981,0.0,0.0
GIRDER_5AB,tilt,1e-06,80,0.0,0.0,-0.046964088091035666,-0.03251191202276242,0.0,0.0
GIRDER_5AB,tilt,1e-06,81,0.0,0.0,-0.046964088091035666,-0.03251191202276242,0.0,0.0
GIRDER_5AB,tilt,1e-06,1177,-4.138618953089633e-17,-3.1729941983034043e-18,0.15430571190265782,-0.005502127130547235,1.135959703518257e-21,1.9721522630525295e-25
GIRDER_5CD,x_offset,1e-05,83,0.0,0.0,0.0,0.0,0.0,0.0
GIRDER_5CD,x_offset,1e-05,84,0.09024296365744512,0.4909373183589262,0.0,0.0,4.2137242147941267e-13,0.0
GIRDER_5CD,x_offset,1e-05,86,0.1795935555998464,0.4909373183589262,0.0,0.0,4.2137242147941267e-13,0.0
GIRDER_5CD,x_offset,1e-05,87,0.1795935555998464,0.4909373183589262,0.0,0.0,4.2137242147941267e-13,0.0
GIRDER_5CD,x_offset,1e-05,88,0.2738535207258962,0.4909373183589262,0.0,0.0,4.2137242147941267e-13,0.0
GIRDER_5CD,x_offset,1e-05,90,0.4034609727742146,0.4909373183589262,0.0,0.0,4.2137242147941267e-13,0.0
GIRDER_5CD,x_offset,1e-05,92,1.4823515469769912,0.4910471051857805,0.0,0.0,-0.07478945623817312,0.0
GIRDER_5CD,x_offset,1e-05,94,1.6094099854453439,0.4910471051857805,0.0,0.0,-0.07478945623817312,0.0
GIRDER_5CD,x_offset,1e-05,96,1.7559811016100169,0.04996332069835397,0.0,0.0,-0.07478945623769806,0.0
GIRDER_5CD,x_offset,1e-05,98,1.7571802213067775,0.04996332069835397,0.0,0.0,-0.07478945623769806,0.0
GIRDER_5CD,x_offset,1e-05,100,1.761177286962646,0.04996332069835397,0.0,0.0,-0.07478945623769806,0.0
GIRDER_5CD,x_offset,1e-05,102,1.7662285786852503,0.04996332069835397,0.0,0.0,-0.07478945623769806,0.0
GIRDER_5CD,x_offset,1e-05,103,1.7662285786852503,0.04996332069835397,0.0,0.0,-0.07478945623769806,0.0
GIRDER_5CD,x_offset,1e-05,1177,1.3612425115974984,0.12664093007178406,-8.926839866326883e-17,2.0239111405361197e-17,-0.07313851853926749,-0.0007746947521520467
GIRDER_5CD,y_offset,1e-05,83,0.0,0.0,0.0,0.0,0.0,0.0
GIRDER_5CD,y_offset,1e-05,84,0.0,0.0,-0.09310063968774887,-0.5222047304344795,0.0,0.0
GIRDER_5CD,y_offset,1e-05,86,0.0,0.0,-0.18814190062811986,-0.5222047304344795,0.0,0.0
GIRDER_5CD,y_offset,1e-05,87,0.0,0.0,-0.18814190062811986,-0.5222047304344795,0.0,0.0
GIRDER_5CD,y_offset,1e-05,88,0.0,0.0,-0.28840520887290716,-0.5222047304344795,0.0,0.0
GIRDER_5CD,y_offset,1e-05,90,0.0,0.0,-0.4262672577094894,-0.5222047304344795,0.0,0.0
GIRDER_5CD,y_offset,1e-05,92,0.0,0.0,0.18511228780323966,1.0147399906206862,0.0,0.0
GIRDER_5CD,y_offset,1e-05,94,0.0,0.0,0.44767626038986025,1.0147399906206862,0.0,0.0
GIRDER_5CD,y_offset,1e-05,96,0.0,0.0,0.8849704981034382,0.8358874915928065,0.0,0.0
GIRDER_5CD,y_offset,1e-05,98,0.0,0.0,0.9050317979023665,0.8358874915928065,0.0,0.0
GIRDER_5CD,y_offset,1e-05,100,0.0,0.0,0.9719027972321271,0.8358874915928065,0.0,0.0
GIRDER_5CD,y_offset,1e-05,102,0.0,0.0,1.0564110226351122,0.8358874915928065,0.0,0.0
GIRDER_5CD,y_offset,1e-05,103,0.0,0.0,1.0564110226351122,0.8358874915928065,0.0,0.0
GIRDER_5CD,y_offset,1e-05,1177,-1.0566405144752376e-15,-8.073282778517549e-17,3.150514089969091,-0.6575965537835046,1.5716431638507524e-18,1.2924697071141056e-21
GIRDER_5CD,z_offset,1e-05,83,0.0,0.0,0.0,0.0,0.0,0.0
GIRDER_5CD,z_offset,1e-05,84,-0.003157342097519774,-0.017176486671935946,0.0,0.0,1.4738373282224826e-14,0.0
GIRDER_5CD,z_offset,1e-05,86,-0.006283462671812158,-0.017176486671935946,0.0,0.0,1.4738373282224826e-14,0.0
GIRDER_5CD,z_offset,1e-05,87,-0.006283462671812158,-0.017176486671935946,0.0,0.0,1.4738373282224826e-14,0.0
GIRDER_5CD,z_offset,1e-05,88,-0.00958134811282391,-0.017176486671935946,0.0,0.0,1.4738373282224826e-14,0.0
GIRDER_5CD,z_offset,1e-05,90,-0.014115940594215066,-0.017176486671935946,0.0,0.0,1.4738373282224826e-14,0.0
GIRDER_5CD,z_offset,1e-05,92,0.02291188200345686,-0.017180327798280506,0.0,0.0,-0.0001811920328469812,0.0
GIRDER_5CD,z_offset,1e-05,94,0.01846647218565171,-0.017180327798280506,0.0,0.0,-0.0001811920328469812,0.0
GIRDER_5CD,z_offset,1e-05,96,0.01333836982057459,-0.001748073083931422,0.0,0.0,-0.00018119203286155017,0.0
GIRDER_5CD,z_offset,1e-05,98,0.013296416066560237,-0.001748073083931422,0.0,0.0,-0.00018119203286155017,0.0
GIRDER_5CD,z_offset,1e-05,100,0.013156570219845723,-0.001748073083931422,0.0,0.0,-0.00018119203286155017,0.0
GIRDER_5CD,z_offset,1e-05,102,0.01297984003106025,-0.001748073083931422,0.0,0.0,-0.00018119203286155017,0.0
GIRDER_5CD,z_offset,1e-05,103,0.01297984003106025,-0.001748073083931422,0.0,0.0,-0.00018119203286155017,0.0
GIRDER_5CD,z_offset,1e-05,1177,0.01759730190760241,-0.0011074250794594754,6.690027316449896e-19,9.275119635421687e-19,-0.00017754607068490758,-1.8825447665913524e-06
GIRDER_5CD,x_pitch,1e-06,83,0.0,0.0,0.0,0.0,0.0,0.0
GIRDER_5CD,x_pitch,1e-06,84,-0.19267249423596575,-1.0175142288231454,0.0,0.0,-7.451242957877673e-15,0.0
GIRDER_5CD,x_pitch,1e-06,86,-0.377860083881874,-1.017514228823145,0.0,0.0,1.0721584227667324e-13,0.0
GIRDER_5CD,x_pitch,1e-06,87,-0.377860083881874,-1.017514228823145,0.0,0.0,1.0721584227667324e-13,0.0
GIRDER_5CD,x_pitch,1e-06,88,-0.573222815816019,-1.017514228823145,0.0,0.0,2.194410903429676e-13,0.0
GIRDER_5CD,x_pitch,1e-06,90,-0.8418465722254684,-1.017514228823145,0.0,0.0,3.306935740088996e-13,0.0
GIRDER_5CD,x_pitch,1e-06,92,-6.3470254966227895,-4.335663822218766,0.0,0.0,0.2309084887355564,0.0
GIRDER_5CD,x_pitch,1e-06,94,-7.468878510632436,-4.335663822218765,0.0,0.0,0.23090848873590164,0.0
GIRDER_5CD,x_pitch,1e-06,96,-8.29668249821984,1.883690306288753,0.0,0.0,0.23090848873693987,0.0
GIRDER_5CD,x_pitch,1e-06,98,-8.25147393086883,1.883690306288753,0.0,0.0,0.23090848873694214,0.0
GIRDER_5CD,x_pitch,1e-06,100,-8.10077870636546,1.883690306288753,0.0,0.0,0.23090848873694966,0.0
GIRDER_5CD,x_pitch,1e-06,102,-7.910337616399331,1.883690306288753,0.0,0.0,0.2309084887368311,0.0
GIRDER_5CD,x_pitch,1e-06,103,-7.910337616399331,1.883690306288753,0.0,0.0,0.2309084887368311,0.0
GIRDER_5CD,x_pitch,1e-06,1177,-13.66224393445714,1.4634099050165952,-1.7188838385016545e-15,-2.8838326166033667e-16,0.22605151718691568,0.002397191013275663
GIRDER_5CD,y_pitch,1e-06,83,0.0,0.0,0.0,0.0,0.0,0.0
GIRDER_5CD,y_pitch,1e-06,84,0.0,0.0,0.1989248436327274,1.0853244009101284,0.0,0.0
GIRDER_5CD,y_pitch,1e-06,86,0.0,0.0,0.3964538845984871,1.0853244009101284,0.0,0.0
GIRDER_5CD,y_pitch,1e-06,87,0.0,0.0,0.3964538845984871,1.0853244009101284,0.0,0.0
GIRDER_5CD,y_pitch,1e-06,88,0.0,0.0,0.6048361695733547,1.0853244009101284,0.0,0.0
GIRDER_5CD,y_pitch,1e-06,90,0.0,0.0,0.8913618114137979,1.0853244009101284,0.0,0.0
GIRDER_5CD,y_pitch,1e-06,92,0.0,0.0,1.8024671930275142,-0.6401886529468941,0.0,0.0
GIRDER_5CD,y_pitch,1e-06,94,0.0,0.0,1.6368183790774715,-0.6401886529468943,0.0,0.0
GIRDER_5CD,y_pitch,1e-06,96,0.0,0.0,1.2986238770250138,-0.8861246673576634,0.0,0.0
GIRDER_5CD,y_pitch,1e-06,98,0.0,0.0,1.2773568850084216,-0.8861246673576634,0.0,0.0
GIRDER_5CD,y_pitch,1e-06,100,0.0,0.0,1.2064669116197806,-0.8861246673576634,0.0,0.0
GIRDER_5CD,y_pitch,1e-06,102,0.0,0.0,1.116879707749885,-0.8861246673576634,0.0,0.0
GIRDER_5CD,y_pitch,1e-06,103,0.0,0.0,1.116879707749885,-0.8861246673576634,0.0,0.0
GIRDER_5CD,y_pitch,1e-06,1177,6.618543499675268e-16,5.0726204829960865e-17,-2.4449858108027613,-0.08312518472151874,-3.069615554396001e-19,-2.271919407036514e-22
GIRDER_5CD,tilt,1e-06,83,0.0,0.0,0.0,0.0,0.0,0.0
GIRDER_5CD,tilt,1e-06,84,0.0,0.0,-0.00039042457157868814,-0.0032553321585468246,0.0,0.0
GIRDER_5CD,tilt,1e-06,86,0.0,0.0,-0.00098289502443419,-0.0032553321585468316,0.0,0.0
GIRDER_5CD,tilt,1e-06,87,0.0,0.0,-0.00098289502443419,-0.0032553321585468316,0.0,0.0
GIRDER_5CD,tilt,1e-06,88,0.0,0.0,-0.0016079187988751577,-0.003255332158546838,0.0,0.0
GIRDER_5CD,tilt,1e-06,90,0.0,0.0,-0.0024673264887314955,-0.0032553321585468446,0.0,0.0
GIRDER_5CD,tilt,1e-06,92,0.0,0.0,-0.02195869017611205,-0.009361934201915672,0.0,0.0
GIRDER_5CD,tilt,1e-06,94,0.0,0.0,-0.02438109065085769,-0.009361934201915676,0.0,0.0
GIRDER_5CD,tilt,1e-06,96,0.0,0.0,-0.03448757692474992,-0.037064803340645006,0.0,0.0
GIRDER_5CD,tilt,1e-06,98,0.0,0.0,-0.0353771322049254,-0.037064803340645006,0.0,0.0
GIRDER_5CD,tilt,1e-06,100,0.0,0.0,-0.03834231647217701,-0.037064803340645006,0.0,0.0
GIRDER_5CD,tilt,1e-06,102,0.0,0.0,-0.04208956808991615,-0.037064803340645006,0.0,0.0
GIRDER_5CD,tilt,1e-06,103,0.0,0.0,-0.04208956808991615,-0.037064803340645006,0.0,0.0
GIRDER_5CD,tilt,1e-06,1177,-1.5146129380243427e-22,2.5243548967072378e-23,-0.13779800194962216,0.027500792125993906,1.7670484276950664e-22,2.2186712959340957e-25
GIRDER_6AB,x_offset,1e-05,107,0.0,0.0,0.0,0.0,0.0,0.0
GIRDER_6AB,x_offset,1e-05,108,0.0,0.0,0.0,0.0,0.0,0.0
GIRDER_6AB,x_offset,1e-05,110,0.0,0.0,0.0,0.0,0.0,0.0
GIRDER_6AB,x_offset,1e-05,112,0.12055454534989261,0.5903490712964546,0.0,0.0,6.902974412987725e-13,0.0
GIRDER_6AB,x_offset,1e-05,114,0.12940978141949375,0.5903490712964546,0.0,0.0,6.902973686781308e-13,0.0
GIRDER_6AB,x_offset,1e-05,116,0.2637141951417777,0.5903490712964546,0.0,0.0,6.902974412987725e-13,0.0
GIRDER_6AB,x_offset,1e-05,118,1.3291449138615532,0.4386457437515881,0.0,0.0,-0.06372416823109132,0.0
GIRDER_6AB,x_offset,1e-05,120,1.503396935568548,0.4386457437515881,0.0,0.0,-0.06372416823109134,0.0
GIRDER_6AB,x_offset,1e-05,122,1.551209321637931,0.4386457437515881,0.0,0.0,-0.06372416823109134,0.0
GIRDER_6AB,x_offset,1e-05,124,1.6841189819959408,0.4386457437515881,0.0,0.0,-0.06372416823109134,0.0
GIRDER_6AB,x_offset,1e-05,126,1.7998124762786265,0.04995464905349554,0.0,0.0,-0.06372416823075741,0.0
GIRDER_6AB,x_offset,1e-05,127,1.7998124762786265,0.04995464905349554,0.0,0.0,-0.06372416823075741,0.0
GIRDER_6AB,x_offset,1e-05,1177,-1.9107636153691716,-0.040080845599908585,-1.8932557540502517e-16,5.171913152617881e-17,-0.07303478728671103,-0.0007741049578280522
GIRDER_6AB,y_offset,1e-05,107,0.0,0.0,0.0,0.0,0.0,0.0
GIRDER_6AB,y_offset,1e-05,108,0.0,0.0,0.0,0.0,0.0,0.0
GIRDER_6AB,y_offset,1e-05,110,0.0,0.0,0.0,0.0,0.0,0.0
GIRDER_6AB,y_offset,1e-05,112,0.0,0.0,-0.12570527217045943,-0.641374892326891,0.0,0.0
GIRDER_6AB,y_offset,1e-05,114,0.0,0.0,-0.13532589555556065,-0.641374892326891,0.0,0.0
GIRDER_6AB,y_offset,1e-05,116,0.0,0.0,-0.2812386835629295,-0.641374892326891,0.0,0.0
GIRDER_6AB,y_offset,1e-05,118,0.0,0.0,0.00861363464858956,0.8752601714871457,0.0,0.0
GIRDER_6AB,y_offset,1e-05,120,0.0,0.0,0.3563107377851764,0.8752601714871457,0.0,0.0
GIRDER_6AB,y_offset,1e-05,122,0.0,0.0,0.4517140964809296,0.8752601714871457,0.0,0.0
GIRDER_6AB,y_offset,1e-05,124,0.0,0.0,0.7169179284516931,0.8752601714871457,0.0,0.0
GIRDER_6AB,y_offset,1e-05,126,0.0,0.0,1.0736281730947381,0.8358874915959005,0.0,0.0
GIRDER_6AB,y_offset,1e-05,127,0.0,0.0,1.0736281730947381,0.8358874915959005,0.0,0.0
GIRDER_6AB,y_offset,1e-05,1177,-1.462455322993753e-16,1.588186776101813e-17,0.8412227057753441,1.355873254599146,-6.61744490042422e-19,0.0
GIRDER_6AB,z_offset,1e-05,107,0.0,0.0,0.0,0.0,0.0,0.0
GIRDER_6AB,z_offset,1e-05,108,0.0,0.0,0.0,0.0,0.0,0.0
GIRDER_6AB,z_offset,1e-05,110,0.0,0.0,0.0,0.0,0.0,0.0
GIRDER_6AB,z_offset,1e-05,112,-0.004779398568003884,-0.02340445561623286,0.0,0.0,2.7443867491039328e-14,0.0
GIRDER_6AB,z_offset,1e-05,114,-0.005130465402247387,-0.02340445561623286,0.0,0.0,2.7443870369513885e-14,0.0
GIRDER_6AB,z_offset,1e-05,116,-0.01045497905494051,-0.02340445561623286,0.0,0.0,2.7443867491039328e-14,0.0
GIRDER_6AB,z_offset,1e-05,118,0.02209398493012435,-0.01739016005897596,0.0,0.0,-0.0002719941039413513,0.0
GIRDER_6AB,z_offset,1e-05,120,0.015185743846696041,-0.01739016005897596,0.0,0.0,-0.00027199410394126663,0.0
GIRDER_6AB,z_offset,1e-05,122,0.013290216400267632,-0.01739016005897596,0.0,0.0,-0.0002719941039412666,0.0
GIRDER_6AB,z_offset,1e-05,124,0.008020997902397835,-0.01739016005897596,0.0,0.0,-0.00027199410394126663,0.0
GIRDER_6AB,z_offset,1e-05,126,0.003434316253199434,-0.0019804577045659994,0.0,0.0,-0.0002719941039561744,0.0
GIRDER_6AB,z_offset,1e-05,127,0.003434316253199434,-0.0019804577045659994,0.0,0.0,-0.0002719941039561744,0.0
GIRDER_6AB,z_offset,1e-05,1177,-0.0020146430900740333,0.0019129859704434193,1.8828882069993432e-18,-6.623642657489539e-19,0.00016234935557756322,1.7236686044996469e-06
GIRDER_6AB,x_pitch,1e-06,107,0.0,0.0,0.0,0.0,0.0,0.0
GIRDER_6AB,x_pitch,1e-06,108,-2.1175823681357508e-16,0.0,0.0,0.0,4.4932450873880463e-14,0.0
GIRDER_6AB,x_pitch,1e-06,110,-2.1175823681357508e-16,0.0,0.0,0.0,4.4932450873880463e-14,0.0
GIRDER_6AB,x_pitch,1e-06,112,-0.22967973865890898,-1.0835075347222,0.0,0.0,2.76212150143707e-14,0.0
GIRDER_6AB,x_pitch,1e-06,114,-0.24593235167975155,-1.0835075347222,0.0,0.0,2.7189858948352547e-14,0.0
GIRDER_6AB,x_pitch,1e-06,116,-0.4924303158291971,-1.0835075347222,0.0,0.0,1.5842163091615586e-13,0.0
GIRDER_6AB,x_pitch,1e-06,118,-4.960111444306716,-3.3543099122367526,0.0,0.0,0.1755985076998469,0.0
GIRDER_6AB,x_pitch,1e-06,120,-6.292611056950261,-3.354309912236752,0.0,0.0,0.1755985077000469,0.0
GIRDER_6AB,x_pitch,1e-06,122,-6.658230837386124,-3.354309912236752,0.0,0.0,0.17559850770002075,0.0
GIRDER_6AB,x_pitch,1e-06,124,-7.674586740799577,-3.3543099122367512,0.0,0.0,0.1755985077002363,0.0
GIRDER_6AB,x_pitch,1e-06,126,-8.156160099424255,1.8417585645143666,0.0,0.0,0.1755985077008037,0.0
GIRDER_6AB,x_pitch,1e-06,127,-8.156160099424255,1.8417585645143666,0.0,0.0,0.1755985077008037,0.0
GIRDER_6AB,x_pitch,1e-06,1177,7.033577087015594,-1.800508942733237,1.8075240412374966e-15,-6.35826010419558e-16,-0.22668114564073885,-0.0024048946212852427
GIRDER_6AB,y_pitch,1e-06,107,0.0,0.0,0.0,0.0,0.0,0.0
GIRDER_6AB,y_pitch,1e-06,108,0.0,0.0,-4.2351647362715017e-16,0.0,0.0,0.0
GIRDER_6AB,y_pitch,1e-06,110,0.0,0.0,-4.2351647362715017e-16,0.0,0.0,0.0
GIRDER_6AB,y_pitch,1e-06,112,0.0,0.0,0.23983947144027679,1.1828591924200131,0.0,0.0
GIRDER_6AB,y_pitch,1e-06,114,0.0,0.0,0.2575823593265894,1.1828591924200131,0.0,0.0
GIRDER_6AB,y_pitch,1e-06,116,0.0,0.0,0.5266828256023306,1.182859192420013,0.0,0.0
GIRDER_6AB,y_pitch,1e-06,118,0.0,0.0,1.6648306406625715,-0.4881111692615269,0.0,0.0
GIRDER_6AB,y_pitch,1e-06,120,0.0,0.0,1.4709284786734067,-0.48811116926152653,0.0,0.0
GIRDER_6AB,y_pitch,1e-06,122,0.0,0.0,1.417724361223894,-0.48811116926152653,0.0,0.0
GIRDER_6AB,y_pitch,1e-06,124,0.0,0.0,1.2698266769376338,-0.4881111692615261,0.0,0.0
GIRDER_6AB,y_pitch,1e-06,126,0.0,0.0,0.9857909996337939,-0.9739744758354019,0.0,0.0
GIRDER_6AB,y_pitch,1e-06,127,0.0,0.0,0.9857909996337939,-0.9739744758354019,0.0,0.0
GIRDER_6AB,y_pitch,1e-06,1177,6.622550155767322e-16,5.0781134792513215e-17,1.7963145232275752,0.6726886428978611,8.077935669463161e-20,7.573064690121713e-23
GIRDER_6AB,tilt,1e-06,107,0.0,0.0,0.0,0.0,0.0,0.0
GIRDER_6AB,tilt,1e-06,108,0.0,0.0,-1.5302841332231012e-17,6.6174449004242214e-18,0.0,0.0
GIRDER_6AB,tilt,1e-06,110,0.0,0.0,-1.4562349247873542e-17,6.6174449004242214e-18,0.0,0.0
GIRDER_6AB,tilt,1e-06,112,0.0,0.0,-0.0017944213664242109,-0.010775120612867381,0.0,0.0
GIRDER_6AB,tilt,1e-06,114,0.0,0.0,-0.001956048175617222,-0.010775120612867381,0.0,0.0
GIRDER_6AB,tilt,1e-06,116,0.0,0.0,-0.004407388115044523,-0.010775120612867374,0.0,0.0
GIRDER_6AB,tilt,1e-06,118,0.0,0.0,-0.03287672757634844,-0.0077398065496645145,0.0,0.0
GIRDER_6AB,tilt,1e-06,120,0.0,0.0,-0.0359513657282026,-0.0077398065496645215,0.0,0.0
GIRDER_6AB,tilt,1e-06,122,0.0,0.0,-0.03679500464211603,-0.0077398065496645215,0.0,0.0
GIRDER_6AB,tilt,1e-06,124,0.0,0.0,-0.039140166026664314,-0.0077398065496645276,0.0,0.0
GIRDER_6AB,tilt,1e-06,126,0.0,0.0,-0.04696408809103354,-0.0325119120227618,0.0,0.0
GIRDER_6AB,tilt,1e-06,127,0.0,0.0,-0.04696408809103354,-0.0325119120227618,0.0,0.0
GIRDER_6AB,tilt,1e-06,1177,-2.069342450930655e-17,-1.5866012287911913e-18,-0.0391804954683652,-0.057978737448471734,6.815758221109542e-22,-3.944304526105059e-25
GIRDER_6CD,x_offset,1e-05,129,0.0,0.0,0.0,0.0,0.0,0.0
GIRDER_6CD,x_offset,1e-05,130,0.09024299151522572,0.4909374699100682,0.0,0.0,4.212665423610059e-13,0.0
GIRDER_6CD,x_offset,1e-05,132,0.17959361103993482,0.4909374699100682,0.0,0.0,4.2126918933896605e-13,0.0
GIRDER_6CD,x_offset,1e-05,133,0.17959361103993482,0.4909374699100682,0.0,0.0,4.2126918933896605e-13,0.0
GIRDER_6CD,x_offset,1e-05,134,0.27385360526380403,0.4909374699100682,0.0,0.0,4.2126918933896605e-13,0.0
GIRDER_6CD,x_offset,1e-05,136,0.40100640997204406,0.4909374699100682,0.0,0.0,4.2126918933896605e-13,0.0
GIRDER_6CD,x_offset,1e-05,138,1.4823513447352956,0.4910472567698054,0.0,0.0,-0.07478945463074659,0.0
GIRDER_6CD,x_offset,1e-05,140,1.608918775169239,0.4910472567698054,0.0,0.0,-0.07478945463074659,0.0
GIRDER_6CD,x_offset,1e-05,142,1.751684235093813,0.030819620869784296,0.0,0.0,-0.07478945463026833,0.0
GIRDER_6CD,x_offset,1e-05,144,1.7524239059946882,0.030819620869784296,0.0,0.0,-0.07478945463026833,0.0
GIRDER_6CD,x_offset,1e-05,146,1.7548894756642706,0.030819620869784296,0.0,0.0,-0.07478945463026833,0.0
GIRDER_6CD,x_offset,1e-05,148,1.7580053393342066,0.030819620869784296,0.0,0.0,-0.07478945463026833,0.0
GIRDER_6CD,x_offset,1e-05,149,1.7580053393342066,0.030819620869784296,0.0,0.0,-0.07478945463026833,0.0
GIRDER_6CD,x_offset,1e-05,1177,2.073744437442346,-0.038272818799066896,2.2390024991003845e-16,-1.0854157707990504e-16,-0.07312446850846982,-0.000774804092681067
GIRDER_6CD,y_offset,1e-05,129,0.0,0.0,0.0,0.0,0.0,0.0
GIRDER_6CD,y_offset,1e-05,130,0.0,0.0,-0.09310063968774887,-0.5222047304344795,0.0,0.0
GIRDER_6CD,y_offset,1e-05,132,0.0,0.0,-0.18814190062811986,-0.5222047304344795,0.0,0.0
GIRDER_6CD,y_offset,1e-05,133,0.0,0.0,-0.18814190062811986,-0.5222047304344795,0.0,0.0
GIRDER_6CD,y_offset,1e-05,134,0.0,0.0,-0.28840520887290716,-0.5222047304344795,0.0,0.0
GIRDER_6CD,y_offset,1e-05,136,0.0,0.0,-0.42365623405728137,-0.5222047304344795,0.0,0.0
GIRDER_6CD,y_offset,1e-05,138,0.0,0.0,0.18511228780323966,1.0147399906206862,0.0,0.0
GIRDER_6CD,y_offset,1e-05,140,0.0,0.0,0.44666152039918733,1.0147399906206862,0.0,0.0
GIRDER_6CD,y_offset,1e-05,142,0.0,0.0,0.8817884915856461,0.8265160270439151,0.0,0.0
GIRDER_6CD,y_offset,1e-05,144,0.0,0.0,0.9016248762353777,0.8265160270439151,0.0,0.0
GIRDER_6CD,y_offset,1e-05,146,0.0,0.0,0.9677461584011493,0.8265160270439151,0.0,0.0
GIRDER_6CD,y_offset,1e-05,148,0.0,0.0,1.0513069287381434,0.8265160270439151,0.0,0.0
GIRDER_6CD,y_offset,1e-05,149,0.0,0.0,1.0513069287381434,0.8265160270439151,0.0,0.0
GIRDER_6CD,y_offset,1e-05,1177,-8.271806125530276e-20,-3.30872245021211e-19,-2.147770452516754,-1.07661346156013,1.323488980084844e-18,0.0
GIRDER_6CD,z_offset,1e-05,129,0.0,0.0,0.0,0.0,0.0,0.0
GIRDER_6CD,z_offset,1e-05,130,-0.003156545765793073,-0.017172154489718296,0.0,0.0,1.4738373282224826e-14,0.0
GIRDER_6CD,z_offset,1e-05,132,-0.0062818778829218476,-0.017172154489718296,0.0,0.0,1.4738373282224826e-14,0.0
GIRDER_6CD,z_offset,1e-05,133,-0.0062818778829218476,-0.017172154489718296,0.0,0.0,1.4738373282224826e-14,0.0
GIRDER_6CD,z_offset,1e-05,134,-0.009578931544947811,-0.017172154489718296,0.0,0.0,1.4738373282224826e-14,0.0
GIRDER_6CD,z_offset,1e-05,136,-0.014026519557784917,-0.017172154489718296,0.0,0.0,1.4738373282224826e-14,0.0
GIRDER_6CD,z_offset,1e-05,138,0.022924962728154728,-0.017175994646445477,0.0,0.0,-0.00018185198677950746,0.0
GIRDER_6CD,z_offset,1e-05,140,0.01849785010803334,-0.017175994646445477,0.0,0.0,-0.00018185198677950746,0.0
GIRDER_6CD,z_offset,1e-05,142,0.013504158072205556,-0.001078017717700666,0.0,0.0,-0.00018185198679407643,0.0
GIRDER_6CD,z_offset,1e-05,144,0.013478285646980743,-0.001078017717700666,0.0,0.0,-0.00018185198679407643,0.0
GIRDER_6CD,z_offset,1e-05,146,0.013392044229564687,-0.001078017717700666,0.0,0.0,-0.00018185198679407643,0.0
GIRDER_6CD,z_offset,1e-05,148,0.01328305663830515,-0.001078017717700666,0.0,0.0,-0.00018185198679407643,0.0
GIRDER_6CD,z_offset,1e-05,149,0.01328305663830515,-0.001078017717700666,0.0,0.0,-0.00018185198679407643,0.0
GIRDER_6CD,z_offset,1e-05,1177,0.004883745179585134,-0.0012014279292974872,-2.083588764527843e-18,3.8411050284949883e-19,-0.00017775171285838278,-1.8855036251782552e-06
GIRDER_6CD,x_pitch,1e-06,129,0.0,0.0,0.0,0.0,0.0,0.0
GIRDER_6CD,x_pitch,1e-06,130,-0.19262747138975056,-1.017269296758754,0.0,0.0,-7.424773178275976e-15,0.0
GIRDER_6CD,x_pitch,1e-06,132,-0.3777704833999394,-1.017269296758754,0.0,0.0,1.0716952016237027e-13,0.0
GIRDER_6CD,x_pitch,1e-06,133,-0.3777704833999394,-1.017269296758754,0.0,0.0,1.0716952016237027e-13,0.0
GIRDER_6CD,x_pitch,1e-06,134,-0.5730861883777216,-1.017269296758754,0.0,0.0,2.1930874144495912e-13,0.0
GIRDER_6CD,x_pitch,1e-06,136,-0.8365589362383753,-1.017269296758754,0.0,0.0,3.3056784255579156e-13,0.0
GIRDER_6CD,x_pitch,1e-06,138,-6.346284452478338,-4.335418835399104,0.0,0.0,0.23087112007764943,0.0
GIRDER_6CD,x_pitch,1e-06,140,-7.46373865731296,-4.335418835399104,0.0,0.0,0.23087112007799512,0.0
GIRDER_6CD,x_pitch,1e-06,142,-8.237019279942528,2.1544202111446373,0.0,0.0,0.2308711200789874,0.0
GIRDER_6CD,x_pitch,1e-06,144,-8.185313194874936,2.1544202111446373,0.0,0.0,0.23087112007898994,0.0
GIRDER_6CD,x_pitch,1e-06,146,-8.012959577982965,2.1544202111446373,0.0,0.0,0.23087112007899846,0.0
GIRDER_6CD,x_pitch,1e-06,148,-7.795147694635735,2.1544202111446373,0.0,0.0,0.2308711200788568,0.0
GIRDER_6CD,x_pitch,1e-06,149,-7.795147694635735,2.1544202111446373,0.0,0.0,0.2308711200788568,0.0
GIRDER_6CD,x_pitch,1e-06,1177,9.654092226456699,1.764073028480328,-9.224804226804059e-16,-6.243770721640075e-16,0.22542668351592593,0.0023925688785733936
GIRDER_6CD,y_pitch,1e-06,129,0.0,0.0,0.0,0.0,0.0,0.0
GIRDER_6CD,y_pitch,1e-06,130,0.0,0.0,0.19887832678881928,1.0850634769121392,0.0,0.0
GIRDER_6CD,y_pitch,1e-06,132,0.0,0.0,0.39635987958694474,1.0850634769121394,0.0,0.0
GIRDER_6CD,y_pitch,1e-06,133,0.0,0.0,0.39635987958694474,1.0850634769121394,0.0,0.0
GIRDER_6CD,y_pitch,1e-06,134,0.0,0.0,0.6046920671541985,1.0850634769121397,0.0,0.0
GIRDER_6CD,y_pitch,1e-06,136,0.0,0.0,0.8857235076746082,1.08506347691214,0.0,0.0
GIRDER_6CD,y_pitch,1e-06,138,0.0,0.0,1.802559481905176,-0.6396817680417266,0.0,0.0
GIRDER_6CD,y_pitch,1e-06,140,0.0,0.0,1.6376815061923873,-0.6396817680417267,0.0,0.0
GIRDER_6CD,y_pitch,1e-06,142,0.0,0.0,1.2982847515129934,-0.8961927919320628,0.0,0.0
GIRDER_6CD,y_pitch,1e-06,144,0.0,0.0,1.2767761245066154,-0.8961927919320628,0.0,0.0
GIRDER_6CD,y_pitch,1e-06,146,0.0,0.0,1.2050807011520217,-0.8961927919320628,0.0,0.0
GIRDER_6CD,y_pitch,1e-06,148,0.0,0.0,1.1144756098876536,-0.8961927919320628,0.0,0.0
GIRDER_6CD,y_pitch,1e-06,149,0.0,0.0,1.1144756098876536,-0.8961927919320628,0.0,0.0
GIRDER_6CD,y_pitch,1e-06,1177,-5.70289333567028e-16,-6.068145274900726e-17,0.2852637785635726,1.0105488575661061,1.2924697071141057e-19,-5.0487097934144756e-23
GIRDER_6CD,tilt,1e-06,129,0.0,0.0,0.0,0.0,0.0,0.0
GIRDER_6CD,tilt,1e-06,130,0.0,0.0,-0.00039032610032023826,-0.003254511112235093,0.0,0.0
GIRDER_6CD,tilt,1e-06,132,0.0,0.0,-0.0009826471227469982,-0.0032545111122350865,0.0,0.0
GIRDER_6CD,tilt,1e-06,133,0.0,0.0,-0.0009826471227469982,-0.0032545111122350865,0.0,0.0
GIRDER_6CD,tilt,1e-06,134,0.0,0.0,-0.0016075132562961066,-0.0032545111122350796,0.0,0.0
GIRDER_6CD,tilt,1e-06,136,0.0,0.0,-0.0024504316343649645,-0.003254511112235073,0.0,0.0
GIRDER_6CD,tilt,1e-06,138,0.0,0.0,-0.021978281703369927,-0.009376490756451835,0.0,0.0
GIRDER_6CD,tilt,1e-06,140,0.0,0.0,-0.024395072195845333,-0.009376490756451842,0.0,0.0
GIRDER_6CD,tilt,1e-06,142,0.0,0.0,-0.03477775259221854,-0.0384244588698687,0.0,0.0
GIRDER_6CD,tilt,1e-06,144,0.0,0.0,-0.03569993960509539,-0.0384244588698687,0.0,0.0
GIRDER_6CD,tilt,1e-06,146,0.0,0.0,-0.03877389631468489,-0.0384244588698687,0.0,0.0
GIRDER_6CD,tilt,1e-06,148,0.0,0.0,-0.04265860910642855,-0.0384244588698687,0.0,0.0
GIRDER_6CD,tilt,1e-06,149,0.0,0.0,-0.04265860910642855,-0.0384244588698687,0.0,0.0
GIRDER_6CD,tilt,1e-06,1177,-4.1387057277892076e-17,-3.1730636180630637e-18,0.0942141101313417,0.04961899479562303,2.0194839173657902e-22,1.9721522630525295e-25
GIRDER_1AB,x_offset,1e-05,1003,0.0,0.0,0.0,0.0,0.0,0.0
GIRDER_1AB,x_offset,1e-05,1004,0.0,0.0,0.0,0.0,0.0,0.0
GIRDER_1AB,x_offset,1e-05,1006,0.0,0.0,0.0,0.0,0.0,0.0
GIRDER_1AB,x_offset,1e-05,1008,0.12754730508855255,0.6238093767382207,0.0,0.0,7.707629243099708e-13,0.0
GIRDER_1AB,x_offset,1e-05,1010,0.13690444573980792,0.6238093767382207,0.0,0.0,7.707629243099708e-13,0.0
GIRDER_1AB,x_offset,1e-05,1012,0.27882107895051444,0.6238093767382207,0.0,0.0,7.707629243099708e-13,0.0
GIRDER_1AB,x_offset,1e-05,1014,1.487925313493031,0.5481785761349336,0.0,0.0,-0.0692689269735232,0.0
GIRDER_1AB,x_offset,1e-05,1016,1.706785610018192,0.5481785761349336,0.0,0.0,-0.0692689269735232,0.0
GIRDER_1AB,x_offset,1e-05,1018,1.7654407176655107,0.5481785761349336,0.0,0.0,-0.0692689269735232,0.0
GIRDER_1AB,x_offset,1e-05,1020,1.930442469084605,0.5481785761349336,0.0,0.0,-0.06926892697352319,0.0
GIRDER_1AB,x_offset,1e-05,1022,2.0692197240278465,0.02488031694382078,0.0,0.0,-0.0692689269729959,0.0
GIRDER_1AB,x_offset,1e-05,1023,2.0692197240278465,0.02488031694382078,0.0,0.0,-0.0692689269729959,0.0
GIRDER_1AB,x_offset,1e-05,1177,2.1404734265064014,-0.03353777669372015,0.0,0.0,-0.07477062234892913,0.0
GIRDER_1AB,y_offset,1e-05,1003,0.0,0.0,0.0,0.0,0.0,0.0
GIRDER_1AB,y_offset,1e-05,1004,0.0,0.0,0.0,0.0,0.0,0.0
GIRDER_1AB,y_offset,1e-05,1006,0.0,0.0,0.0,0.0,0.0,0.0
GIRDER_1AB,y_offset,1e-05,1008,0.0,0.0,-0.13332096325487575,-0.6810363371718345,0.0,0.0
GIRDER_1AB,y_offset,1e-05,1010,0.0,0.0,-0.14353650831269016,-0.6810363371718345,0.0,0.0
GIRDER_1AB,y_offset,1e-05,1012,0.0,0.0,-0.29847227502287554,-0.6810363371718345,0.0,0.0
GIRDER_1AB,y_offset,1e-05,1014,0.0,0.0,-0.051645371812460115,0.8883526692944264,0.0,0.0
GIRDER_1AB,y_offset,1e-05,1016,0.0,0.0,0.3030294314173347,0.8883526692944264,0.0,0.0
GIRDER_1AB,y_offset,1e-05,1018,0.0,0.0,0.398083167035589,0.8883526692944264,0.0,0.0
GIRDER_1AB,y_offset,1e-05,1020,0.0,0.0,0.6654773205037623,0.8883526692944264,0.0,0.0
GIRDER_1AB,y_offset,1e-05,1022,0.0,0.0,1.0250705770141784,0.8246675653427992,0.0,0.0
GIRDER_1AB,y_offset,1e-05,1023,0.0,0.0,1.0250705770141784,0.8246675653427992,0.0,0.0
GIRDER_1AB,y_offset,1e-05,1177,0.0,0.0,0.7115225837876262,1.300730744738456,0.0,0.0
GIRDER_1AB,z_offset,1e-05,1003,0.0,0.0,0.0,0.0,0.0,0.0
GIRDER_1AB,z_offset,1e-05,1004,0.0,0.0,0.0,0.0,0.0,0.0
GIRDER_1AB,z_offset,1e-05,1006,0.0,0.0,0.0,0.0,0.0,0.0
GIRDER_1AB,z_offset,1e-05,1008,-0.005056627317731611,-0.02473099320508281,0.0,0.0,3.066259269060567e-14,0.0
GIRDER_1AB,z_offset,1e-05,1010,-0.005427592215807865,-0.02473099320508281,0.0,0.0,3.066259269060567e-14,0.0
GIRDER_1AB,z_offset,1e-05,1012,-0.011053893169964378,-0.02473099320508281,0.0,0.0,3.066259269060567e-14,0.0
GIRDER_1AB,z_offset,1e-05,1014,0.01579911805306424,-0.02173260157068776,0.0,0.0,-5.217147335669856e-05,0.0
GIRDER_1AB,z_offset,1e-05,1016,0.007122376875966942,-0.02173260157068776,0.0,0.0,-5.217147335669856e-05,0.0
GIRDER_1AB,z_offset,1e-05,1018,0.004796988507903297,-0.02173260157068776,0.0,0.0,-5.21714733566986e-05,0.0
GIRDER_1AB,z_offset,1e-05,1020,-0.0017445245648738741,-0.02173260157068776,0.0,0.0,-5.217147335669856e-05,0.0
GIRDER_1AB,z_offset,1e-05,1022,-0.007246364512878009,-0.0009863829763508262,0.0,0.0,-5.217147338024607e-05,0.0
GIRDER_1AB,z_offset,1e-05,1023,-0.007246364512878009,-0.0009863829763508262,0.0,0.0,-5.217147338024607e-05,0.0
GIRDER_1AB,z_offset,1e-05,1177,-0.010530879665868879,-0.0007043156694405659,0.0,0.0,0.0001662738729726053,0.0
GIRDER_1AB,x_pitch,1e-06,1003,0.0,0.0,0.0,0.0,0.0,0.0
GIRDER_1AB,x_pitch,1e-06,1004,-2.1175823681357508e-16,0.0,0.0,0.0,4.4932450873880463e-14,0.0
GIRDER_1AB,x_pitch,1e-06,1006,-2.1175823681357508e-16,0.0,0.0,0.0,4.4932450873880463e-14,0.0
GIRDER_1AB,x_pitch,1e-06,1008,-0.24299386079560373,-1.1447595013540313,0.0,0.0,2.069275020362654e-14,0.0
GIRDER_1AB,x_pitch,1e-06,1010,-0.26016525331592544,-1.1447595013540313,0.0,0.0,2.0211103806827553e-14,0.0
GIRDER_1AB,x_pitch,1e-06,1012,-0.5205980398741383,-1.1447595013540315,0.0,0.0,1.559467065233972e-13,0.0
GIRDER_1AB,x_pitch,1e-06,1014,-5.252038672827583,-3.555584389170866,0.0,0.0,0.18580443980449998,0.0
GIRDER_1AB,x_pitch,1e-06,1016,-6.671605740213025,-3.5555843891708663,0.0,0.0,0.18580443980469877,0.0
GIRDER_1AB,x_pitch,1e-06,1018,-7.052053269856713,-3.5555843891708663,0.0,0.0,0.18580443980466887,0.0
GIRDER_1AB,x_pitch,1e-06,1020,-8.122284171003905,-3.5555843891708663,0.0,0.0,0.18580443980488728,0.0
GIRDER_1AB,x_pitch,1e-06,1022,-8.651357979281515,1.8879114817432956,0.0,0.0,0.18580443980551112,0.0
GIRDER_1AB,x_pitch,1e-06,1023,-8.651357979281515,1.8879114817432956,0.0,0.0,0.18580443980551112,0.0
GIRDER_1AB,x_pitch,1e-06,1177,-2.226466743597446,1.9605115841577967,0.0,0.0,-0.23239367360705224,0.0
GIRDER_1AB,y_pitch,1e-06,1003,0.0,0.0,0.0,0.0,0.0,0.0
GIRDER_1AB,y_pitch,1e-06,1004,0.0,0.0,-4.2351647362715017e-16,0.0,0.0,0.0
GIRDER_1AB,y_pitch,1e-06,1006,0.0,0.0,-4.2351647362715017e-16,0.0,0.0,0.0
GIRDER_1AB,y_pitch,1e-06,1008,0.0,0.0,0.25437832832962315,1.2561625996203447,0.0,0.0
GIRDER_1AB,y_pitch,1e-06,1010,0.0,0.0,0.2732207673239432,1.2561625996203447,0.0,0.0
GIRDER_1AB,y_pitch,1e-06,1012,0.0,0.0,0.5589977587377969,1.2561625996203445,0.0,0.0
GIRDER_1AB,y_pitch,1e-06,1014,0.0,0.0,1.7762108663714398,-0.5126157439878778,0.0,0.0
GIRDER_1AB,y_pitch,1e-06,1016,0.0,0.0,1.5715490305842525,-0.5126157439878776,0.0,0.0
GIRDER_1AB,y_pitch,1e-06,1018,0.0,0.0,1.5166991459775423,-0.5126157439878776,0.0,0.0
GIRDER_1AB,y_pitch,1e-06,1020,0.0,0.0,1.3624018070371708,-0.5126157439878775,0.0,0.0
GIRDER_1AB,y_pitch,1e-06,1022,0.0,0.0,1.0751396081934652,-0.9537076399037109,0.0,0.0
GIRDER_1AB,y_pitch,1e-06,1023,0.0,0.0,1.0751396081934652,-0.9537076399037109,0.0,0.0
GIRDER_1AB,y_pitch,1e-06,1177,0.0,0.0,1.854169737811466,0.769512064904303,0.0,0.0
GIRDER_1AB,tilt,1e-06,1003,0.0,0.0,0.0,0.0,0.0,0.0
GIRDER_1AB,tilt,1e-06,1004,0.0,0.0,1.8611563782443123e-18,6.6174449004242214e-18,0.0,0.0
GIRDER_1AB,tilt,1e-06,1006,0.0,0.0,2.6016484626017826e-18,6.6174449004242214e-18,0.0,0.0
GIRDER_1AB,tilt,1e-06,1008,0.0,0.0,-0.0019027973473061456,-0.011435187464095307,0.0,0.0
GIRDER_1AB,tilt,1e-06,1010,0.0,0.0,-0.0020743251592675754,-0.011435187464095307,0.0,0.0
GIRDER_1AB,tilt,1e-06,1012,0.0,0.0,-0.0046758303073492205,-0.011435187464095295,0.0,0.0
GIRDER_1AB,tilt,1e-06,1014,0.0,0.0,-0.03387927993580494,-0.007534071373303758,0.0,0.0
GIRDER_1AB,tilt,1e-06,1016,0.0,0.0,-0.03688725793159639,-0.007534071373303768,0.0,0.0
GIRDER_1AB,tilt,1e-06,1018,0.0,0.0,-0.03769340356853989,-0.007534071373303768,0.0,0.0
GIRDER_1AB,tilt,1e-06,1020,0.0,0.0,-0.039961159051904276,-0.007534071373303781,0.0,0.0
GIRDER_1AB,tilt,1e-06,1022,0.0,0.0,-0.04778794526636389,-0.03271727914967671,0.0,0.0
GIRDER_1AB,tilt,1e-06,1023,0.0,0.0,-0.04778794526636389,-0.03271727914967671,0.0,0.0
GIRDER_1AB,tilt,1e-06,1177,0.0,0.0,-0.036660018436222665,-0.05876576208545203,0.0,0.0
GIRDER_1CD,x_offset,1e-05,1025,0.0,0.0,0.0,0.0,0.0,0.0
GIRDER_1CD,x_offset,1e-05,1026,0.09024296365744534,0.4909373183589262,0.0,0.0,4.2137242147941267e-13,0.0
GIRDER_1CD,x_offset,1e-05,1028,0.17959355559984305,0.4909373183589262,0.0,0.0,4.2137242147941267e-13,0.0
GIRDER_1CD,x_offset,1e-05,1029,0.17959355559984305,0.4909373183589262,0.0,0.0,4.2137242147941267e-13,0.0
GIRDER_1CD,x_offset,1e-05,1030,0.27385352072589636,0.4909373183589262,0.0,0.0,4.2137242147941267e-13,0.0
GIRDER_1CD,x_offset,1e-05,1032,0.40346097277421483,0.4909373183589262,0.0,0.0,4.2137242147941267e-13,0.0
GIRDER_1CD,x_offset,1e-05,1034,1.4823515469769912,0.4910471051857805,0.0,0.0,-0.07478945623817315,0.0
GIRDER_1CD,x_offset,1e-05,1036,1.6094099854453439,0.4910471051857805,0.0,0.0,-0.07478945623817315,0.0
GIRDER_1CD,x_offset,1e-05,1038,1.7559811016100164,0.04996332069835418,0.0,0.0,-0.07478945623769807,0.0
GIRDER_1CD,x_offset,1e-05,1040,1.757180221306777,0.04996332069835418,0.0,0.0,-0.07478945623769807,0.0
GIRDER_1CD,x_offset,1e-05,1042,1.761177286962646,0.04996332069835418,0.0,0.0,-0.07478945623769807,0.0
GIRDER_1CD,x_offset,1e-05,1044,1.7662285786852503,0.04996332069835418,0.0,0.0,-0.07478945623769807,0.0
GIRDER_1CD,x_offset,1e-05,1045,1.7662285786852503,0.04996332069835418,0.0,0.0,-0.07478945623769807,0.0
GIRDER_1CD,x_offset,1e-05,1177,-1.638375793226298,0.0950957166064968,0.0,0.0,-0.07479678105184442,0.0
GIRDER_1CD,y_offset,1e-05,1025,0.0,0.0,0.0,0.0,0.0,0.0
GIRDER_1CD,y_offset,1e-05,1026,0.0,0.0,-0.09310063968774887,-0.5222047304344795,0.0,0.0
GIRDER_1CD,y_offset,1e-05,1028,0.0,0.0,-0.18814190062811614,-0.5222047304344795,0.0,0.0
GIRDER_1CD,y_offset,1e-05,1029,0.0,0.0,-0.18814190062811614,-0.5222047304344795,0.0,0.0
GIRDER_1CD,y_offset,1e-05,1030,0.0,0.0,-0.28840520887290716,-0.5222047304344795,0.0,0.0
GIRDER_1CD,y_offset,1e-05,1032,0.0,0.0,-0.4262672577094894,-0.5222047304344795,0.0,0.0
GIRDER_1CD,y_offset,1e-05,1034,0.0,0.0,0.18511228780323966,1.0147399906206862,0.0,0.0
GIRDER_1CD,y_offset,1e-05,1036,0.0,0.0,0.44767626038986025,1.0147399906206862,0.0,0.0
GIRDER_1CD,y_offset,1e-05,1038,0.0,0.0,0.8849704981034382,0.8358874915928065,0.0,0.0
GIRDER_1CD,y_offset,1e-05,1040,0.0,0.0,0.9050317979023665,0.8358874915928065,0.0,0.0
GIRDER_1CD,y_offset,1e-05,1042,0.0,0.0,0.9719027972321271,0.8358874915928065,0.0,0.0
GIRDER_1CD,y_offset,1e-05,1044,0.0,0.0,1.0564110226351122,0.8358874915928065,0.0,0.0
GIRDER_1CD,y_offset,1e-05,1045,0.0,0.0,1.0564110226351122,0.8358874915928065,0.0,0.0
GIRDER_1CD,y_offset,1e-05,1177,0.0,0.0,-2.143885928394985,-1.1150798181520387,0.0,0.0
GIRDER_1CD,z_offset,1e-05,1025,0.0,0.0,0.0,0.0,0.0,0.0
GIRDER_1CD,z_offset,1e-05,1026,-0.0031573420975197913,-0.017176486671935946,0.0,0.0,1.4738373282224826e-14,0.0
GIRDER_1CD,z_offset,1e-05,1028,-0.006283462671812057,-0.017176486671935946,0.0,0.0,1.4738373282224826e-14,0.0
GIRDER_1CD,z_offset,1e-05,1029,-0.006283462671812057,-0.017176486671935946,0.0,0.0,1.4738373282224826e-14,0.0
GIRDER_1CD,z_offset,1e-05,1030,-0.009581348112823934,-0.017176486671935946,0.0,0.0,1.4738373282224826e-14,0.0
GIRDER_1CD,z_offset,1e-05,1032,-0.014115940594215094,-0.017176486671935946,0.0,0.0,1.4738373282224826e-14,0.0
GIRDER_1CD,z_offset,1e-05,1034,0.02291188200345685,-0.017180327798280496,0.0,0.0,-0.0001811920328470659,0.0
GIRDER_1CD,z_offset,1e-05,1036,0.018466472185651707,-0.017180327798280496,0.0,0.0,-0.0001811920328470659,0.0
GIRDER_1CD,z_offset,1e-05,1038,0.013338369820574606,-0.0017480730839314169,0.0,0.0,-0.00018119203286163488,0.0
GIRDER_1CD,z_offset,1e-05,1040,0.01329641606656025,-0.0017480730839314169,0.0,0.0,-0.00018119203286163488,0.0
GIRDER_1CD,z_offset,1e-05,1042,0.013156570219845735,-0.0017480730839314169,0.0,0.0,-0.00018119203286163488,0.0
GIRDER_1CD,z_offset,1e-05,1044,0.012979840031060272,-0.0017480730839314169,0.0,0.0,-0.00018119203286163488,0.0
GIRDER_1CD,z_offset,1e-05,1045,0.012979840031060272,-0.0017480730839314169,0.0,0.0,-0.00018119203286163488,0.0
GIRDER_1CD,z_offset,1e-05,1177,0.009044146412437027,0.0017553683203233392,0.0,0.0,-0.00018175272693693527,0.0
GIRDER_1CD,x_pitch,1e-06,1025,0.0,0.0,0.0,0.0,0.0,0.0
GIRDER_1CD,x_pitch,1e-06,1026,-0.19267249423469437,-1.0175142288163326,0.0,0.0,-7.444625512977249e-15,0.0
GIRDER_1CD,x_pitch,1e-06,1028,-0.37786008387935566,-1.0175142288163326,0.0,0.0,1.0722245972157366e-13,0.0
GIRDER_1CD,x_pitch,1e-06,1029,-0.37786008387935566,-1.0175142288163326,0.0,0.0,1.0722245972157366e-13,0.0
GIRDER_1CD,x_pitch,1e-06,1030,-0.5732228158122001,-1.0175142288163326,0.0,0.0,2.1945432523276845e-13,0.0
GIRDER_1CD,x_pitch,1e-06,1032,-0.8418465722198512,-1.0175142288163326,0.0,0.0,3.3070680889870046e-13,0.0
GIRDER_1CD,x_pitch,1e-06,1034,-6.347025496586359,-4.335663822191618,0.0,0.0,0.23090848851202972,0.0
GIRDER_1CD,x_pitch,1e-06,1036,-7.468878510588981,-4.335663822191618,0.0,0.0,0.23090848851237505,0.0
GIRDER_1CD,x_pitch,1e-06,1038,-8.296682498169455,1.8836903062857722,0.0,0.0,0.2309084885134134,0.0
GIRDER_1CD,x_pitch,1e-06,1040,-8.251473930818516,1.8836903062857722,0.0,0.0,0.23090848851341564,0.0
GIRDER_1CD,x_pitch,1e-06,1042,-8.100778706315387,1.8836903062857722,0.0,0.0,0.23090848851342316,0.0
GIRDER_1CD,x_pitch,1e-06,1044,-7.910337616349557,1.8836903062857722,0.0,0.0,0.23090848851330462,0.0
GIRDER_1CD,x_pitch,1e-06,1045,-7.910337616349557,1.8836903062857722,0.0,0.0,0.23090848851330462,0.0
GIRDER_1CD,x_pitch,1e-06,1177,-13.669035475820136,-1.4785299401874723,0.0,0.0,0.2314462921797508,0.0
GIRDER_1CD,y_pitch,1e-06,1025,0.0,0.0,0.0,0.0,0.0,0.0
GIRDER_1CD,y_pitch,1e-06,1026,0.0,0.0,0.1989248436327274,1.0853244009101273,0.0,0.0
GIRDER_1CD,y_pitch,1e-06,1028,0.0,0.0,0.3964538845984795,1.0853244009101273,0.0,0.0
GIRDER_1CD,y_pitch,1e-06,1029,0.0,0.0,0.3964538845984795,1.0853244009101273,0.0,0.0
GIRDER_1CD,y_pitch,1e-06,1030,0.0,0.0,0.604836169573354,1.0853244009101273,0.0,0.0
GIRDER_1CD,y_pitch,1e-06,1032,0.0,0.0,0.8913618114137967,1.0853244009101273,0.0,0.0
GIRDER_1CD,y_pitch,1e-06,1034,0.0,0.0,1.8024671930275091,-0.6401886529468953,0.0,0.0
GIRDER_1CD,y_pitch,1e-06,1036,0.0,0.0,1.636818379077466,-0.6401886529468955,0.0,0.0
GIRDER_1CD,y_pitch,1e-06,1038,0.0,0.0,1.2986238770250076,-0.8861246673576676,0.0,0.0
GIRDER_1CD,y_pitch,1e-06,1040,0.0,0.0,1.2773568850084152,-0.8861246673576676,0.0,0.0
GIRDER_1CD,y_pitch,1e-06,1042,0.0,0.0,1.2064669116197737,-0.8861246673576676,0.0,0.0
GIRDER_1CD,y_pitch,1e-06,1044,0.0,0.0,1.1168797077498782,-0.8861246673576676,0.0,0.0
GIRDER_1CD,y_pitch,1e-06,1045,0.0,0.0,1.1168797077498782,-0.8861246673576676,0.0,0.0
GIRDER_1CD,y_pitch,1e-06,1177,0.0,0.0,0.12614205745202026,0.9377160015847823,0.0,0.0
GIRDER_1CD,tilt,1e-06,1025,0.0,0.0,0.0,0.0,0.0,0.0
GIRDER_1CD,tilt,1e-06,1026,0.0,0.0,-0.00039042457157850203,-0.00325533215854568,0.0,0.0
GIRDER_1CD,tilt,1e-06,1028,0.0,0.0,-0.0009828950244337895,-0.0032553321585456867,0.0,0.0
GIRDER_1CD,tilt,1e-06,1029,0.0,0.0,-0.0009828950244337895,-0.0032553321585456867,0.0,0.0
GIRDER_1CD,tilt,1e-06,1030,0.0,0.0,-0.0016079187988745787,-0.003255332158545693,0.0,0.0
GIRDER_1CD,tilt,1e-06,1032,0.0,0.0,-0.0024673264887306217,-0.0032553321585456997,0.0,0.0
GIRDER_1CD,tilt,1e-06,1034,0.0,0.0,-0.02195869017611224,-0.009361934201917716,0.0,0.0
GIRDER_1CD,tilt,1e-06,1036,0.0,0.0,-0.02438109065085841,-0.00936193420191772,0.0,0.0
GIRDER_1CD,tilt,1e-06,1038,0.0,0.0,-0.034487576924751816,-0.03706480334064811,0.0,0.0
GIRDER_1CD,tilt,1e-06,1040,0.0,0.0,-0.03537713220492737,-0.03706480334064811,0.0,0.0
GIRDER_1CD,tilt,1e-06,1042,0.0,0.0,-0.03834231647217922,-0.03706480334064811,0.0,0.0
GIRDER_1CD,tilt,1e-06,1044,0.0,0.0,-0.04208956808991868,-0.03706480334064811,0.0,0.0
GIRDER_1CD,tilt,1e-06,1045,0.0,0.0,-0.04208956808991868,-0.03706480334064811,0.0,0.0
GIRDER_1CD,tilt,1e-06,1177,0.0,0.0,0.09050189503208897,0.048925346787883725,0.0,0.0
GIRDER_2AB,x_offset,1e-05,1063,0.0,0.0,0.0,0.0,0.0,0.0
GIRDER_2AB,x_offset,1e-05,1064,0.0,0.0,0.0,0.0,0.0,0.0
GIRDER_2AB,x_offset,1e-05,1066,0.0,0.0,0.0,0.0,0.0,0.0
GIRDER_2AB,x_offset,1e-05,1068,0.12055454534989261,0.5903490712964546,0.0,0.0,6.902974412987725e-13,0.0
GIRDER_2AB,x_offset,1e-05,1070,0.12940978141949375,0.5903490712964546,0.0,0.0,6.902973686781308e-13,0.0
GIRDER_2AB,x_offset,1e-05,1072,0.2637141951417777,0.5903490712964546,0.0,0.0,6.902974412987725e-13,0.0
GIRDER_2AB,x_offset,1e-05,1074,1.3291449138615532,0.4386457437515881,0.0,0.0,-0.06372416823109131,0.0
GIRDER_2AB,x_offset,1e-05,1076,1.5038355813123037,0.4386457437515881,0.0,0.0,-0.06372416823109131,0.0
GIRDER_2AB,x_offset,1e-05,1078,1.5512093216379312,0.4386457437515881,0.0,0.0,-0.06372416823109131,0.0
GIRDER_2AB,x_offset,1e-05,1080,1.6867508564584757,0.4386457437515881,0.0,0.0,-0.06372416823109132,0.0
GIRDER_2AB,x_offset,1e-05,1082,1.7998124762786267,0.04995464905349537,0.0,0.0,-0.06372416823075738,0.0
GIRDER_2AB,x_offset,1e-05,1083,1.7998124762786267,0.04995464905349537,0.0,0.0,-0.06372416823075738,0.0
GIRDER_2AB,x_offset,1e-05,1177,0.7835504280039186,-0.159873855151379,0.0,0.0,-0.0747558319482337,0.0
GIRDER_2AB,y_offset,1e-05,1063,0.0,0.0,0.0,0.0,0.0,0.0
GIRDER_2AB,y_offset,1e-05,1064,0.0,0.0,0.0,0.0,0.0,0.0
GIRDER_2AB,y_offset,1e-05,1066,0.0,0.0,0.0,0.0,0.0,0.0
GIRDER_2AB,y_offset,1e-05,1068,0.0,0.0,-0.12570527217045943,-0.641374892326891,0.0,0.0
GIRDER_2AB,y_offset,1e-05,1070,0.0,0.0,-0.13532589555556065,-0.641374892326891,0.0,0.0
GIRDER_2AB,y_offset,1e-05,1072,0.0,0.0,-0.2812386835629295,-0.641374892326891,0.0,0.0
GIRDER_2AB,y_offset,1e-05,1074,0.0,0.0,0.00861363464858956,0.8752601714871457,0.0,0.0
GIRDER_2AB,y_offset,1e-05,1076,0.0,0.0,0.3571859979566971,0.8752601714871457,0.0,0.0
GIRDER_2AB,y_offset,1e-05,1078,0.0,0.0,0.4517140964809296,0.8752601714871457,0.0,0.0
GIRDER_2AB,y_offset,1e-05,1080,0.0,0.0,0.7221694894808172,0.8752601714871457,0.0,0.0
GIRDER_2AB,y_offset,1e-05,1082,0.0,0.0,1.0736281730947383,0.8358874915959005,0.0,0.0
GIRDER_2AB,y_offset,1e-05,1083,0.0,0.0,1.0736281730947383,0.8358874915959005,0.0,0.0
GIRDER_2AB,y_offset,1e-05,1177,0.0,0.0,3.395544838805138,-0.4844387523373433,0.0,0.0
GIRDER_2AB,z_offset,1e-05,1063,0.0,0.0,0.0,0.0,0.0,0.0
GIRDER_2AB,z_offset,1e-05,1064,0.0,0.0,0.0,0.0,0.0,0.0
GIRDER_2AB,z_offset,1e-05,1066,0.0,0.0,0.0,0.0,0.0,0.0
GIRDER_2AB,z_offset,1e-05,1068,-0.004779398568003884,-0.02340445561623286,0.0,0.0,2.7443867491039328e-14,0.0
GIRDER_2AB,z_offset,1e-05,1070,-0.005130465402247387,-0.02340445561623286,0.0,0.0,2.7443870369513885e-14,0.0
GIRDER_2AB,z_offset,1e-05,1072,-0.01045497905494051,-0.02340445561623286,0.0,0.0,2.7443867491039328e-14,0.0
GIRDER_2AB,z_offset,1e-05,1074,0.02209398493012437,-0.017390160058975958,0.0,0.0,-0.0002719941039413513,0.0
GIRDER_2AB,z_offset,1e-05,1076,0.015168353686637088,-0.017390160058975958,0.0,0.0,-0.0002719941039413513,0.0
GIRDER_2AB,z_offset,1e-05,1078,0.013290216400267655,-0.017390160058975958,0.0,0.0,-0.0002719941039413513,0.0
GIRDER_2AB,z_offset,1e-05,1080,0.007916656942044003,-0.017390160058975958,0.0,0.0,-0.0002719941039413513,0.0
GIRDER_2AB,z_offset,1e-05,1082,0.0034343162531994364,-0.0019804577045659994,0.0,0.0,-0.0002719941039562591,0.0
GIRDER_2AB,z_offset,1e-05,1083,0.0034343162531994364,-0.0019804577045659994,0.0,0.0,-0.0002719941039562591,0.0
GIRDER_2AB,z_offset,1e-05,1177,-0.020705697178629832,-0.0005433127232699635,0.0,0.0,0.00016646052310832023,0.0
GIRDER_2AB,x_pitch,1e-06,1063,0.0,0.0,0.0,0.0,0.0,0.0
GIRDER_2AB,x_pitch,1e-06,1064,-4.2351647362715017e-16,0.0,0.0,0.0,4.4932450873880463e-14,0.0
GIRDER_2AB,x_pitch,1e-06,1066,-4.2351647362715017e-16,0.0,0.0,0.0,4.4932450873880463e-14,0.0
GIRDER_2AB,x_pitch,1e-06,1068,-0.22967973865890964,-1.0835075347221996,0.0,0.0,2.76212150143707e-14,0.0
GIRDER_2AB,x_pitch,1e-06,1070,-0.2459323516797522,-1.0835075347221996,0.0,0.0,2.7189992209047544e-14,0.0
GIRDER_2AB,x_pitch,1e-06,1072,-0.49243031582919755,-1.0835075347221994,0.0,0.0,1.5842163091615586e-13,0.0
GIRDER_2AB,x_pitch,1e-06,1074,-4.960111444303247,-3.3543099122341644,0.0,0.0,0.17559850769965832,0.0
GIRDER_2AB,x_pitch,1e-06,1076,-6.2959653668580176,-3.3543099122341635,0.0,0.0,0.1755985076998581,0.0
GIRDER_2AB,x_pitch,1e-06,1078,-6.658230837381344,-3.3543099122341635,0.0,0.0,0.1755985076998322,0.0
GIRDER_2AB,x_pitch,1e-06,1080,-7.694712600267531,-3.3543099122341626,0.0,0.0,0.1755985076861685,0.0
GIRDER_2AB,x_pitch,1e-06,1082,-8.156160099418164,1.841758564513918,0.0,0.0,0.17559850768673735,0.0
GIRDER_2AB,x_pitch,1e-06,1083,-8.156160099418164,1.841758564513918,0.0,0.0,0.17559850768673735,0.0
GIRDER_2AB,x_pitch,1e-06,1177,18.56830313816777,0.9618678325231219,0.0,0.0,-0.23222263154093103,0.0
GIRDER_2AB,y_pitch,1e-06,1063,0.0,0.0,0.0,0.0,0.0,0.0
GIRDER_2AB,y_pitch,1e-06,1064,0.0,0.0,-4.2351647362715017e-16,0.0,0.0,0.0
GIRDER_2AB,y_pitch,1e-06,1066,0.0,0.0,-4.2351647362715017e-16,0.0,0.0,0.0
GIRDER_2AB,y_pitch,1e-06,1068,0.0,0.0,0.23983947144027662,1.1828591924200111,0.0,0.0
GIRDER_2AB,y_pitch,1e-06,1070,0.0,0.0,0.2575823593265892,1.1828591924200111,0.0,0.0
GIRDER_2AB,y_pitch,1e-06,1072,0.0,0.0,0.5266828256023299,1.182859192420011,0.0,0.0
GIRDER_2AB,y_pitch,1e-06,1074,0.0,0.0,1.6648306406625664,-0.4881111692615278,0.0,0.0
GIRDER_2AB,y_pitch,1e-06,1076,0.0,0.0,1.4704403675041398,-0.48811116926152737,0.0,0.0
GIRDER_2AB,y_pitch,1e-06,1078,0.0,0.0,1.4177243612238886,-0.48811116926152737,0.0,0.0
GIRDER_2AB,y_pitch,1e-06,1080,0.0,0.0,1.266898009922059,-0.4881111692615269,0.0,0.0
GIRDER_2AB,y_pitch,1e-06,1082,0.0,0.0,0.9857909996337882,-0.9739744758354011,0.0,0.0
GIRDER_2AB,y_pitch,1e-06,1083,0.0,0.0,0.9857909996337882,-0.9739744758354011,0.0,0.0
GIRDER_2AB,y_pitch,1e-06,1177,0.0,0.0,1.4920148437575258,-0.7634964940616422,0.0,0.0
GIRDER_2AB,tilt,1e-06,1063,0.0,0.0,0.0,0.0,0.0,0.0
GIRDER_2AB,tilt,1e-06,1064,0.0,0.0,-1.5716431638507526e-17,6.6174449004242214e-18,0.0,0.0
GIRDER_2AB,tilt,1e-06,1066,0.0,0.0,-1.4975939554150055e-17,6.6174449004242214e-18,0.0,0.0
GIRDER_2AB,tilt,1e-06,1068,0.0,0.0,-0.001794421366424125,-0.010775120612866979,0.0,0.0
GIRDER_2AB,tilt,1e-06,1070,0.0,0.0,-0.0019560481756171295,-0.010775120612866979,0.0,0.0
GIRDER_2AB,tilt,1e-06,1072,0.0,0.0,-0.004407388115044345,-0.010775120612866972,0.0,0.0
GIRDER_2AB,tilt,1e-06,1074,0.0,0.0,-0.03287672757634766,-0.007739806549664544,0.0,0.0
GIRDER_2AB,tilt,1e-06,1076,0.0,0.0,-0.03595910553475151,-0.0077398065496645544,0.0,0.0
GIRDER_2AB,tilt,1e-06,1078,0.0,0.0,-0.036795004642115284,-0.0077398065496645544,0.0,0.0
GIRDER_2AB,tilt,1e-06,1080,0.0,0.0,-0.03918660486596156,-0.0077398065496645605,0.0,0.0
GIRDER_2AB,tilt,1e-06,1082,0.0,0.0,-0.04696408809103277,-0.032511912022761665,0.0,0.0
GIRDER_2AB,tilt,1e-06,1083,0.0,0.0,-0.04696408809103277,-0.032511912022761665,0.0,0.0
GIRDER_2AB,tilt,1e-06,1177,0.0,0.0,-0.14474924274369286,0.02193260083713822,0.0,0.0
GIRDER_2CD,x_offset,1e-05,1085,0.0,0.0,0.0,0.0,0.0,0.0
GIRDER_2CD,x_offset,1e-05,1086,0.09024296365744534,0.4909373183589262,0.0,0.0,4.2137242147941267e-13,0.0
GIRDER_2CD,x_offset,1e-05,1088,0.17959355559984305,0.4909373183589262,0.0,0.0,4.2137242147941267e-13,0.0
GIRDER_2CD,x_offset,1e-05,1089,0.17959355559984305,0.4909373183589262,0.0,0.0,4.2137242147941267e-13,0.0
GIRDER_2CD,x_offset,1e-05,1090,0.27385352072589636,0.4909373183589262,0.0,0.0,4.2137242147941267e-13,0.0
GIRDER_2CD,x_offset,1e-05,1092,0.40297003545585003,0.4909373183589262,0.0,0.0,4.2137242147941267e-13,0.0
GIRDER_2CD,x_offset,1e-05,1094,1.4823515469769912,0.4910471051857805,0.0,0.0,-0.07478945623817315,0.0
GIRDER_2CD,x_offset,1e-05,1096,1.6094099854453439,0.4910471051857805,0.0,0.0,-0.07478945623817315,0.0
GIRDER_2CD,x_offset,1e-05,1098,1.7559811016100169,0.04996332069835397,0.0,0.0,-0.07478945623769807,0.0
GIRDER_2CD,x_offset,1e-05,1100,1.7571802213067775,0.04996332069835397,0.0,0.0,-0.07478945623769807,0.0
GIRDER_2CD,x_offset,1e-05,1102,1.761177286962646,0.04996332069835397,0.0,0.0,-0.07478945623769807,0.0
GIRDER_2CD,x_offset,1e-05,1104,1.7662285786852503,0.04996332069835397,0.0,0.0,-0.07478945623769807,0.0
GIRDER_2CD,x_offset,1e-05,1105,1.7662285786852503,0.04996332069835397,0.0,0.0,-0.07478945623769807,0.0
GIRDER_2CD,x_offset,1e-05,1177,0.2824540916269154,0.17302794080819614,0.0,0.0,-0.07480915923225918,0.0
GIRDER_2CD,y_offset,1e-05,1085,0.0,0.0,0.0,0.0,0.0,0.0
GIRDER_2CD,y_offset,1e-05,1086,0.0,0.0,-0.09310063968774887,-0.5222047304344795,0.0,0.0
GIRDER_2CD,y_offset,1e-05,1088,0.0,0.0,-0.18814190062811614,-0.5222047304344795,0.0,0.0
GIRDER_2CD,y_offset,1e-05,1089,0.0,0.0,-0.18814190062811614,-0.5222047304344795,0.0,0.0
GIRDER_2CD,y_offset,1e-05,1090,0.0,0.0,-0.28840520887290716,-0.5222047304344795,0.0,0.0
GIRDER_2CD,y_offset,1e-05,1092,0.0,0.0,-0.4257450529790478,-0.5222047304344795,0.0,0.0
GIRDER_2CD,y_offset,1e-05,1094,0.0,0.0,0.18511228780323966,1.0147399906206862,0.0,0.0
GIRDER_2CD,y_offset,1e-05,1096,0.0,0.0,0.44767626038986025,1.0147399906206862,0.0,0.0
GIRDER_2CD,y_offset,1e-05,1098,0.0,0.0,0.8849704981034382,0.8358874915928065,0.0,0.0
GIRDER_2CD,y_offset,1e-05,1100,0.0,0.0,0.9050317979023665,0.8358874915928065,0.0,0.0
GIRDER_2CD,y_offset,1e-05,1102,0.0,0.0,0.9719027972321271,0.8358874915928065,0.0,0.0
GIRDER_2CD,y_offset,1e-05,1104,0.0,0.0,1.0564110226351122,0.8358874915928065,0.0,0.0
GIRDER_2CD,y_offset,1e-05,1105,0.0,0.0,1.0564110226351122,0.8358874915928065,0.0,0.0
GIRDER_2CD,y_offset,1e-05,1177,0.0,0.0,-2.5821357830754743,0.9725028881549087,0.0,0.0
GIRDER_2CD,z_offset,1e-05,1085,0.0,0.0,0.0,0.0,0.0,0.0
GIRDER_2CD,z_offset,1e-05,1086,-0.0031573420975197913,-0.017176486671935946,0.0,0.0,1.4738373282224826e-14,0.0
GIRDER_2CD,z_offset,1e-05,1088,-0.006283462671812057,-0.017176486671935946,0.0,0.0,1.4738373282224826e-14,0.0
GIRDER_2CD,z_offset,1e-05,1089,-0.006283462671812057,-0.017176486671935946,0.0,0.0,1.4738373282224826e-14,0.0
GIRDER_2CD,z_offset,1e-05,1090,-0.009581348112823934,-0.017176486671935946,0.0,0.0,1.4738373282224826e-14,0.0
GIRDER_2CD,z_offset,1e-05,1092,-0.014098764107543156,-0.017176486671935946,0.0,0.0,1.4738373282224826e-14,0.0
GIRDER_2CD,z_offset,1e-05,1094,0.02291188200345685,-0.017180327798280496,0.0,0.0,-0.0001811920328470659,0.0
GIRDER_2CD,z_offset,1e-05,1096,0.018466472185651707,-0.017180327798280496,0.0,0.0,-0.0001811920328470659,0.0
GIRDER_2CD,z_offset,1e-05,1098,0.01333836982057459,-0.0017480730839314117,0.0,0.0,-0.00018119203286163488,0.0
GIRDER_2CD,z_offset,1e-05,1100,0.013296416066560235,-0.0017480730839314117,0.0,0.0,-0.00018119203286163488,0.0
GIRDER_2CD,z_offset,1e-05,1102,0.013156570219845723,-0.0017480730839314117,0.0,0.0,-0.00018119203286163488,0.0
GIRDER_2CD,z_offset,1e-05,1104,0.012979840031060258,-0.0017480730839314117,0.0,0.0,-0.00018119203286163488,0.0
GIRDER_2CD,z_offset,1e-05,1105,0.012979840031060258,-0.0017480730839314117,0.0,0.0,-0.00018119203286163488,0.0
GIRDER_2CD,z_offset,1e-05,1177,0.02161336915387628,1.3114380207202041e-05,0.0,0.0,-0.0001814728967864852,0.0
GIRDER_2CD,x_pitch,1e-06,1085,0.0,0.0,0.0,0.0,0.0,0.0
GIRDER_2CD,x_pitch,1e-06,1086,-0.19267249423469437,-1.0175142288163326,0.0,0.0,-7.444625512977249e-15,0.0
GIRDER_2CD,x_pitch,1e-06,1088,-0.37786008387935566,-1.0175142288163326,0.0,0.0,1.0722245972157366e-13,0.0
GIRDER_2CD,x_pitch,1e-06,1089,-0.37786008387935566,-1.0175142288163326,0.0,0.0,1.0722245972157366e-13,0.0
GIRDER_2CD,x_pitch,1e-06,1090,-0.5732228158122001,-1.0175142288163326,0.0,0.0,2.1945432523276845e-13,0.0
GIRDER_2CD,x_pitch,1e-06,1092,-0.8408290579910344,-1.0175142288163326,0.0,0.0,3.307200437885013e-13,0.0
GIRDER_2CD,x_pitch,1e-06,1094,-6.347025496586359,-4.335663822191618,0.0,0.0,0.23090848851202972,0.0
GIRDER_2CD,x_pitch,1e-06,1096,-7.468878510588982,-4.335663822191618,0.0,0.0,0.23090848851237505,0.0
GIRDER_2CD,x_pitch,1e-06,1098,-8.296682498169456,1.8836903062857742,0.0,0.0,0.2309084885134134,0.0
GIRDER_2CD,x_pitch,1e-06,1100,-8.251473930818518,1.8836903062857742,0.0,0.0,0.23090848851341564,0.0
GIRDER_2CD,x_pitch,1e-06,1102,-8.100778706315388,1.8836903062857742,0.0,0.0,0.23090848851342316,0.0
GIRDER_2CD,x_pitch,1e-06,1104,-7.910337616349557,1.8836903062857742,0.0,0.0,0.23090848851330462,0.0
GIRDER_2CD,x_pitch,1e-06,1105,-7.910337616349557,1.8836903062857742,0.0,0.0,0.23090848851330462,0.0
GIRDER_2CD,x_pitch,1e-06,1177,-20.73070881562278,0.47888323692478163,0.0,0.0,0.23113229904986346,0.0
GIRDER_2CD,y_pitch,1e-06,1085,0.0,0.0,0.0,0.0,0.0,0.0
GIRDER_2CD,y_pitch,1e-06,1086,0.0,0.0,0.1989248436327274,1.085324400910128,0.0,0.0
GIRDER_2CD,y_pitch,1e-06,1088,0.0,0.0,0.3964538845984793,1.085324400910128,0.0,0.0
GIRDER_2CD,y_pitch,1e-06,1089,0.0,0.0,0.3964538845984793,1.085324400910128,0.0,0.0
GIRDER_2CD,y_pitch,1e-06,1090,0.0,0.0,0.6048361695733537,1.085324400910128,0.0,0.0
GIRDER_2CD,y_pitch,1e-06,1092,0.0,0.0,0.8902764870128861,1.085324400910128,0.0,0.0
GIRDER_2CD,y_pitch,1e-06,1094,0.0,0.0,1.8024671930275136,-0.6401886529468931,0.0,0.0
GIRDER_2CD,y_pitch,1e-06,1096,0.0,0.0,1.6368183790774713,-0.6401886529468932,0.0,0.0
GIRDER_2CD,y_pitch,1e-06,1098,0.0,0.0,1.2986238770250143,-0.8861246673576638,0.0,0.0
GIRDER_2CD,y_pitch,1e-06,1100,0.0,0.0,1.2773568850084218,-0.8861246673576638,0.0,0.0
GIRDER_2CD,y_pitch,1e-06,1102,0.0,0.0,1.206466911619781,-0.8861246673576638,0.0,0.0
GIRDER_2CD,y_pitch,1e-06,1104,0.0,0.0,1.1168797077498855,-0.8861246673576638,0.0,0.0
GIRDER_2CD,y_pitch,1e-06,1105,0.0,0.0,1.1168797077498855,-0.8861246673576638,0.0,0.0
GIRDER_2CD,y_pitch,1e-06,1177,0.0,0.0,2.4101492531227806,-0.18363845733281692,0.0,0.0
GIRDER_2CD,tilt,1e-06,1085,0.0,0.0,0.0,0.0,0.0,0.0
GIRDER_2CD,tilt,1e-06,1086,0.0,0.0,-0.0003904245715786054,-0.003255332158546262,0.0,0.0
GIRDER_2CD,tilt,1e-06,1088,0.0,0.0,-0.0009828950244339981,-0.003255332158546269,0.0,0.0
GIRDER_2CD,tilt,1e-06,1089,0.0,0.0,-0.0009828950244339981,-0.003255332158546269,0.0,0.0
GIRDER_2CD,tilt,1e-06,1090,0.0,0.0,-0.0016079187988748962,-0.0032553321585462756,0.0,0.0
GIRDER_2CD,tilt,1e-06,1092,0.0,0.0,-0.0024640711565725457,-0.003255332158546282,0.0,0.0
GIRDER_2CD,tilt,1e-06,1094,0.0,0.0,-0.021958690176112846,-0.00936193420191714,0.0,0.0
GIRDER_2CD,tilt,1e-06,1096,0.0,0.0,-0.024381090650858868,-0.009361934201917138,0.0,0.0
GIRDER_2CD,tilt,1e-06,1098,0.0,0.0,-0.03448757692475187,-0.03706480334064678,0.0,0.0
GIRDER_2CD,tilt,1e-06,1100,0.0,0.0,-0.035377132204927386,-0.03706480334064678,0.0,0.0
GIRDER_2CD,tilt,1e-06,1102,0.0,0.0,-0.03834231647217914,-0.03706480334064678,0.0,0.0
GIRDER_2CD,tilt,1e-06,1104,0.0,0.0,-0.04208956808991848,-0.03706480334064678,0.0,0.0
GIRDER_2CD,tilt,1e-06,1105,0.0,0.0,-0.04208956808991848,-0.03706480334064678,0.0,0.0
GIRDER_2CD,tilt,1e-06,1177,0.0,0.0,0.11380137858429318,-0.04132185619498631,0.0,0.0
GIRDER_3AB,x_offset,1e-05,1125,0.0,0.0,0.0,0.0,0.0,0.0
GIRDER_3AB,x_offset,1e-05,1126,0.0,0.0,0.0,0.0,0.0,0.0
GIRDER_3AB,x_offset,1e-05,1128,0.0,0.0,0.0,0.0,0.0,0.0
GIRDER_3AB,x_offset,1e-05,1130,0.12055454534989261,0.5903490712964546,0.0,0.0,6.902974412987725e-13,0.0
GIRDER_3AB,x_offset,1e-05,1132,0.12940978141949375,0.5903490712964546,0.0,0.0,6.902973686781308e-13,0.0
GIRDER_3AB,x_offset,1e-05,1134,0.2637141951417777,0.5903490712964546,0.0,0.0,6.902974412987725e-13,0.0
GIRDER_3AB,x_offset,1e-05,1136,1.3291449138615532,0.4386457437515881,0.0,0.0,-0.06372416823109132,0.0
GIRDER_3AB,x_offset,1e-05,1138,1.5069061015185943,0.4386457437515881,0.0,0.0,-0.06372416823109134,0.0
GIRDER_3AB,x_offset,1e-05,1140,1.551209321637931,0.4386457437515881,0.0,0.0,-0.06372416823109134,0.0
GIRDER_3AB,x_offset,1e-05,1142,1.6841189819959408,0.4386457437515881,0.0,0.0,-0.06372416823109134,0.0
GIRDER_3AB,x_offset,1e-05,1144,1.7998124762786265,0.04995464905349535,0.0,0.0,-0.0637241682307574,0.0
GIRDER_3AB,x_offset,1e-05,1145,1.7998124762786265,0.04995464905349535,0.0,0.0,-0.0637241682307574,0.0
GIRDER_3AB,x_offset,1e-05,1177,-1.2975605393100402,-0.13132422041069686,0.0,0.0,-0.07476052224619542,0.0
GIRDER_3AB,y_offset,1e-05,1125,0.0,0.0,0.0,0.0,0.0,0.0
GIRDER_3AB,y_offset,1e-05,1126,0.0,0.0,0.0,0.0,0.0,0.0
GIRDER_3AB,y_offset,1e-05,1128,0.0,0.0,0.0,0.0,0.0,0.0
GIRDER_3AB,y_offset,1e-05,1130,0.0,0.0,-0.12570527217045943,-0.641374892326891,0.0,0.0
GIRDER_3AB,y_offset,1e-05,1132,0.0,0.0,-0.13532589555556065,-0.641374892326891,0.0,0.0
GIRDER_3AB,y_offset,1e-05,1134,0.0,0.0,-0.2812386835629295,-0.641374892326891,0.0,0.0
GIRDER_3AB,y_offset,1e-05,1136,0.0,0.0,0.00861363464858956,0.8752601714871457,0.0,0.0
GIRDER_3AB,y_offset,1e-05,1138,0.0,0.0,0.36331281915734165,0.8752601714871457,0.0,0.0
GIRDER_3AB,y_offset,1e-05,1140,0.0,0.0,0.45171409648092953,0.8752601714871457,0.0,0.0
GIRDER_3AB,y_offset,1e-05,1142,0.0,0.0,0.716917928451693,0.8752601714871457,0.0,0.0
GIRDER_3AB,y_offset,1e-05,1144,0.0,0.0,1.0736281730947381,0.8358874915959005,0.0,0.0
GIRDER_3AB,y_offset,1e-05,1145,0.0,0.0,1.0736281730947381,0.8358874915959005,0.0,0.0
GIRDER_3AB,y_offset,1e-05,1177,0.0,0.0,-1.737840620069787,-1.2140453440722938,0.0,0.0
GIRDER_3AB,z_offset,1e-05,1125,0.0,0.0,0.0,0.0,0.0,0.0
GIRDER_3AB,z_offset,1e-05,1126,0.0,0.0,0.0,0.0,0.0,0.0
GIRDER_3AB,z_offset,1e-05,1128,0.0,0.0,0.0,0.0,0.0,0.0
GIRDER_3AB,z_offset,1e-05,1130,-0.004779398568003884,-0.02340445561623286,0.0,0.0,2.7443867491039328e-14,0.0
GIRDER_3AB,z_offset,1e-05,1132,-0.005130465402247387,-0.02340445561623286,0.0,0.0,2.7443870369513885e-14,0.0
GIRDER_3AB,z_offset,1e-05,1134,-0.01045497905494051,-0.02340445561623286,0.0,0.0,2.7443867491039328e-14,0.0
GIRDER_3AB,z_offset,1e-05,1136,0.02209398493012435,-0.01739016005897596,0.0,0.0,-0.0002719941039413513,0.0
GIRDER_3AB,z_offset,1e-05,1138,0.015046622566224233,-0.01739016005897596,0.0,0.0,-0.0002719941039413513,0.0
GIRDER_3AB,z_offset,1e-05,1140,0.013290216400267634,-0.01739016005897596,0.0,0.0,-0.00027199410394135125,0.0
GIRDER_3AB,z_offset,1e-05,1142,0.008020997902397835,-0.01739016005897596,0.0,0.0,-0.0002719941039413513,0.0
GIRDER_3AB,z_offset,1e-05,1144,0.0034343162531994217,-0.0019804577045659955,0.0,0.0,-0.0002719941039562591,0.0
GIRDER_3AB,z_offset,1e-05,1145,0.0034343162531994217,-0.0019804577045659955,0.0,0.0,-0.0002719941039562591,0.0
GIRDER_3AB,z_offset,1e-05,1177,-0.014164348582431943,0.0014457055809033947,0.0,0.0,0.00016614222708904455,0.0
GIRDER_3AB,x_pitch,1e-06,1125,0.0,0.0,0.0,0.0,0.0,0.0
GIRDER_3AB,x_pitch,1e-06,1126,-2.1175823681357508e-16,0.0,0.0,0.0,4.4932450873880463e-14,0.0
GIRDER_3AB,x_pitch,1e-06,1128,-2.1175823681357508e-16,0.0,0.0,0.0,4.4932450873880463e-14,0.0
GIRDER_3AB,x_pitch,1e-06,1130,-0.22967973865890898,-1.0835075347222,0.0,0.0,2.76212150143707e-14,0.0
GIRDER_3AB,x_pitch,1e-06,1132,-0.24593235167975155,-1.0835075347222,0.0,0.0,2.7189858948352547e-14,0.0
GIRDER_3AB,x_pitch,1e-06,1134,-0.4924303158291971,-1.0835075347222,0.0,0.0,1.5842163091615586e-13,0.0
GIRDER_3AB,x_pitch,1e-06,1136,-4.960111444306716,-3.3543099122367526,0.0,0.0,0.1755985076998469,0.0
GIRDER_3AB,x_pitch,1e-06,1138,-6.319445536248307,-3.3543099122367517,0.0,0.0,0.17559850770004498,0.0
GIRDER_3AB,x_pitch,1e-06,1140,-6.658230837386125,-3.3543099122367517,0.0,0.0,0.17559850770002075,0.0
GIRDER_3AB,x_pitch,1e-06,1142,-7.674586740799579,-3.354309912236751,0.0,0.0,0.1755985077002363,0.0
GIRDER_3AB,x_pitch,1e-06,1144,-8.15616009942426,1.8417585645143688,0.0,0.0,0.1755985077008037,0.0
GIRDER_3AB,x_pitch,1e-06,1145,-8.15616009942426,1.8417585645143688,0.0,0.0,0.1755985077008037,0.0
GIRDER_3AB,x_pitch,1e-06,1177,17.52549279832749,-1.0949288576573224,0.0,0.0,-0.23189316920567457,0.0
GIRDER_3AB,y_pitch,1e-06,1125,0.0,0.0,0.0,0.0,0.0,0.0
GIRDER_3AB,y_pitch,1e-06,1126,0.0,0.0,-4.2351647362715017e-16,0.0,0.0,0.0
GIRDER_3AB,y_pitch,1e-06,1128,0.0,0.0,-4.2351647362715017e-16,0.0,0.0,0.0
GIRDER_3AB,y_pitch,1e-06,1130,0.0,0.0,0.23983947144027662,1.1828591924200111,0.0,0.0
GIRDER_3AB,y_pitch,1e-06,1132,0.0,0.0,0.2575823593265892,1.1828591924200111,0.0,0.0
GIRDER_3AB,y_pitch,1e-06,1134,0.0,0.0,0.5266828256023297,1.182859192420011,0.0,0.0
GIRDER_3AB,y_pitch,1e-06,1136,0.0,0.0,1.6648306406625686,-0.48811116926152587,0.0,0.0
GIRDER_3AB,y_pitch,1e-06,1138,0.0,0.0,1.4670235893193115,-0.4881111692615255,0.0,0.0
GIRDER_3AB,y_pitch,1e-06,1140,0.0,0.0,1.4177243612238917,-0.4881111692615255,0.0,0.0
GIRDER_3AB,y_pitch,1e-06,1142,0.0,0.0,1.2698266769376318,-0.48811116926152504,0.0,0.0
GIRDER_3AB,y_pitch,1e-06,1144,0.0,0.0,0.9857909996337925,-0.9739744758353979,0.0,0.0
GIRDER_3AB,y_pitch,1e-06,1145,0.0,0.0,0.9857909996337925,-0.9739744758353979,0.0,0.0
GIRDER_3AB,y_pitch,1e-06,1177,0.0,0.0,-2.1894132425729778,-0.4536377738879211,0.0,0.0
GIRDER_3AB,tilt,1e-06,1125,0.0,0.0,0.0,0.0,0.0,0.0
GIRDER_3AB,tilt,1e-06,1126,0.0,0.0,-1.550963648536927e-17,6.6174449004242214e-18,0.0,0.0
GIRDER_3AB,tilt,1e-06,1128,0.0,0.0,-1.47691444010118e-17,6.6174449004242214e-18,0.0,0.0
GIRDER_3AB,tilt,1e-06,1130,0.0,0.0,-0.0017944213664241747,-0.01077512061286721,0.0,0.0
GIRDER_3AB,tilt,1e-06,1132,0.0,0.0,-0.0019560481756171824,-0.01077512061286721,0.0,0.0
GIRDER_3AB,tilt,1e-06,1134,0.0,0.0,-0.0044073881150444505,-0.010775120612867202,0.0,0.0
GIRDER_3AB,tilt,1e-06,1136,0.0,0.0,-0.03287672757634993,-0.007739806549665749,0.0,0.0
GIRDER_3AB,tilt,1e-06,1138,0.0,0.0,-0.0360132841806019,-0.007739806549665762,0.0,0.0
GIRDER_3AB,tilt,1e-06,1140,0.0,0.0,-0.03679500464211814,-0.007739806549665762,0.0,0.0
GIRDER_3AB,tilt,1e-06,1142,0.0,0.0,-0.03914016602666682,-0.007739806549665775,0.0,0.0
GIRDER_3AB,tilt,1e-06,1144,0.0,0.0,-0.046964088091036776,-0.03251191202276414,0.0,0.0
GIRDER_3AB,tilt,1e-06,1145,0.0,0.0,-0.046964088091036776,-0.03251191202276414,0.0,0.0
GIRDER_3AB,tilt,1e-06,1177,0.0,0.0,0.07740068678228124,0.05156799382975136,0.0,0.0
GIRDER_3CD,x_offset,1e-05,1147,0.0,0.0,0.0,0.0,0.0,0.0
GIRDER_3CD,x_offset,1e-05,1148,0.09024299151522616,0.4909374699100682,0.0,0.0,4.212665423610059e-13,0.0
GIRDER_3CD,x_offset,1e-05,1150,0.17959361103993168,0.4909374699100682,0.0,0.0,4.212638953830457e-13,0.0
GIRDER_3CD,x_offset,1e-05,1151,0.17959361103993168,0.4909374699100682,0.0,0.0,4.212638953830457e-13,0.0
GIRDER_3CD,x_offset,1e-05,1152,0.27385360526380426,0.4909374699100682,0.0,0.0,4.212638953830457e-13,0.0
GIRDER_3CD,x_offset,1e-05,1154,0.40149734744196025,0.4909374699100682,0.0,0.0,4.212638953830457e-13,0.0
GIRDER_3CD,x_offset,1e-05,1156,1.482351344736163,0.49104725677006406,0.0,0.0,-0.07478945464186772,0.0
GIRDER_3CD,x_offset,1e-05,1158,1.6089187751701728,0.49104725677006406,0.0,0.0,-0.07478945464186772,0.0
GIRDER_3CD,x_offset,1e-05,1160,1.7555491810632224,0.05025345313979139,0.0,0.0,-0.07478945464139261,0.0
GIRDER_3CD,x_offset,1e-05,1162,1.7567552639385777,0.05025345313979139,0.0,0.0,-0.07478945464139261,0.0
GIRDER_3CD,x_offset,1e-05,1164,1.7607755401897613,0.05025345313979139,0.0,0.0,-0.07478945464139261,0.0
GIRDER_3CD,x_offset,1e-05,1166,1.7658561643021948,0.05025345313979139,0.0,0.0,-0.07478945464139261,0.0
GIRDER_3CD,x_offset,1e-05,1167,1.7658561643021948,0.05025345313979139,0.0,0.0,-0.07478945464139261,0.0
GIRDER_3CD,x_offset,1e-05,1177,1.8758996181306764,0.05025345313979139,0.0,0.0,-0.07478945464139261,0.0
GIRDER_3CD,y_offset,1e-05,1147,0.0,0.0,0.0,0.0,0.0,0.0
GIRDER_3CD,y_offset,1e-05,1148,0.0,0.0,-0.09310063968774887,-0.5222047304344795,0.0,0.0
GIRDER_3CD,y_offset,1e-05,1150,0.0,0.0,-0.18814190062811614,-0.5222047304344795,0.0,0.0
GIRDER_3CD,y_offset,1e-05,1151,0.0,0.0,-0.18814190062811614,-0.5222047304344795,0.0,0.0
GIRDER_3CD,y_offset,1e-05,1152,0.0,0.0,-0.28840520887290716,-0.5222047304344795,0.0,0.0
GIRDER_3CD,y_offset,1e-05,1154,0.0,0.0,-0.424178438787723,-0.5222047304344795,0.0,0.0
GIRDER_3CD,y_offset,1e-05,1156,0.0,0.0,0.18511228780323966,1.0147399906206862,0.0,0.0
GIRDER_3CD,y_offset,1e-05,1158,0.0,0.0,0.44666152039918733,1.0147399906206862,0.0,0.0
GIRDER_3CD,y_offset,1e-05,1160,0.0,0.0,0.8838281999460555,0.8352366628405488,0.0,0.0
GIRDER_3CD,y_offset,1e-05,1162,0.0,0.0,0.9038738798549278,0.8352366628405488,0.0,0.0
GIRDER_3CD,y_offset,1e-05,1164,0.0,0.0,0.9706928128845024,0.8352366628405488,0.0,0.0
GIRDER_3CD,y_offset,1e-05,1166,0.0,0.0,1.0551352395006273,0.8352366628405488,0.0,0.0
GIRDER_3CD,y_offset,1e-05,1167,0.0,0.0,1.0551352395006273,0.8352366628405488,0.0,0.0
GIRDER_3CD,y_offset,1e-05,1177,0.0,0.0,2.884110591516109,0.8352366628405488,0.0,0.0
GIRDER_3CD,z_offset,1e-05,1147,0.0,0.0,0.0,0.0,0.0,0.0
GIRDER_3CD,z_offset,1e-05,1148,-0.0031565457657931023,-0.017172154489718296,0.0,0.0,1.4738373282224826e-14,0.0
GIRDER_3CD,z_offset,1e-05,1150,-0.006281877882921756,-0.017172154489718296,0.0,0.0,1.4738373282224826e-14,0.0
GIRDER_3CD,z_offset,1e-05,1151,-0.006281877882921756,-0.017172154489718296,0.0,0.0,1.4738373282224826e-14,0.0
GIRDER_3CD,z_offset,1e-05,1152,-0.009578931544947844,-0.017172154489718296,0.0,0.0,1.4738373282224826e-14,0.0
GIRDER_3CD,z_offset,1e-05,1154,-0.01404369171227467,-0.017172154489718296,0.0,0.0,1.4738373282224826e-14,0.0
GIRDER_3CD,z_offset,1e-05,1156,0.022924962728154686,-0.017175994646445456,0.0,0.0,-0.00018185198677959217,0.0
GIRDER_3CD,z_offset,1e-05,1158,0.018497850108033304,-0.017175994646445456,0.0,0.0,-0.00018185198677959217,0.0
GIRDER_3CD,z_offset,1e-05,1160,0.013368968861089115,-0.0017577799899363554,0.0,0.0,-0.00018185198679416113,0.0
GIRDER_3CD,z_offset,1e-05,1162,0.013326782141330642,-0.0017577799899363554,0.0,0.0,-0.00018185198679416113,0.0
GIRDER_3CD,z_offset,1e-05,1164,0.01318615974213573,-0.0017577799899363554,0.0,0.0,-0.00018185198679416113,0.0
GIRDER_3CD,z_offset,1e-05,1166,0.013008448185153168,-0.0017577799899363554,0.0,0.0,-0.00018185198679416113,0.0
GIRDER_3CD,z_offset,1e-05,1167,0.013008448185153168,-0.0017577799899363554,0.0,0.0,-0.00018185198679416113,0.0
GIRDER_3CD,z_offset,1e-05,1177,0.009159316054370226,-0.0017577799899363554,0.0,0.0,-0.00018185198679416113,0.0
GIRDER_3CD,x_pitch,1e-06,1147,0.0,0.0,0.0,0.0,0.0,0.0
GIRDER_3CD,x_pitch,1e-06,1148,-0.19262747138910602,-1.01726929675535,0.0,0.0,-7.424773178275976e-15,0.0
GIRDER_3CD,x_pitch,1e-06,1150,-0.37777048339866826,-1.01726929675535,0.0,0.0,1.0716952016237027e-13,0.0
GIRDER_3CD,x_pitch,1e-06,1151,-0.37777048339866826,-1.01726929675535,0.0,0.0,1.0716952016237027e-13,0.0
GIRDER_3CD,x_pitch,1e-06,1152,-0.5730861883758043,-1.01726929675535,0.0,0.0,2.1930874144495912e-13,0.0
GIRDER_3CD,x_pitch,1e-06,1154,-0.8375762055323321,-1.01726929675535,0.0,0.0,3.305546076659907e-13,0.0
GIRDER_3CD,x_pitch,1e-06,1156,-6.346284452457521,-4.3354188353855365,0.0,0.0,0.23087112007690863,0.0
GIRDER_3CD,x_pitch,1e-06,1158,-7.463738657288644,-4.3354188353855365,0.0,0.0,0.23087112007725427,0.0
GIRDER_3CD,x_pitch,1e-06,1160,-8.292113233790461,1.8805629994705735,0.0,0.0,0.2308711200782929,0.0
GIRDER_3CD,x_pitch,1e-06,1162,-8.246979721803088,1.8805629994705735,0.0,0.0,0.23087112007829516,0.0
GIRDER_3CD,x_pitch,1e-06,1164,-8.096534681845174,1.8805629994705735,0.0,0.0,0.2308711200783027,0.0
GIRDER_3CD,x_pitch,1e-06,1166,-7.906409762598365,1.880562999470573,0.0,0.0,0.2308711200781844,0.0
GIRDER_3CD,x_pitch,1e-06,1167,-7.906409762598365,1.880562999470573,0.0,0.0,0.2308711200781844,0.0
GIRDER_3CD,x_pitch,1e-06,1177,-3.7884112038034052,1.880562999470573,0.0,0.0,0.23087112007839064,0.0
GIRDER_3CD,y_pitch,1e-06,1147,0.0,0.0,0.0,0.0,0.0,0.0
GIRDER_3CD,y_pitch,1e-06,1148,0.0,0.0,0.19887832678882023,1.0850634769121388,0.0,0.0
GIRDER_3CD,y_pitch,1e-06,1150,0.0,0.0,0.39635987958693847,1.085063476912139,0.0,0.0
GIRDER_3CD,y_pitch,1e-06,1151,0.0,0.0,0.39635987958693847,1.085063476912139,0.0,0.0
GIRDER_3CD,y_pitch,1e-06,1152,0.0,0.0,0.6046920671541997,1.0850634769121392,0.0,0.0
GIRDER_3CD,y_pitch,1e-06,1154,0.0,0.0,0.8868085711515222,1.0850634769121394,0.0,0.0
GIRDER_3CD,y_pitch,1e-06,1156,0.0,0.0,1.8025594819051711,-0.6396817680417305,0.0,0.0
GIRDER_3CD,y_pitch,1e-06,1158,0.0,0.0,1.6376815061923813,-0.6396817680417307,0.0,0.0
GIRDER_3CD,y_pitch,1e-06,1160,0.0,0.0,1.2999114055533962,-0.8846562403008674,0.0,0.0
GIRDER_3CD,y_pitch,1e-06,1162,0.0,0.0,1.2786796557861673,-0.8846562403008674,0.0,0.0
GIRDER_3CD,y_pitch,1e-06,1164,0.0,0.0,1.2079071565620703,-0.8846562403008674,0.0,0.0
GIRDER_3CD,y_pitch,1e-06,1166,0.0,0.0,1.1184684106676088,-0.8846562403008674,0.0,0.0
GIRDER_3CD,y_pitch,1e-06,1167,0.0,0.0,1.1184684106676088,-0.8846562403008674,0.0,0.0
GIRDER_3CD,y_pitch,1e-06,1177,0.0,0.0,-0.8187244000005395,-0.8846562403008674,0.0,0.0
GIRDER_3CD,tilt,1e-06,1147,0.0,0.0,0.0,0.0,0.0,0.0
GIRDER_3CD,tilt,1e-06,1148,0.0,0.0,-0.0003903261003200158,-0.003254511112233723,0.0,0.0
GIRDER_3CD,tilt,1e-06,1150,0.0,0.0,-0.0009826471227465286,-0.0032545111122337165,0.0,0.0
GIRDER_3CD,tilt,1e-06,1151,0.0,0.0,-0.0009826471227465286,-0.0032545111122337165,0.0,0.0
GIRDER_3CD,tilt,1e-06,1152,0.0,0.0,-0.001607513256295415,-0.00325451111223371,0.0,0.0
GIRDER_3CD,tilt,1e-06,1154,0.0,0.0,-0.002453686145476164,-0.0032545111122337035,0.0,0.0
GIRDER_3CD,tilt,1e-06,1156,0.0,0.0,-0.021978281703368737,-0.009376490756453283,0.0,0.0
GIRDER_3CD,tilt,1e-06,1158,0.0,0.0,-0.02439507219584451,-0.00937649075645329,0.0,0.0
GIRDER_3CD,tilt,1e-06,1160,0.0,0.0,-0.03451110913802384,-0.03709315693330133,0.0,0.0
GIRDER_3CD,tilt,1e-06,1162,0.0,0.0,-0.035401344904423065,-0.03709315693330133,0.0,0.0
GIRDER_3CD,tilt,1e-06,1164,0.0,0.0,-0.038368797459087174,-0.03709315693330133,0.0,0.0
GIRDER_3CD,tilt,1e-06,1166,0.0,0.0,-0.04211891562504388,-0.03709315693330133,0.0,0.0
GIRDER_3CD,tilt,1e-06,1167,0.0,0.0,-0.04211891562504388,-0.03709315693330133,0.0,0.0
GIRDER_3CD,tilt,1e-06,1177,0.0,0.0,-0.12334436078972223,-0.03709315693330133,0.0,0.0
