lord_id,lord_name,lord_key,variable,step,relation_count,observation_count
0>>1198,H_CANT_S7,Overlay,HKICK,1e-06,3,4
0>>1202,H_CANT_TRIM_S7,Overlay,HKICK,1e-06,2,3
0>>1232,V09AW,Overlay,VKICK,1e-06,1,2
0>>1231,H09AW,Overlay,HKICK,1e-06,1,2
0>>1233,V10W,Overlay,VKICK,1e-06,1,2
0>>1234,H10AW,Overlay,HKICK,1e-06,1,2
0>>1235,H11W,Overlay,HKICK,1e-06,1,2
0>>1236,H12W,Overlay,HKICK,1e-06,2,3
0>>1326,RAW_XQUNEING_1,Group,COMMAND,0.001,67,68
0>>1327,RAW_XQUNEING_2,Group,COMMAND,0.001,67,68
0>>1237,V13W,Overlay,VKICK,1e-06,1,2
0>>1215,SK_Q14W,Overlay,K1,1e-05,1,2
0>>1238,H14W,Overlay,HKICK,1e-06,1,2
0>>1239,V15W,Overlay,VKICK,1e-06,1,2
0>>1240,H16W,Overlay,HKICK,1e-06,2,3
0>>1241,V17W,Overlay,VKICK,1e-06,1,2
0>>1242,H18W,Overlay,HKICK,1e-06,1,2
0>>1216,SK_Q18W,Overlay,K1,1e-05,1,2
0>>1243,V19W,Overlay,VKICK,1e-06,1,2
0>>1244,H20W,Overlay,HKICK,1e-06,2,3
0>>1217,SK_Q20W,Overlay,K1,1e-05,1,2
0>>1245,V21W,Overlay,VKICK,1e-06,1,2
0>>1246,H22W,Overlay,HKICK,1e-06,2,3
0>>1218,SK_Q22W,Overlay,K1,1e-05,1,2
0>>1247,V23W,Overlay,VKICK,1e-06,1,2
0>>1248,H24W,Overlay,HKICK,1e-06,2,3
0>>1219,SK_Q24W,Overlay,K1,1e-05,1,2
0>>1249,V25W,Overlay,VKICK,1e-06,1,2
0>>1250,H26W,Overlay,HKICK,1e-06,2,3
0>>1220,SK_Q26W,Overlay,K1,1e-05,1,2
0>>1251,V27W,Overlay,VKICK,1e-06,1,2
0>>1252,H28W,Overlay,HKICK,1e-06,2,3
0>>1253,V29W,Overlay,VKICK,1e-06,1,2
0>>1254,H30W,Overlay,HKICK,1e-06,2,3
0>>1255,V31W,Overlay,VKICK,1e-06,1,2
0>>1256,H32W,Overlay,HKICK,1e-06,2,3
0>>1221,SK_Q32W,Overlay,K1,1e-05,1,2
0>>1257,V33W,Overlay,VKICK,1e-06,1,2
0>>1222,SK_Q34W,Overlay,K1,1e-05,1,2
0>>1258,H34W,Overlay,HKICK,1e-06,1,2
0>>1259,V35W,Overlay,VKICK,1e-06,1,2
0>>1260,H36W,Overlay,HKICK,1e-06,2,3
0>>1328,RAW_BETASING_6,Group,COMMAND,0.001,14,15
0>>1330,RAW_BETASING_8,Group,COMMAND,0.001,28,29
0>>1261,V37W,Overlay,VKICK,1e-06,1,2
0>>1262,H38W,Overlay,HKICK,1e-06,2,3
0>>1263,V39W,Overlay,VKICK,1e-06,1,2
0>>1264,H40W,Overlay,HKICK,1e-06,2,3
0>>1265,V41W,Overlay,VKICK,1e-06,1,2
0>>1266,H42W,Overlay,HKICK,1e-06,2,3
0>>1267,V43W,Overlay,VKICK,1e-06,1,2
0>>1268,H44W,Overlay,HKICK,1e-06,1,2
0>>1223,SK_Q44W,Overlay,K1,1e-05,1,2
0>>1270,V45W,Overlay,VKICK,1e-06,1,2
0>>1269,H46W,Overlay,HKICK,1e-06,1,2
0>>1273,V47W,Overlay,VKICK,1e-06,1,2
0>>1271,H47AW,Overlay,HKICK,1e-06,1,2
0>>1272,H48W,Overlay,HKICK,1e-06,1,3
0>>1274,H48AW,Overlay,HKICK,1e-06,1,2
0>>1275,V48W,Overlay,VKICK,1e-06,1,2
0>>1276,H49E,Overlay,HKICK,1e-06,1,2
0>>1277,V49E,Overlay,VKICK,1e-06,1,2
0>>1279,V48E,Overlay,VKICK,1e-06,1,2
0>>1278,H48AE,Overlay,HKICK,1e-06,1,2
0>>1280,H48E,Overlay,HKICK,1e-06,1,3
0>>1282,H47AE,Overlay,HKICK,1e-06,1,2
0>>1281,V47E,Overlay,VKICK,1e-06,1,2
0>>1283,H46E,Overlay,HKICK,1e-06,1,2
0>>1284,V45E,Overlay,VKICK,1e-06,1,2
0>>1224,SK_Q44E,Overlay,K1,1e-05,1,2
0>>1285,H44E,Overlay,HKICK,1e-06,1,2
0>>1286,V43E,Overlay,VKICK,1e-06,1,2
0>>1287,H42E,Overlay,HKICK,1e-06,2,3
0>>1288,V41E,Overlay,VKICK,1e-06,1,2
0>>1289,H40E,Overlay,HKICK,1e-06,2,3
0>>1290,V39E,Overlay,VKICK,1e-06,1,2
0>>1291,H38E,Overlay,HKICK,1e-06,2,3
0>>1292,V37E,Overlay,VKICK,1e-06,1,2
0>>1329,RAW_BETASING_7,Group,COMMAND,0.001,14,15
0>>1293,H36E,Overlay,HKICK,1e-06,2,3
0>>1294,V35E,Overlay,VKICK,1e-06,1,2
0>>1295,H34E,Overlay,HKICK,1e-06,1,2
0>>1296,V34E,Overlay,VKICK,1e-06,1,2
0>>1297,V33E,Overlay,VKICK,1e-06,1,2
0>>1298,H32E,Overlay,HKICK,1e-06,2,3
0>>1299,V31E,Overlay,VKICK,1e-06,1,2
0>>1300,H30E,Overlay,HKICK,1e-06,2,3
0>>1301,V29E,Overlay,VKICK,1e-06,1,2
0>>1302,H28E,Overlay,HKICK,1e-06,2,3
0>>1303,V27E,Overlay,VKICK,1e-06,1,2
0>>1304,H26E,Overlay,HKICK,1e-06,2,3
0>>1225,SK_Q26E,Overlay,K1,1e-05,1,2
0>>1305,V25E,Overlay,VKICK,1e-06,1,2
0>>1306,H24E,Overlay,HKICK,1e-06,2,3
0>>1226,SK_Q24E,Overlay,K1,1e-05,1,2
0>>1307,V23E,Overlay,VKICK,1e-06,1,2
0>>1308,H22E,Overlay,HKICK,1e-06,2,3
0>>1227,SK_Q22E,Overlay,K1,1e-05,1,2
0>>1309,V21E,Overlay,VKICK,1e-06,1,2
0>>1310,H20E,Overlay,HKICK,1e-06,2,3
0>>1228,SK_Q20E,Overlay,K1,1e-05,1,2
0>>1311,V19E,Overlay,VKICK,1e-06,1,2
0>>1229,SK_Q18E,Overlay,K1,1e-05,1,2
0>>1312,H18E,Overlay,HKICK,1e-06,1,2
0>>1313,V17E,Overlay,VKICK,1e-06,1,2
0>>1314,H16E,Overlay,HKICK,1e-06,2,3
0>>1315,V15E,Overlay,VKICK,1e-06,1,2
0>>1316,H14E,Overlay,HKICK,1e-06,1,2
0>>1230,SK_Q14E,Overlay,K1,1e-05,1,2
0>>1317,V13E,Overlay,VKICK,1e-06,1,2
0>>1318,H12E,Overlay,HKICK,1e-06,2,3
0>>1320,V11E,Overlay,VKICK,1e-06,1,2
0>>1319,H11E,Overlay,HKICK,1e-06,1,2
0>>1321,V10AE,Overlay,VKICK,1e-06,1,2
0>>1322,H10E,Overlay,HKICK,1e-06,1,2
0>>1323,H09AE,Overlay,HKICK,1e-06,1,2
0>>1324,V09AE,Overlay,VKICK,1e-06,1,2
0>>1325,H09E,Overlay,HKICK,1e-06,1,2
0>>1195,H_CANT_S2,Overlay,HKICK,1e-06,3,4
0>>1199,H_CANT_TRIM_S2,Overlay,HKICK,1e-06,2,3
0>>1196,H_CANT_S3,Overlay,HKICK,1e-06,3,5
0>>1200,H_CANT_TRIM_S3,Overlay,HKICK,1e-06,2,3
0>>1197,H_CANT_S4,Overlay,HKICK,1e-06,3,5
0>>1201,H_CANT_TRIM_S4,Overlay,HKICK,1e-06,2,3
