sextupole,sextupole_index,sextupole_s_m,scaling,observation_count,sigma_1,sigma_2,condition_number,effective_rank,response_x_norm,response_y_norm,response_x_y_cosine,parameter_rotation_x_mode1,parameter_rotation_y_mode1,parameter_rotation_x_mode2,parameter_rotation_y_mode2,relative_reconstruction_error,parameter_rotation_orthogonality_error,mode_weight_orthogonality_error
SEX_08E,796,725.5156956369731,raw,1191,2715.4473946806165,2440.6729359795663,1.1125814338539257,2,2462.4758994292256,2695.6912617047014,0.056372430806292992,-0.27469173918090267,-0.9615323439311706,-0.9615323439311706,0.27469173918090256,2.0638817902015961e-16,1.8411055174548084e-16,4.2998752849492583e-16
SEX_08E,796,725.5156956369731,observable_rms,1191,40.02105666134954,28.467897125728072,1.4058311537588146,2,28.511507588355983,39.989999726070351,0.038829371687037921,0.056039422280175485,0.99842855685847842,-0.99842855685847853,0.056039422280175451,4.3285808416939183e-16,3.5536980832106007e-16,5.5530663441084629e-16
SEX_08W,72,42.907498779194896,raw,1191,2749.6073145284413,2515.243506585784,1.0931773831555518,2,2729.2452090879897,2537.3235643489606,-0.051097297202762092,-0.95372218248573459,0.30068920604944732,0.30068920604944727,0.95372218248573459,2.1836940545088121e-16,3.1969860120277711e-16,7.1455447824596347e-16
SEX_08W,72,42.907498779194896,observable_rms,1191,38.30646241466814,31.289146107099775,1.2242731803401972,2,31.289882343545823,38.305861036724913,0.0039573992192763682,0.0097128486131711749,0.99995282917336525,0.99995282917336537,-0.0097128486131711732,2.4081377766149499e-16,2.2206280865354809e-16,5.981199760089988e-16
SEX_09E,780,716.0820656369732,raw,1191,2695.0022256547782,1719.6688275324659,1.5671635041043381,2,1835.435520479381,2617.5321054064789,0.26350976666320408,-0.30916638466637159,-0.95100796347471528,0.95100796347471539,-0.30916638466637153,4.5986496065433265e-16,5.1548086433346587e-16,4.9650683064945462e-16
SEX_09E,780,716.0820656369732,observable_rms,1191,41.986553408112698,20.82413714429244,2.0162445683671719,2,21.018777830918374,41.889453725145358,0.11780953797726854,-0.078275954031761907,-0.9969317303709504,0.99693173037095073,-0.078275954031761796,1.8014054003283937e-16,4.988244316190509e-16,2.634953026054921e-16
SEX_09W,84,52.349828779194894,raw,1191,4342.9526174511202,1974.0819052135339,2.199986031978419,2,2140.6820277163997,4263.2988708427456,-0.34281260716057793,-0.21403402369768743,0.97682620598537273,-0.97682620598537273,-0.21403402369768754,2.8386307305831954e-16,2.7105306955350944e-16,1.2146434184145741e-15
SEX_09W,84,52.349828779194894,observable_rms,1191,59.837279854157906,32.8833548270037,1.8196829419916649,2,33.277374507767576,59.619052582989113,-0.12798151711059755,-0.10213154306876071,0.99477090222341846,0.99477090222341802,0.10213154306876082,4.2358636106216419e-16,8.1034361468473914e-16,3.3958956690578992e-16
SEX_10E,774,709.5713956369732,raw,1191,3557.6617380645744,3014.3327365646637,1.180248515669549,2,3506.5298576726223,3073.6634894640788,0.099899960498030155,0.94807352852296523,0.31805122938610747,0.31805122938610741,-0.94807352852296511,2.1716029591482913e-16,2.4873320858298687e-16,1.3687748718835771e-15
SEX_10E,774,709.5713956369732,observable_rms,1191,45.883148968282633,33.847953423051692,1.3555664177035451,2,34.107969270665002,45.690193065974945,0.082782657788857669,0.13569789354655518,0.99075026201713789,-0.99075026201713789,0.13569789354655518,3.6210706487570601e-16,4.7105162900780915e-16,9.1289318162677826e-16
SEX_10W,92,58.85539877919489,raw,1191,3583.6226805118536,2730.3542006049865,1.3125120102431405,2,2782.7919668261588,3543.0572174900117,-0.12313478574771167,-0.23164743720674419,0.97279980717285675,-0.97279980717285675,-0.23164743720674419,3.4039140415776919e-16,3.1452368145297234e-16,5.4141161562690664e-16
SEX_10W,92,58.85539877919489,observable_rms,1191,51.824367346894,32.311203685382033,1.6039132386250268,2,32.562251559390774,51.666998247304953,-0.096710341947498821,-0.099599721006335046,0.99502758533392432,0.9950275853339241,0.099599721006335074,2.3819317856685953e-16,6.0276112228784242e-16,3.1463121132764933e-16
SEX_11E,766,701.3662036369731,raw,1191,1859.0702933839295,1400.8274042949909,1.32712301864166,2,1446.9136459839451,1823.4310169106748,-0.16028226387689767,0.29640535226821879,-0.95506223208058705,0.95506223208058671,0.29640535226821896,3.110668378572802e-16,6.7130355324426288e-16,7.1548038353132181e-16
SEX_11E,766,701.3662036369731,observable_rms,1191,26.017464399441938,20.487859195514233,1.2698966813056973,2,20.544725380865163,25.972583375865412,-0.045697775802599101,0.095256163682620798,-0.99545279309491608,-0.99545279309491619,-0.095256163682620784,2.8039067453245731e-16,2.254466178965384e-16,1.000486067918028e-15
SEX_11W,102,67.32807077919487,raw,1191,2040.7562060766672,1589.2688303793298,1.2840849622587611,2,1633.4618616764897,2005.5581902064305,0.14092280896253914,0.29478900935334723,0.9555623684325748,0.9555623684325748,-0.29478900935334729,5.5213230794943579e-16,4.1280328595473308e-16,2.7194799110210365e-16
SEX_11W,102,67.32807077919487,observable_rms,1191,37.645170060523704,28.435979430256783,1.3238569873372481,2,37.624620303748955,28.463163949962734,0.028612466095318152,0.99872832957126023,0.050415510627185682,0.050415510627185675,-0.99872832957126056,3.0889197029077533e-16,4.0135863866116502e-16,4.4506392212830192e-16
SEX_12E,758,693.163360636973,raw,1191,2489.604432324199,1419.7667463609116,1.7535305983926246,2,2474.7092595358404,1445.5732165089787,-0.15407316997794562,-0.99112062512123666,0.13296580936198635,-0.13296580936198635,-0.99112062512123689,6.6200643374194064e-16,1.1439065232193503e-15,8.0920713114236714e-16
SEX_12E,758,693.163360636973,observable_rms,1191,24.611626800642384,21.760869314183434,1.1310038420478388,2,22.615857376239788,23.828357102843842,-0.11096936199433646,0.53573162514917494,-0.84438831458933872,-0.84438831458933894,-0.53573162514917472,3.7064677436958458e-16,5.1927548820576807e-16,4.980559976921029e-16
SEX_12W,108,75.26403377919488,raw,1191,2149.543888526322,1462.1847194680961,1.4700905158605877,2,2131.0810762109513,1488.9649187144828,0.13735427036008213,-0.98395370911970048,-0.17842392863510284,-0.17842392863510281,0.98395370911970037,3.1392494924956927e-16,4.9722511296244376e-16,8.0849280956915616e-16
SEX_12W,108,75.26403377919488,observable_rms,1191,26.414424612402549,24.573776326229758,1.0749029478309406,2,25.337991200645156,25.682260656957286,0.070837412011627993,-0.63751288722152955,-0.77043969175170945,-0.77043969175170934,0.63751288722152977,2.5906864078486428e-16,4.6501790135702584e-16,3.1646225226420963e-16
SEX_13E,750,684.497718636973,raw,1191,2047.8524780130256,1452.3768473393068,1.4100007733974864,2,1605.1185881278238,1930.4643473625442,-0.28047061508868015,0.47334907261054415,-0.88087493746770773,-0.88087493746770762,-0.47334907261054404,5.2830584816279843e-16,2.6707548909814736e-16,7.0326297337385975e-16
SEX_13E,750,684.497718636973,observable_rms,1191,33.029045629898121,20.932645488413698,1.5778724981598637,2,21.100934048323133,32.921787385465812,-0.097284841909306932,-0.1041009365615177,0.99456673733189704,0.99456673733189693,0.10410093656151767,4.2874413778743299e-16,4.9711622987308477e-16,9.1846686917161804e-16
SEX_13W,116,83.93282577919487,raw,1191,2242.6266766419931,1671.1397724944773,1.3419743300672382,2,2048.8789008445633,1903.7273438371324,0.27712181343368542,0.79262534002945895,0.60970900464334998,-0.60970900464335009,0.79262534002945895,4.9215511485749374e-16,2.7324155790020225e-16,1.7346679639373691e-15
SEX_13W,116,83.93282577919487,observable_rms,1191,35.348241545918476,23.468355037940981,1.5062087431680422,2,23.664690013239511,35.217102594516888,0.095844716414521136,-0.11508149475991436,-0.9933560537711662,0.9933560537711662,-0.11508149475991436,5.4849717034282658e-16,3.1404631888021773e-16,3.4891667574018031e-16
SEX_14E,742,676.2942266369729,raw,1191,3642.0342221163251,3300.4863089075179,1.103484117563833,2,3372.8042789016854,3575.1663522939634,0.079172845782091814,-0.45113729080895926,-0.89245456177978744,0.89245456177978744,-0.45113729080895926,3.0333548589954035e-16,1.6168312257044686e-16,2.2971826326221923e-16
SEX_14E,742,676.2942266369729,observable_rms,1191,52.473815701734686,35.929657030782742,1.4604596881283263,2,36.080196070722621,52.370421424192337,0.066390680995945112,0.086092144776958368,0.99628717878315753,-0.99628717878315753,0.086092144776958326,2.3565334935143035e-16,5.8085620260921992e-17,5.0346445237540365e-16
SEX_14W,124,92.13391777919487,raw,1191,3520.3157379736535,2874.7114617777534,1.2245805482671472,2,3510.0027844663268,2887.2944665447653,-0.053510336930462518,0.99118060866838142,-0.13251792708828566,0.13251792708828564,0.99118060866838165,3.951277631185365e-16,8.4802325818161125e-16,1.3515355177552952e-15
SEX_14W,124,92.13391777919487,observable_rms,1191,44.568690117034357,36.421249338695119,1.2237002004673994,2,36.590065776376626,44.43019951136916,-0.054953163311245161,-0.13667097986401155,0.99061649656313056,0.99061649656313022,0.13667097986401161,2.2732369473593906e-16,7.9839683788897035e-16,5.0267485386043072e-16
SEX_15E,734,666.1709846369729,raw,1191,2304.7967228027183,1675.4113569377969,1.3756602002598748,2,2000.7848445758809,2028.7807062651621,0.30825924751613637,-0.69100185522879964,-0.72285298371823647,0.72285298371823636,-0.69100185522879987,5.4762549644992369e-16,3.9291416147924362e-16,1.0207487937359978e-15
SEX_15E,734,666.1709846369729,observable_rms,1191,28.616979414927826,23.827188422017187,1.2010220806616319,2,24.696739105135297,27.870010701569413,0.13643459498117025,-0.40984396292024605,-0.9121556479339632,0.9121556479339632,-0.40984396292024605,4.7413908614398046e-16,3.1449104711465093e-16,2.611090194369167e-16
SEX_15W,132,102.25810977919487,raw,1191,2221.7103333070631,1788.4907794570909,1.2422263278212031,2,2061.0276494925447,1971.5123893482516,-0.20911144154008957,-0.7771032612303661,0.6293731177808034,0.62937311778080363,0.77710326123036599,3.842975746667674e-16,5.446378738628857e-16,6.5681679907165959e-16
SEX_15W,132,102.25810977919487,observable_rms,1191,27.332879316595918,24.013657795929195,1.1382222378978599,2,24.551613348187921,26.850704543394542,-0.093140900494185386,0.3915276227384249,-0.92016635486894305,-0.92016635486894272,-0.39152762273842501,1.9728576468061043e-16,5.4707103492883039e-16,2.5133742693021536e-16
SEX_16E,726,657.9649426369728,raw,1191,3040.1877767570586,2200.615964724378,1.3815167323562678,2,3040.0230161537911,2200.8435663167988,-0.0099219808983098123,-0.99988615577895645,0.015088919165434412,-0.015088919165434412,-0.99988615577895623,3.8435034935623572e-16,7.021825972901365e-16,1.4217982404014041e-15
SEX_16E,726,657.9649426369728,observable_rms,1191,34.713266700986836,33.261644266365764,1.0436425338145101,2,34.528638400817954,33.45326582774338,-0.028687102825118646,-0.93297469609270911,0.35994196261441441,-0.35994196261441441,-0.93297469609270922,3.6310779191478152e-16,6.5287953165938702e-16,7.573255161675981e-16
SEX_16W,140,110.46430177919487,raw,1191,4979.6114801715203,2199.9253710553744,2.2635365479614618,2,4978.6596870390485,2202.0785300078128,0.039660752593611438,0.99976250421399915,0.021793007313204982,0.021793007313204982,-0.99976250421399904,3.2662114535877543e-16,1.1107974675978915e-16,8.9772233192053265e-16
SEX_16W,140,110.46430177919487,observable_rms,1191,53.713729787851314,33.389547165795086,1.6086989596216124,2,53.713650372469374,33.389674920898507,-0.0021668841497725897,0.99999759041329439,-0.0021952602589897612,-0.0021952602589897612,-0.99999759041329439,2.1351553398728582e-16,5.5511156027050985e-16,6.6728929494060437e-16
SEX_17E,718,649.7574006369726,raw,1191,1321.3360384382784,1093.5849297590621,1.2082610161145821,2,1310.8166247007548,1106.1720939709232,-0.082937656960333297,0.97450345755100076,-0.22437248320849093,0.2243724832084909,0.97450345755100076,3.1774900144234975e-16,4.0217020528454134e-16,6.0238631761259321e-16
SEX_17E,718,649.7574006369726,observable_rms,1191,23.786796553743411,17.489174590526918,1.3600868600527107,2,17.529063195251215,23.757416981734373,-0.045633162069002184,0.073305172950485109,-0.99730955656641507,-0.9973095565664154,-0.073305172950485054,2.4657040539071473e-16,6.7417658219947847e-16,9.9378915041460111e-16
SEX_17W,150,118.66539277919487,raw,1191,1909.7204477642279,1407.7139056136309,1.3566111978781437,2,1414.4833604290932,1904.7119078054843,0.065825443243711215,-0.10710621521179933,-0.99424758418766279,0.99424758418766279,-0.1071062152117994,2.3945092060567533e-16,1.8435525530473038e-16,9.3529752210993657e-16
SEX_17W,150,118.66539277919487,observable_rms,1191,31.377086627549488,24.877913804303041,1.2612426779178851,2,24.911932261762605,31.350084393386066,0.031789438763083225,-0.06806409764352471,-0.99768095031025461,0.99768095031025428,-0.068064097643524724,1.521388032209468e-16,6.6836232365127372e-16,9.5679081796751108e-16
SEX_18E,710,641.5571586369726,raw,1191,2615.3914551654138,1986.2025218832102,1.3167798481524635,2,2603.3009073133985,2002.023303477938,0.081109251684514133,-0.98904344466902838,-0.14762474236123982,0.14762474236123982,-0.98904344466902849,1.7470005182918887e-16,2.2445159118886559e-16,1.2468402668783907e-15
SEX_18E,710,641.5571586369726,observable_rms,1191,33.001094565290082,30.555521197597432,1.080037036576059,2,32.530406527491564,31.056155095571285,0.061360889982918304,-0.8952956177979341,-0.44547250953545431,-0.44547250953545431,0.89529561779793421,3.0022338318550327e-16,1.4150628575275931e-16,5.4389598220420729e-16
SEX_18W,158,126.86413477919487,raw,1191,4455.5415172048533,1439.9820349720269,3.0941646555273912,2,4455.3400907109135,1440.6051328113363,0.027830180929310888,0.99994951899933437,0.010047858129959113,-0.010047858129959111,0.99994951899933426,1.2221145585080219e-16,2.2204498996760907e-16,7.0278356144556099e-16
SEX_18W,158,126.86413477919487,observable_rms,1191,43.894350710382987,25.353017999499524,1.7313264523872256,2,43.893621031085594,25.35428127059583,0.0081487704428465715,0.99997505415391885,0.0070633610886128052,0.0070633610886128044,-0.99997505415391852,2.129006714853207e-16,1.1957487371682895e-15,5.7429565815554812e-16
SEX_19E,704,634.8968586369726,raw,1191,3096.4415287557745,1747.9565042771683,1.771463718450045,2,1826.4325273577863,3050.8107618889953,0.23766392321784752,-0.20721749964150848,-0.97829489819906612,0.97829489819906623,-0.20721749964150843,3.7169456022549204e-16,3.7264967304329926e-16,5.7429565815554812e-16
SEX_19E,704,634.8968586369726,observable_rms,1191,44.386439645964984,20.363618480765236,2.1796931467701022,2,20.59645066857199,44.278879863114604,0.13314028143533721,-0.078301442819608547,-0.99692972874338925,0.99692972874338948,-0.078301442819608491,3.7994526239791529e-16,6.7421982139148918e-16,2.2205815703862231e-16
SEX_19W,164,133.52943477919487,raw,1191,3551.8331929144288,1520.8152964431781,2.3354796609564055,2,1565.5283859586964,3532.353191420957,-0.21417087624474554,-0.11573513507794442,0.99328011079880685,-0.99328011079880674,-0.11573513507794447,2.1212946183455338e-16,1.4376143182870935e-16,4.1366517324861407e-16
SEX_19W,164,133.52943477919487,observable_rms,1191,50.087715378357203,17.08436540610511,2.9317867060170886,2,17.250242727257938,50.030829485461531,-0.13002937467014045,0.050685780780962308,-0.99871464975068047,-0.99871464975068047,-0.050685780780962308,3.2674603971199113e-16,2.220673260343638e-16,7.7976929765627165e-16
SEX_20E,696,626.6882166369726,raw,1191,4033.4782581131985,2668.8708237378146,1.5113051640559434,2,4021.3594176797956,2687.096344813272,0.086974139098390704,-0.99464922671114664,-0.10330980496989714,0.10330980496989713,-0.99464922671114664,2.0456917564685306e-16,3.1435039330941458e-16,4.5817721892102918e-16
SEX_20E,696,626.6882166369726,observable_rms,1191,39.934098756771292,36.054015679215148,1.1076186107000829,2,38.46390659244576,37.618508473360045,0.099429133703390987,0.78043316082923997,0.62523921940172766,0.62523921940172777,-0.78043316082923986,2.9812567167810472e-16,1.8443726775237856e-16,3.5327080320384938e-16
SEX_20W,172,141.7373267791949,raw,1191,3916.7799503732217,2906.0527288289954,1.3478007165931578,2,3896.7201219067788,2932.896168279221,-0.089928517661160834,0.98857034309806369,-0.15076032882352414,0.15076032882352414,0.98857034309806369,3.4345566146013155e-16,6.2808068957985092e-16,2.2971826326221923e-16
SEX_20W,172,141.7373267791949,observable_rms,1191,41.11881962507919,32.16993832396868,1.2781752706825371,2,32.614747300942966,40.766904685337359,-0.10109909967135616,-0.20961381146427188,0.97778425536690894,-0.97778425536690883,-0.20961381146427194,2.3392717218186364e-16,3.6568162920135033e-16,5.1965320390371437e-16
SEX_21E,688,618.4839746369726,raw,1191,1798.8666124111094,1325.879373515334,1.3567347440074684,2,1538.5060531606784,1620.7641181704346,-0.29173970127052801,0.64193718748257766,-0.76675722841519889,-0.76675722841519889,-0.64193718748257778,5.0738592762637492e-16,5.7269627222939684e-16,4.2998752849492583e-16
SEX_21E,688,618.4839746369726,observable_rms,1191,24.196397536934771,17.054496105550495,1.4187694193474236,2,17.330923984913479,23.999178423620474,-0.12515903493072875,-0.17961991295986279,0.98373608598459528,0.98373608598459539,0.17961991295986279,3.6100801532033411e-16,3.33489376624696e-16,5.5772911000130108e-16
SEX_21W,180,149.9392687791949,raw,1191,1900.8185371176328,1320.2731768547083,1.4397160909123063,2,1370.371639197444,1865.0238451707128,0.18923065246617854,0.26848545274301072,0.96328373891879893,-0.96328373891879882,0.26848545274301078,2.882610537546477e-16,2.5571360006701059e-16,5.0611133419782491e-16
SEX_21W,180,149.9392687791949,observable_rms,1191,27.073105862153152,25.276394073004472,1.0710825992014261,2,25.582224049179967,26.784304565448871,0.050997208943590673,-0.40665566423582983,-0.91358150744469213,-0.91358150744469202,0.40665566423582988,2.7133839321198038e-16,2.0218935120045444e-16,8.3451558876417909e-16
SEX_22E,680,610.2825326369726,raw,1191,3112.1208946020438,1281.4028881218023,2.4286825973707535,2,3108.7182931818738,1289.6357617334827,-0.10278425734855304,0.99868331577706959,-0.051299461873567757,-0.05129946187356775,-0.9986833157770697,1.8033485019317846e-16,3.3348585890710547e-16,7.5401228079064598e-16
SEX_22E,680,610.2825326369726,observable_rms,1191,29.193715565368766,20.398733518730392,1.4311533379541777,2,29.110297891982402,20.517600111121041,-0.076682337180820875,0.99440897039774623,-0.10559734652203251,0.10559734652203252,0.99440897039774623,1.4999025706081663e-16,1.1480158544491249e-16,6.3565722078211463e-16
SEX_22W,188,158.1459607791949,raw,1191,1974.7531506589755,1033.7500948684301,1.9102809861510204,2,1971.652940373252,1039.6508776486226,0.090595943980761415,-0.99783682630439074,-0.065739395120282179,-0.065739395120282179,0.99783682630439108,3.9348344561845853e-16,5.5617657353599054e-16,3.1436329345419771e-16
SEX_22W,188,158.1459607791949,observable_rms,1191,22.774989557196346,18.708995247328165,1.2173283095172547,2,22.683422260408552,18.819909857673395,0.06129836186312447,-0.98758399358404569,-0.15709186998883012,-0.15709186998883015,0.98758399358404581,1.8563681289112986e-16,2.5050847213761745e-16,4.6363547741509204e-16
SEX_23E,672,602.0784906369726,raw,1191,2974.7786072130752,1382.4180460050072,2.1518661564132247,2,1473.1123364232681,2930.9260413955253,0.30461860043461231,-0.19320087069087133,-0.98115922436895486,-0.98115922436895509,0.19320087069087122,3.3490169021985634e-16,3.2583051834125263e-16,1.1775693440128312e-16
SEX_23E,672,602.0784906369726,observable_rms,1191,41.336041806979289,21.906403540486128,1.8869387542589748,2,22.092659379031463,41.236795097449757,0.10978104851893118,0.081665754088564968,0.9966597737488686,0.99665977374886872,-0.081665754088564968,1.7185309615216511e-16,2.4829348716763693e-16,4.5701980533538778e-16
SEX_23W,196,166.3497027791949,raw,1191,1437.551603448316,1076.8625505346374,1.3349443740378981,2,1082.1102095599972,1433.6056151141449,-0.064932231202548582,-0.11176903427781645,0.9937342114351323,0.99373421143513252,0.11176903427781644,2.6975326543489916e-16,4.6005493591379621e-16,7.9382887186313872e-16
SEX_23W,196,166.3497027791949,observable_rms,1191,24.620235655533488,12.870945702880624,1.9128536646707535,2,12.878768574135481,24.616144438850778,-0.029706123211634319,-0.021384491376586309,0.99977132561829585,-0.99977132561829596,-0.021384491376586295,1.5611444380891265e-16,1.1311344305567222e-16,9.1930524512885492e-16
SEX_24E,662,591.8725476369724,raw,1191,6324.0347556066617,2638.6911910983913,2.3966558788465866,2,6321.778616496923,2644.0918887405364,0.058051293131841077,0.99956802525138122,0.029389843399628204,0.029389843399628208,-0.99956802525138122,3.7897765000020099e-16,8.0061981291776941e-16,6.7880684969632282e-16
SEX_24E,662,591.8725476369724,observable_rms,1191,54.045830766308761,38.965468577169148,1.3870186280263437,2,53.931795806124711,39.123151276262384,0.062010647563112184,-0.995601034170709,-0.093694080699978574,0.09369408069997856,-0.99560103417070933,1.9465650469769574e-16,5.5989815980254843e-16,7.4501879840202778e-16
SEX_24W,206,176.5522957791949,raw,1191,3527.6311048589832,2880.8024261963601,1.224530732403144,2,3011.4334699270453,3416.7926900750963,-0.15665244483955712,-0.43091606521712389,0.90239201278479375,0.90239201278479386,0.43091606521712378,5.0037416335951644e-16,2.605120105474599e-16,1.1749496091904413e-15
SEX_24W,206,176.5522957791949,observable_rms,1191,48.423140145433173,35.343461815674601,1.3700734918942721,2,36.028030221344679,47.915987238396596,-0.13100198683487141,0.21117224297226028,-0.97744886505538731,-0.97744886505538719,-0.21117224297226034,3.3418261391496818e-16,1.5710523678716125e-16,3.4475201477728496e-16
SEX_25E,654,583.6690056369723,raw,1191,2462.8859109684468,1790.1136571245818,1.3758265578089179,2,1864.5992432822325,2406.9864099786992,-0.18705790540416656,0.30844735297421522,-0.95124141543732188,-0.95124141543732199,-0.30844735297421522,3.845351200920384e-16,3.3447589013057567e-16,9.9320759034309756e-16
SEX_25E,654,583.6690056369723,observable_rms,1191,35.527245148171325,23.802762493095312,1.4925681486960618,2,23.862510704454991,35.487141798132157,-0.052452904017107907,0.063985188132903548,-0.99795084833853254,0.99795084833853243,0.063985188132903575,2.4458155165690426e-16,4.9960193048227201e-16,5.5904946136859388e-16
SEX_25W,214,184.7580877791949,raw,1191,2172.3470554779637,1579.6786156634741,1.3751829226133858,2,1637.2063438257674,2129.3265709995981,0.17619018569282896,0.28848123969388356,0.95748554785160078,0.95748554785160067,-0.28848123969388356,3.8074289258628859e-16,2.2232724143421407e-16,4.5817721892102918e-16
SEX_25W,214,184.7580877791949,observable_rms,1191,31.134922201641643,29.753117753093399,1.0464423412704229,2,30.149855634276385,30.750895950589978,0.040854708093938166,0.53147976527504803,0.84707098823131699,-0.84707098823131699,0.53147976527504803,2.6046701386286821e-16,3.143658321347739e-16,6.500377141355412e-16
SEX_26E,646,575.4652636369723,raw,1191,2574.4123623711312,1005.5853731108499,2.5601131750822939,2,2571.9969919108157,1011.7472153386498,-0.10142600825046552,0.99889276251839787,-0.047045180288355179,0.047045180288355186,0.99889276251839765,3.5007937723158517e-16,3.1467010628250568e-16,4.0251612729152663e-16
SEX_26E,646,575.4652636369723,observable_rms,1191,20.8218660046326,13.916004262309903,1.4962532068940599,2,20.698090712176693,14.099443939886672,-0.11902037292976195,0.98923077089211675,-0.14636420983351392,0.14636420983351395,0.98923077089211664,3.1768821592460229e-16,5.0181016438521677e-16,6.8241472767872888e-16
SEX_26W,222,192.96452977919492,raw,1191,2631.7172053425516,791.68709658531748,3.3241885799245687,2,2630.49695353263,795.73216929520549,0.096033855219470832,0.99949018151058133,0.031927684913649543,0.03192768491364955,-0.99949018151058133,1.7825083366209524e-16,2.2242061814328038e-16,5.5649756069318718e-16
SEX_26W,222,192.96452977919492,observable_rms,1191,25.964555092855111,11.637923891622588,2.2310298069181709,2,25.927583870572356,11.720059228158554,0.10560790212521468,-0.99821777716321303,-0.059676371834537306,0.059676371834537306,-0.99821777716321303,1.7307599441933083e-16,4.061834517919609e-18,7.0968637762152872e-16
SEX_27E,636,567.0349216369722,raw,1191,1538.671371487369,1445.1879103083709,1.0646860249191061,2,1538.6189238471934,1445.2437485474898,-0.0030165180119977124,-0.9997106562291499,0.024054185121982371,0.024054185121982371,0.99971065622914979,6.2271450415724944e-16,2.4826362330009074e-16,7.2191179721014815e-16
SEX_27E,636,567.0349216369722,observable_rms,1191,23.313350046792724,17.70931086255948,1.316445920890188,2,17.712473489842569,23.310947310280667,0.012287873796816834,0.022074797519743262,0.99975632196773934,0.99975632196773956,-0.022074797519743256,4.1403828764922451e-16,3.1439831036922023e-16,1.4068083327079877e-15
SEX_27W,232,201.3942217791949,raw,1191,2345.414115576365,1785.7709540166263,1.3133902252699134,2,1833.4670005754222,2308.3206084847216,-0.14358963499002153,-0.27324790064380172,0.96194364948980005,-0.96194364948980005,-0.27324790064380167,2.6808906311806774e-16,3.340227414715084e-16,3.3823104336622004e-16
SEX_27W,232,201.3942217791949,observable_rms,1191,32.881934942405948,24.394207503061306,1.3479402820640716,2,24.47533666863994,32.821591981739083,-0.054428168596472384,-0.090307757060733879,0.99591390642698596,0.99591390642698585,0.090307757060733837,2.6727589568614597e-16,3.5366718685080179e-16,6.7539359437894939e-16
SEX_28E,628,558.829879636972,raw,1191,2249.376542677544,1519.998081766387,1.4798548561742575,2,2238.3761238349557,1536.151466349291,0.10617652246580041,-0.99098120035635173,-0.13400097216171342,0.13400097216171342,-0.99098120035635184,1.9542346184200924e-16,2.2261162977759697e-16,2.3551386880256624e-16
SEX_28E,628,558.829879636972,observable_rms,1191,32.459812392166278,27.001445803332825,1.2021509006810192,2,32.313752528542466,27.176072076903726,0.062174861958834891,-0.98531743474812483,-0.17073240108829579,0.17073240108829579,-0.98531743474812483,2.6326875181696224e-16,1.5705318573880628e-16,6.4736570491389375e-16
SEX_28W,240,209.59741377919488,raw,1191,4713.0438601852547,1906.2464714007992,2.4724210278652419,2,4710.8725086865443,1911.6061949730329,-0.068431010070100037,0.99944915590631633,-0.033187117352246186,0.033187117352246179,0.99944915590631644,1.8770235697664694e-16,2.2237960500453171e-16,1.1977891895403529e-15
SEX_28W,240,209.59741377919488,observable_rms,1191,45.616467642304713,31.732067232825081,1.437551083817098,2,45.537998490539287,31.844574176861041,-0.060237586756100379,0.99666425652679169,-0.081611027207706327,0.081611027207706327,0.99666425652679191,2.6453835189605909e-16,6.7555277954839882e-16,4.9689457520730056e-16
SEX_29E,618,550.4007376369719,raw,1191,1548.3643690482795,750.9119992934418,2.0619784615310279,2,1546.4377200850183,754.87179568414308,0.089423728265012964,0.99837271712552644,0.057025588110896121,-0.057025588110896121,0.99837271712552655,3.9248380082081621e-16,2.2209609824252983e-16,2.3551386880256624e-16
SEX_29E,618,550.4007376369719,observable_rms,1191,19.390403465953813,17.227273366326433,1.1255642755315869,2,17.248073559335257,19.371903693296996,0.022453652118283516,0.095148356481794816,0.99546310341409106,-0.99546310341409094,0.095148356481794816,2.0114500935426815e-16,1.1187445797724662e-16,4.4706755474968391e-16
SEX_29W,250,218.02560577919488,raw,1191,1790.8495638673498,1541.4634896036555,1.1617852618279121,2,1772.8796803390587,1562.0977847836018,0.080026368524469121,0.96069738931516269,0.27759777766226901,-0.27759777766226895,0.96069738931516302,1.8989834892899322e-16,5.4428423284380912e-16,1.3523902438598625e-15
SEX_29W,250,218.02560577919488,observable_rms,1191,27.957591393503623,24.81160578931679,1.1267949213323956,2,24.811726916745233,27.957483895719701,0.0014400245074124647,0.0060172160283662466,0.99998189639176371,-0.99998189639176394,0.0060172160283662457,2.0339237954641189e-16,4.4409803722883726e-16,8.0060166574083114e-16
SEX_30E,608,541.1159956369719,raw,1191,2460.9266500830768,2194.2787915186113,1.1215195897600252,2,2314.8211397154769,2347.897460095699,-0.11331102744221994,-0.66172307283186127,0.74974834103314913,0.74974834103314913,0.66172307283186127,1.8949320331017609e-16,3.7250142711194132e-17,1.2749828114763141e-15
SEX_30E,608,541.1159956369719,observable_rms,1191,33.293400985976291,23.032369854182654,1.4455047915935686,2,23.413094646980767,33.026771101099015,-0.1287223344503757,0.17491544537179055,-0.9845834586109945,0.98458345861099439,0.17491544537179063,3.6802695071030825e-16,5.1347815464388191e-16,4.0510900432611633e-16
SEX_30W,260,227.30979777919487,raw,1191,3732.3103795394495,1546.0506986447015,2.4140931360215201,2,3731.5423477516069,1547.9034979397481,0.044517564567229315,0.99975159212238396,0.022287979916507165,0.022287979916507165,-0.99975159212238385,2.8421427835129763e-16,2.2211008910497386e-16,4.9892529031113489e-16
SEX_30W,260,227.30979777919487,observable_rms,1191,29.360607839548109,23.273684415968241,1.2615367345706374,2,29.279524140378225,23.375610047971499,0.05660095589412819,-0.99255178421966606,-0.12182346096855656,0.12182346096855659,-0.99255178421966606,4.3752758368995602e-16,4.4573480167860219e-17,8.953055583732112e-16
SEX_31E,600,532.6872536369718,raw,1191,2386.1360541711356,1916.7262373830872,1.2449018579872602,2,1985.3832013083927,2329.321420940134,-0.1481401451134795,-0.36419771154777902,0.93132165598323791,-0.93132165598323768,-0.36419771154777902,3.9329564465640349e-16,7.1100871997897215e-16,8.5997505698985167e-16
SEX_31E,600,532.6872536369718,observable_rms,1191,32.45504163499767,30.677467648574801,1.0579439609157391,2,31.244940941541589,31.909096107824244,-0.052201482315341441,-0.55957237395085901,0.82878149008710378,-0.82878149008710367,-0.55957237395085913,3.3452539573904994e-16,3.1928598223116448e-16,7.8719373608894359e-16
SEX_31W,268,235.74123977919484,raw,1191,1449.1264990027209,1365.5821578055129,1.0611785535712208,2,1395.7618597545895,1420.0813605857425,0.056748263986635315,-0.59530905353784158,-0.80349681441551424,0.80349681441551413,-0.59530905353784158,1.9057618120462056e-16,1.3141241871691449e-16,3.5108334685767012e-16
SEX_31W,268,235.74123977919484,observable_rms,1191,20.723177343598326,17.665268891350294,1.1731028534609695,2,17.70526233708522,20.689018579742427,0.034966553277133904,-0.10977481050024609,-0.99395648344363396,-0.99395648344363396,0.10977481050024607,2.6839620731887322e-16,1.1522803168843919e-16,4.9846668589812327e-16
SEX_32E,592,524.4857116369717,raw,1191,2994.038112308609,2177.6353761482656,1.3749033217876776,2,2984.0058704451908,2191.3623649587366,0.076405724862022628,0.99287242077745352,0.11918202909633188,0.11918202909633185,-0.99287242077745363,4.0480150667651803e-16,4.6172099083030801e-16,8.0155488236775268e-16
SEX_32E,592,524.4857116369717,observable_rms,1191,35.969398776768671,33.035621672229745,1.0888064748303226,2,33.293048992949373,35.731258533474232,0.047292953387569427,0.29041835628870799,0.95689977444378416,-0.95689977444378405,0.2904183562887081,1.8164136082198878e-16,3.176816060159691e-16,5.3280585000793538e-16
SEX_32W,276,243.94043177919482,raw,1191,3200.0984411107675,1715.7905725259147,1.8650868540440324,2,1755.1426410853117,3178.6855193636948,-0.17725831079515397,-0.13681820306748099,0.99059617367996411,-0.99059617367996433,-0.13681820306748094,3.6250097938199192e-16,4.6249367432921015e-16,1.240826372820423e-15
SEX_32W,276,243.94043177919482,observable_rms,1191,45.949559208135128,22.632280304308662,2.0302664420158933,2,22.722156805420234,45.905181551809683,-0.077305604262315322,-0.050488151530476783,0.99872466003150007,-0.99872466003150018,-0.050488151530476755,4.1739649464196915e-16,2.2711540591958795e-16,7.1452523236042375e-16
SEX_33E,584,516.0533696369716,raw,1191,7528.3420452252385,2860.0521863166782,2.632239398023231,2,3073.757554812677,7443.644735785886,0.33823521246358085,-0.16170423960328373,-0.98683926700062163,-0.98683926700062163,0.16170423960328373,2.3770003388548611e-16,6.2825468414444707e-16,3.602883265548576e-16
SEX_33E,584,516.0533696369716,observable_rms,1191,98.98829738951504,35.347646043373167,2.8004212011190761,2,35.99002487058592,98.7565552796232,0.17563187010303735,0.073213580978920723,0.99731628461599053,-0.99731628461599064,0.073213580978920556,4.2575788500997069e-16,8.3664872216758982e-16,8.0059532281659156e-16
SEX_33W,284,252.37312377919483,raw,1191,2703.9227577154152,1534.8174920748838,1.7617226619303414,2,2698.9231920006405,1543.592114955065,-0.087581562944017949,0.99727084952238398,-0.073829890240348889,0.073829890240348889,0.99727084952238421,2.3780195290261275e-16,5.6681834475064759e-16,7.0769914655727877e-16
SEX_33W,284,252.37312377919483,observable_rms,1191,35.934748354932886,29.729454902738023,1.2087254365240099,2,29.784269182350481,35.889329018798513,-0.033970593861011339,0.089476691517701018,-0.99598891644186782,0.99598891644186782,0.089476691517701032,1.6577869161269526e-16,3.146265156404795e-16,1.3597399555105182e-16
SEX_34E,578,510.1048696369717,raw,1191,7146.4240302757062,3229.6640712432049,2.2127453111632165,2,7144.6015864280462,3233.6936473313544,0.044516702533617197,0.99967952323564369,0.025315031569331729,0.025315031569331729,-0.99967952323564369,1.5422260117719338e-16,2.2204868002589749e-16,5.582252815860768e-16
SEX_34E,578,510.1048696369717,observable_rms,1191,61.02324570621176,52.439603426220735,1.1636862546465989,2,60.922875816396392,52.556176861335118,0.033884254294565389,-0.9936964222342175,-0.11210450677343638,0.11210450677343636,-0.99369642223421772,2.314064525978361e-16,3.1910580252641085e-16,7.8504622934188758e-17
SEX_34W,292,258.3156237791949,raw,1191,5350.4086423837598,2375.5614322577562,2.2522712188077074,2,2461.3727869413424,5311.4789618928153,-0.23410792569252009,-0.13438432873889483,0.99092928717915918,-0.99092928717915918,-0.13438432873889472,2.7879858549217966e-16,2.1360183414821706e-16,5.4848543813337691e-16
SEX_34W,292,258.3156237791949,observable_rms,1191,74.776437178838336,35.987635206816606,2.0778369222958708,2,36.414055514721682,74.569712389886774,-0.13364366708640357,0.084769701364964922,-0.9964005709203978,-0.99640057092039791,-0.084769701364964922,6.3547035931868784e-16,2.2233826125245814e-16,1.1272239287037194e-15
SEX_35E,572,502.1864176369717,raw,1191,3618.250216359248,2027.1515273307734,1.7848938116251891,2,2027.4219663368308,3618.0986876200782,0.013528578740886504,-0.011048702212654068,-0.99993896122684212,-0.99993896122684223,0.011048702212654062,2.8085754469871508e-16,2.2237512253784261e-16,7.025137484635481e-16
SEX_35E,572,502.1864176369717,observable_rms,1191,52.733444414192377,27.042392296049101,1.9500288227789944,2,27.057387128190729,52.725752177407131,0.028575943300822616,0.019894907414634053,0.99980207674267363,-0.99980207674267385,0.019894907414634046,3.1997302716551691e-16,4.5807322704307616e-16,1.1102663918650562e-15
SEX_35W,298,266.2425757791949,raw,1191,2477.1987026100051,1733.5162645020077,1.4290022847415493,2,1733.557713361176,2477.1696966400286,0.0049397560427946975,0.0067743270569249007,0.99997705398320302,0.99997705398320336,-0.0067743270569248981,9.6386074123127403e-17,6.7535272270254982e-16,7.8506785087708647e-16
SEX_35W,298,266.2425757791949,observable_rms,1191,37.337183907544279,29.160860768583941,1.2803868926862745,2,29.173435292938485,37.327359618907586,-0.018326656000367869,-0.036730285384420518,0.99932521540066177,0.99932521540066155,0.036730285384420532,1.9576804668164687e-16,4.4527050698194434e-16,6.2803967871006067e-16
SEX_36E,560,491.21360463697175,raw,1191,2239.032705540953,1491.7599952635308,1.5009336036963579,2,2227.0516420132913,1509.5881305033481,-0.11377695131010687,-0.99035702445967644,0.1385386736740857,-0.1385386736740857,-0.99035702445967666,5.2137222498679755e-16,1.2421043049287629e-15,4.7102773760513248e-16
SEX_36E,560,491.21360463697175,observable_rms,1191,22.855390906246893,19.367449351943495,1.1800929740886807,2,19.505851003789989,22.737386931998024,-0.062297096903794737,0.19113403230662634,-0.98156394681865211,0.98156394681865222,0.19113403230662623,2.5811978795516405e-16,3.7233855650550935e-16,3.5558023124046426e-16
SEX_36W,310,277.21423877919494,raw,1191,2048.7838549564867,1335.8290386271524,1.5337171117810455,2,2034.2412807793182,1357.8722017712951,0.13533985689596834,-0.98762004799910907,-0.15686504005111387,-0.15686504005111387,0.98762004799910896,2.5925518166959568e-16,2.4900234249485606e-16,9.9538668862408123e-16
SEX_36W,310,277.21423877919494,observable_rms,1191,21.327510997257736,18.705098297097717,1.1401977502875198,2,19.097401884811802,20.976955663113369,0.091272985581285868,-0.37584946230155525,-0.92668073341773516,-0.92668073341773538,0.37584946230155519,4.4125925406794598e-16,2.9753451976481828e-16,5.6408128929887064e-16
SEX_37E,552,483.1982626369717,raw,1191,1943.054084290367,1164.0943532691645,1.6691551495234251,2,1894.7376820995967,1241.1865104900542,-0.27373629486343354,0.96093059808658365,-0.27678942476359247,-0.27678942476359247,-0.96093059808658376,2.8274721038918124e-16,2.2238279829284166e-16,9.255558542105616e-16
SEX_37E,552,483.1982626369717,observable_rms,1191,25.76147368018599,22.456146172600508,1.1471903274132773,2,25.387591418173471,22.877985686768859,-0.089166237189445094,-0.93808741553778452,0.34639861548458817,-0.34639861548458828,-0.93808741553778452,4.0591552953216729e-16,5.8023318807504073e-16,5.1028004907222687e-16
SEX_37W,318,285.229430779195,raw,1191,2227.7360912012073,1621.9143838716332,1.373522618304569,2,2054.8584281384401,1836.0204794496588,0.28774830597830342,0.82616390613783997,0.56342985383725108,-0.56342985383725108,0.82616390613784019,2.016378289334357e-16,4.3415857341385991e-16,5.44249965959353e-16
SEX_37W,318,285.229430779195,observable_rms,1191,31.365540912188084,23.705064810099906,1.3231577792955165,2,24.11696287186836,31.049949375193904,0.11885837583180271,0.21608322835472976,0.9763749476629342,0.97637494766293431,-0.21608322835472965,3.3640926185483806e-16,2.950494179824581e-16,7.0423791065521176e-16
SEX_38E,544,474.9962206369717,raw,1191,2357.3478518238171,1906.3937659358166,1.2365482378015618,2,1926.3785380599486,2341.0450259231084,0.083385156531749716,-0.19959263314568682,-0.97987896231829119,-0.97987896231829119,0.19959263314568682,3.6598955098420361e-16,2.4841409788850382e-16,8.0059320849734419e-16
SEX_38E,544,474.9962206369717,observable_rms,1191,36.972721784793478,29.617203340291223,1.2483529035469669,2,29.694602968314211,36.910587159107685,0.04306035637692196,-0.096811980412812609,-0.99530268785357412,-0.99530268785357423,0.096811980412812609,2.2220558403190588e-16,2.234485993949052e-16,2.3988158666234654e-16
SEX_38W,326,293.43187277919503,raw,1191,4387.2275233264409,2441.5255423235672,1.7969205921766336,2,4385.0584332863518,2445.4191566918926,0.046855885644514331,0.99928369463030942,0.037843066022698081,-0.037843066022698088,0.99928369463030919,3.8692983843150489e-16,7.0261773744820456e-16,9.686656125337893e-16
SEX_38W,326,293.43187277919503,observable_rms,1191,41.985900023310187,39.26113625099574,1.0694010421627913,2,41.723210234308425,39.54018649716199,0.040136788471287571,0.9490364620639109,0.31516629526841061,-0.31516629526841056,0.94903646206391101,2.0876340384381022e-16,2.7673298634493499e-16,5.043005543882879e-16
SEX_39E,534,466.5631786369717,raw,1191,2177.4382355746225,1463.8872440570701,1.4874357601067629,2,1558.8572299955545,2110.4898174466321,0.24758435541696472,-0.33239283052895219,-0.94314103198458676,0.94314103198458688,-0.33239283052895202,2.4628564226984796e-16,3.5407579647383829e-16,4.8552427868542026e-16
SEX_39E,534,466.5631786369717,observable_rms,1191,33.681697740477361,17.725900936776345,1.9001402445275517,2,17.885340199981957,33.597305437076287,0.1131759404439166,-0.083199034614019507,-0.99653295010215059,-0.99653295010215059,0.083199034614019451,2.4078110108767924e-16,3.2342435151615402e-16,0
SEX_39W,334,301.861314779195,raw,1191,4645.4079253886812,1575.4864744391707,2.9485546215446354,2,1718.6800934672501,4594.356446851305,-0.37538259720188394,-0.15716092056391695,0.98757300745185517,-0.98757300745185506,-0.15716092056391717,3.8371752747305902e-16,5.3246061599782381e-16,5.7533584398975668e-16
SEX_39W,334,301.861314779195,observable_rms,1191,62.745865742216083,19.558027865589786,3.2081898120520926,2,19.99898747969587,62.606713869347594,-0.1983832247549884,-0.070051952419830421,0.99754334440272308,0.99754334440272341,0.07005195241983031,5.0727098901275495e-16,6.9306124546013895e-16,8.2011517688658135e-16
SEX_40E,526,458.35913663697164,raw,1191,3553.0069162143732,2178.8471221996351,1.6306820611753006,2,2226.6453352083868,3523.2489948596503,0.16195355983187859,-0.16350719986782675,-0.98654214080868463,-0.98654214080868463,0.16350719986782672,3.5464759050928283e-16,4.8942626378215851e-17,1.6022685841856182e-15
SEX_40E,526,458.35913663697164,observable_rms,1191,49.029671260600111,24.136701616431591,2.0313326998756982,2,24.450214825565837,48.874083355361755,0.13880229931138266,0.091452055821694467,0.99580948051622098,0.99580948051622087,-0.091452055821694467,3.5641773430205378e-16,2.2244715170741396e-16,6.3785006134028359e-17
SEX_40W,342,310.0672567791951,raw,1191,4194.8675416973065,2917.340552869246,1.4379080760974561,2,4182.4110633797345,2935.1707430266893,-0.078862034506749737,0.9942410135994294,-0.10716719123303996,0.10716719123303994,0.99424101359942973,3.2746867951653137e-16,5.020741207601685e-16,9.4389363398294804e-16
SEX_40W,342,310.0672567791951,observable_rms,1191,42.303028501583185,34.806119278836178,1.2153905513765648,2,35.208297858716982,41.968892307877219,-0.084213401699884421,0.22070345367184907,-0.9753409586074594,0.97534095860745895,0.22070345367184907,4.3239396332217917e-16,1.0136970009390867e-15,1.7663540160192469e-16
SEX_41E,518,450.1557946369716,raw,1191,2317.2918557815915,1506.2372607647221,1.5384640362734714,2,1533.1115450704931,2299.6002306834271,-0.14086195481923808,0.16229363226609178,-0.98674250791474405,-0.98674250791474416,-0.16229363226609175,3.8401177697407312e-16,4.9856863685466128e-16,1.4918541208369519e-15
SEX_41E,518,450.1557946369716,observable_rms,1191,32.718752862812735,20.258822262828907,1.615037263190044,2,20.296325775595932,32.695501653676921,-0.047693201057500807,0.048001534360678888,-0.99884726194700069,-0.99884726194700046,-0.048001534360678916,4.2354412737439887e-16,9.4994955200038586e-16,7.1280038822496277e-16
SEX_41W,350,318.27219977919515,raw,1191,2329.3157090208656,1430.072566762221,1.6288094486663642,2,1435.2235152566916,2326.1454554157808,0.06676041260081482,0.06607409113429058,0.99781471951498957,0.99781471951498923,-0.066074091134290622,2.0849552452822053e-16,8.9986237388165256e-16,2.324270529436321e-16
SEX_41W,350,318.27219977919515,observable_rms,1191,32.734643434587653,28.974431869802256,1.1297768867973685,2,28.98768718928919,32.722905958721405,0.01405278060354832,-0.057542213953827831,-0.99834307410493506,0.99834307410493495,-0.057542213953827831,1.5686542823675113e-16,3.3315037459902085e-16,8.959506687427606e-16
SEX_42E,510,441.9541526369716,raw,1191,2835.1155171729479,1505.4232212324525,1.8832680917808013,2,2825.012798553752,1524.2971359771798,-0.13274784061655431,-0.99503385409200817,0.099537074554180691,-0.099537074554180677,-0.99503385409200817,2.7916862321243006e-16,4.9707600271719797e-16,6.283435673255384e-16
SEX_42E,510,441.9541526369716,observable_rms,1191,28.329553078072344,25.056320619606719,1.1306350005716441,2,27.721323851293754,25.727630760090193,-0.097092338057866337,0.89716489068639482,-0.44169577643403979,0.44169577643403984,0.89716489068639482,2.4233713981186257e-16,7.4270052076544261e-17,5.222180388738334e-16
SEX_42W,358,326.47714177919516,raw,1191,2483.4655667696729,1462.4169564180106,1.6981925406913911,2,2473.8138367855145,1478.6851174871767,0.11931159360147618,-0.99404443238168394,-0.10897553143240675,-0.10897553143240678,0.99404443238168383,3.7004262483949951e-16,6.5021498937999246e-16,2.5133742693021536e-16
SEX_42W,358,326.47714177919516,observable_rms,1191,27.461147181907535,24.951254064082065,1.1005918624923354,2,27.071477937954356,25.373505200732723,0.0704808725307009,-0.91567803291717376,-0.40191260248085647,-0.40191260248085647,0.91567803291717398,2.5322350175221889e-16,4.1443728256344959e-16,2.2971826326221923e-16
SEX_43E,502,433.7467106369716,raw,1191,1967.9828173605449,1422.0777445700855,1.3838785009292824,2,1517.1047322902064,1895.6937285043036,-0.23035064339087774,0.38848518620962791,-0.92145496910900138,-0.92145496910900138,-0.38848518620962802,2.0092042504599039e-16,1.22729819366784e-16,8.2429854080898186e-16
SEX_43E,502,433.7467106369716,observable_rms,1191,32.93401645931403,22.772394466963238,1.4462254510430441,2,22.883299021519047,32.857054277477317,-0.070885581516927962,-0.094577549215928786,0.99551749717637239,0.99551749717637239,0.094577549215928813,3.6273395471625241e-16,4.2205209239897462e-17,1.5135777954809332e-15
SEX_43W,366,334.6770837791952,raw,1191,1826.4087375668123,1389.2400353696546,1.3146819059823842,2,1541.4113222416559,1699.9434955902234,0.24968376487898861,0.56323495521367384,0.82629679003700052,-0.82629679003700041,0.56323495521367395,1.7293287780820283e-16,3.220484764647947e-16,3.2144383882161314e-16
SEX_43W,366,334.6770837791952,observable_rms,1191,30.743623293926866,18.200893253182109,1.6891271689949547,2,18.323820477601899,30.670515019432433,0.09307529436793037,0.085520334174839285,0.99633642533163669,0.99633642533163658,-0.085520334174839285,1.8596556916377806e-16,2.2213646159391825e-16,4.5701980533538778e-16
SEX_44E,492,422.74312263697163,raw,1191,3699.1562896474379,1762.5435613364189,2.0987602070059563,2,1792.66098469856,3684.6551609053263,0.16029578278064252,-0.10061341672646301,-0.99492559539627234,0.99492559539627246,-0.10061341672646296,3.4394016635254387e-16,2.6289552981491855e-16,5.3166515322903488e-16
SEX_44E,492,422.74312263697163,observable_rms,1191,52.914380448571762,28.507277179076031,1.8561709740350167,2,28.611048895311946,52.858342686192216,0.071657122896507913,-0.054613391380413073,-0.9985075750748863,0.99850757507488663,-0.054613391380413046,2.2680712151741666e-16,4.6238106322492022e-16,4.5904336400853077e-16
SEX_44W,376,345.6822707791953,raw,1191,3211.4451274644771,1863.3944324681686,1.7234381897399689,2,1877.1485079683293,3203.4250571382158,-0.098286733437920659,-0.086719897061989348,0.99623273357863429,0.99623273357863418,0.086719897061989404,1.9924218636460143e-16,2.6267113155580733e-16,4.9689457520730056e-16
SEX_44W,376,345.6822707791953,observable_rms,1191,47.24125682708798,21.587989431681493,2.1883120230621844,2,21.650087532096506,47.21283029175266,-0.067310070417854306,-0.038995499881429529,0.99923938622784336,-0.99923938622784325,-0.038995499881429557,3.0802897756904464e-16,6.4906338110620439e-16,3.3415835625781711e-16
SEX_45E,480,416.40351263697164,raw,1191,4836.9913044167888,3549.2569353651752,1.3628180186732866,2,4810.3864615434513,3585.2324559002991,0.09538090228416253,0.98804499470146467,0.15416578234284845,0.15416578234284845,-0.98804499470146467,2.2288990015173229e-16,1.5701042916296339e-16,9.7441442034839942e-16
SEX_45E,480,416.40351263697164,observable_rms,1191,51.255490587574485,44.289089750958567,1.1572938363779568,2,45.299047405411628,50.365117794994482,0.099985669523713197,0.36869697741676616,0.92954964302276,0.92954964302276011,-0.36869697741676621,2.6873161836635474e-16,2.4851787410507831e-16,5.7454711944972126e-16
SEX_45W,388,352.0234807791954,raw,1191,4081.658591901371,3592.8944650225558,1.1360363160223652,2,3851.9548186397788,3838.1338659288317,-0.12680801709204778,-0.71705459650100722,0.69701700527087407,0.69701700527087418,0.71705459650100734,2.1259564378008734e-16,2.2417985123921317e-16,7.2057665310971521e-16
SEX_45W,388,352.0234807791954,observable_rms,1191,53.766163018246246,36.88495089100747,1.4576720781633032,2,37.38699979272149,53.418275285109168,-0.11814264101018046,-0.15609789254969092,0.98774158965872516,-0.98774158965872494,-0.15609789254969106,3.9455013203638649e-16,3.3826454144016455e-16,1.7663540160192469e-16
