sextupole,observable_family,observation_count,norm_k2_x,norm_k2_y,cosine_x_y,singular_max,singular_min,condition_number
SEX_08E,alpha,198,388.5663511423947,969.5423848396321,0.13892226882556535,971.3232097308808,384.09304534023465,2.5288747648905487
SEX_08E,beta,198,2431.577077684861,2223.2863187172534,0.05945185747192119,2451.4142395433964,2201.3944139752953,1.1135733896574278
SEX_08E,coupling,396,0.5893684323071054,1176.3227962079395,0.6509480654320577,1176.3228587698445,0.4474026765956183,2629.226243617348
SEX_08E,orbit,198,0.22998876430742096,0.1794680486128975,-0.0019038668595472413,0.22998941329977143,0.17946721692443635,1.2815121181525158
SEX_08E,phase,198,15.360662395001825,1.2386879355370288,0.7621344152649281,15.389723844469364,0.8004355101064046,19.22668803439712
SEX_08E,tune,3,0.5577705854081164,0.00044633715480062766,-0.7009356022244705,0.5577706731479536,0.0003183385734304024,1752.13034077976
SEX_08W,alpha,198,445.57354481028545,913.8956859963666,-0.11759459545046223,915.8530206229237,441.5363556191489,2.0742414729103325
SEX_08W,beta,198,2692.5654222024705,2091.9426500249947,-0.05393621133444691,2698.458037175524,2084.3360634592455,1.2946367356409205
SEX_08W,coupling,396,2.0102589423639685,1107.5097881391505,-0.9807249884138133,1107.5115429108807,0.3927902768175463,2819.600199587749
SEX_08W,orbit,198,0.2310777318706649,0.18104777738383965,0.002051921875465837,0.23107850520675685,0.1810467903430771,1.2763468756826424
SEX_08W,phase,198,18.183285301071358,1.879021185012668,0.7995647864862968,18.24548535450327,1.1246551171318422,16.223182624228766
SEX_08W,tune,3,0.5901290526826259,0.001101125795284858,0.8921629730136023,0.5901298703662108,0.0004973928726374297,1186.446173297664
SEX_09E,alpha,198,448.76718600684876,995.7605233646215,0.43611988095967985,1018.3281859961719,394.89076050679694,2.578759211001201
SEX_09E,beta,198,1779.7120589237663,2189.6945735470067,0.27499157084239945,2307.9488393366987,1623.4252348365985,1.421653914089243
SEX_09E,coupling,396,1.0433840080976986,1032.072101283973,-0.5140194655206707,1032.0722406342213,0.8949922692376289,1153.1633021962969
SEX_09E,orbit,198,0.12627787266157414,0.22137280138958587,0.0037103929679553876,0.22137353638252463,0.12627658416547707,1.7530846106228952
SEX_09E,phase,198,7.414556229546537,0.3259813047456492,0.28293409465498903,7.4151308707929555,0.3126372677150624,23.718000496188782
SEX_09E,tune,3,0.6853334007082261,0.001624665582689522,-0.5866325085004468,0.6853340634276648,0.0013157394434576467,520.873693370982
SEX_09W,alpha,198,622.5806255202708,1637.350811639043,-0.4495213793193035,1664.0580314590138,547.2067101059677,3.041004433474081
SEX_09W,beta,198,2048.107546176672,3655.217428072804,-0.3559771693640276,3752.2147031262652,1864.4687685332963,2.012484610336479
SEX_09W,coupling,396,4.47524088395189,1460.8834213239152,-0.8340459054774302,1460.8881896694413,2.468960181928493,591.7018023872497
SEX_09W,orbit,198,0.12825285197566064,0.22280450547575095,-0.0036299332496626305,0.22280523287551574,0.12825158830779396,1.7372512560296742
SEX_09W,phase,198,12.156193223688504,2.1713865919458697,-0.08840438053160077,12.157758292785887,2.162606463859888,5.621807987703106
SEX_09W,tune,3,0.7553446235532485,0.002488477465662233,0.9844922641907247,0.7553485965289188,0.0004365463185518648,1730.2828232170239
SEX_10E,alpha,198,513.3304211252371,1170.2032380977466,0.4674974640146694,1198.5834898204466,443.0365195296029,2.7053830485420276
SEX_10E,beta,198,3468.713492103953,2604.2439983106365,0.0875326720096219,3485.467239352329,2581.7781113880837,1.3500258693720122
SEX_10E,coupling,396,5.8062155674772455,1138.3956822715247,0.7818277374968123,1138.4047330907335,3.620114678058367,314.4664836146329
SEX_10E,orbit,198,0.2827802487197713,0.2027393068089381,-0.0010792238537027546,0.2827804228996206,0.20273906386312485,1.394799884695798
SEX_10E,phase,198,15.361732355258999,0.2339896186944088,0.45657723537273326,15.362103912736604,0.20817173331335645,73.79534035782062
SEX_10E,tune,3,0.6754762233822967,0.002062206939261177,0.10185154989679848,0.6754762560383507,0.002051482557385518,329.2624904884405
SEX_10W,alpha,198,431.87791596452905,1369.7750557762063,-0.5405172632077332,1390.9592389336601,357.81927470395806,3.887323398339765
SEX_10W,beta,198,2749.027207949754,3011.1183831116405,-0.10704186963512585,3078.308777094624,2673.574307929944,1.1513832878944934
SEX_10W,coupling,396,7.600876589938893,1268.9105755271848,-0.8535757462320277,1268.9271619172127,3.959767467238788,320.45496924142793
SEX_10W,orbit,198,0.2835789111643666,0.21560445743962003,0.0005494464926907286,0.28357896980571023,0.21560438031017076,1.315274621961532
SEX_10W,phase,198,14.274584345483577,1.652481023050037,-0.6141033289119604,14.310911553404765,1.3008698161197152,11.001032829012749
SEX_10W,tune,3,0.6235271802369694,0.002224350079412328,0.4848805801790729,0.6235281130495145,0.001945370004354743,320.5190332192521
SEX_11E,alpha,198,255.03517264639044,702.0284132620512,-0.25626478234878103,705.4852706819656,245.31075224050247,2.875884013393381
SEX_11E,beta,198,1424.2266930304252,1511.206612664685,-0.1756255699839426,1598.4549681675305,1325.5598115673208,1.2058716281369022
SEX_11E,coupling,396,5.278238609574497,740.4802578041816,0.25569513227305446,740.4814877889769,5.102768110559844,145.1136856986699
SEX_11E,orbit,198,0.016448531076453894,0.04490839973510101,0.06864931649057954,0.04492477856097977,0.016403743858876312,2.7386905664629904
SEX_11E,phase,198,8.134970035103464,0.5831189649349245,0.33003214458780394,8.1372565375592,0.5502919600067804,14.787162322813034
SEX_11E,tune,3,0.669848157131268,0.0009775768826924258,-0.9990477893988312,0.6698488691112461,4.265093469035273e-05,15705.37372684496
SEX_11W,alpha,198,262.8044878700883,776.3651667309092,0.24543618139661247,779.3594269562185,253.78722302796606,3.070916721722973
SEX_11W,beta,198,1612.0944060987613,1662.9483708215828,0.15534934964053448,1762.6207710124936,1502.4691929581772,1.1731493592504947
SEX_11W,coupling,396,6.956819771954276,808.7788325940393,-0.8672579502089027,808.8013366207349,3.463419412835599,233.52682427755593
SEX_11W,orbit,198,0.01249603467217514,0.03760369769884253,-0.10627708049510276,0.0376300093264697,0.01241657606765817,3.030626891135127
SEX_11W,phase,198,15.299767329745801,0.5447057408385189,0.13352422898898483,15.299940418068966,0.539822092914945,28.34256066744501
SEX_11W,tune,3,0.7746962053408802,0.0015058309733193295,0.6600146633634226,0.77469684286841,0.0011312586784501925,684.8096351664971
SEX_12E,alpha,198,400.42114172517165,529.9524838535585,-0.5704438596737175,596.4997259731878,292.18966921668897,2.041481232284162
SEX_12E,beta,198,2442.065843605379,1107.5099530888613,-0.1594606206674233,2450.026579571386,1089.7860524381276,2.2481720830341474
SEX_12E,coupling,396,2.9576693570026484,763.0555391089031,0.5126181888397736,763.05704538819,2.539499212405939,300.47540147305835
SEX_12E,orbit,198,0.13225299551491615,0.1095501773706205,-0.00029601814975130895,0.13225300818257385,0.10955016207775731,1.2072369923898638
SEX_12E,phase,198,12.42030686154994,0.47453638490299527,-0.7563950102803947,12.425495512134638,0.3102718059755086,40.04713052501925
SEX_12E,tune,3,0.4633211346439039,0.001966453307319872,-0.9654911340476169,0.4633250246515785,0.0005121307826601034,904.7005966815378
SEX_12W,alpha,198,312.26277683206484,528.8729304448442,0.5192784353596828,560.1079561222365,251.97955441019357,2.222830965128407
SEX_12W,beta,198,2108.017004890466,1104.859459247487,0.1511396025064301,2117.0106526023183,1087.5274775215228,1.9466272773419846
SEX_12W,coupling,396,2.4121661517673267,846.5195798437761,-0.9483229949778181,846.5226705630457,0.7653935171674673,1105.99665606761
SEX_12W,orbit,198,0.14730398064717862,0.12642267799806017,0.0007519240166071674,0.14730409708790598,0.126422542324628,1.165172716663602
SEX_12W,phase,198,16.022640463054362,0.33596329772861755,0.9118385821045368,16.025568981758273,0.13790415742358147,116.20801925887345
SEX_12W,tune,3,0.5034190772056748,0.0018831629541630627,0.8040271283981232,0.5034213541830238,0.0011197097193101557,449.5998788803742
SEX_13E,alpha,198,401.9916856097222,740.3888734861939,-0.3982681488962092,762.6452954293376,357.9736759050857,2.130450775468607
SEX_13E,beta,198,1553.9389083791787,1603.1057264652634,-0.30249118084797266,1802.738920622262,1317.1205279981305,1.3686970040336512
SEX_13E,coupling,396,3.9880625446965747,780.108169269774,0.9673418478112934,780.1177081440782,1.01086316067185,771.7342351516585
SEX_13E,orbit,198,0.0923856194764608,0.2180776330653898,-0.010571993210080243,0.2180802985130057,0.09237932739488057,2.360704550064641
SEX_13E,phase,198,8.117965196106336,0.37270171977247285,-0.5208531462877153,8.120289437471572,0.31806437839339335,25.53033281654731
SEX_13E,tune,3,0.6489549690876293,0.0020381570478318384,-0.5163494255049553,0.6489558224254308,0.0017454305515153662,371.8027175942426
SEX_13W,alpha,198,550.9750515279314,688.691912927425,0.38668284427564076,747.4533763977518,468.1703839943783,1.5965413489434372
SEX_13W,beta,198,1973.3663859024873,1436.236825179982,0.3315562767321602,2071.3651479406717,1290.8902102462619,1.604602104423365
SEX_13W,coupling,396,9.94855994055543,1042.643101027412,-0.5318266824647925,1042.6565262216589,8.424861561622036,123.75948478148246
SEX_13W,orbit,198,0.09318439048931008,0.2215712263139513,0.012001597561512504,0.22157465505075766,0.0931762373154776,2.37801677159968
SEX_13W,phase,198,7.531042922295856,0.5878121282158245,0.11799489662567372,7.531364233390806,0.5836808884500503,12.903222261380105
SEX_13W,tune,3,0.8067058040985825,0.0012279384944274992,0.4593795420508532,0.8067060013190994,0.0010907039175244767,739.6196056121674
SEX_14E,alpha,198,562.414951936897,1410.493423193486,0.351650252960341,1426.455364074623,520.6028902503284,2.7400066169220105
SEX_14E,beta,198,3325.544814014139,3044.7190827335808,0.065929440965504,3358.704095940378,3008.100629748227,1.116553104216296
SEX_14E,coupling,396,7.1784653421560405,1233.6968245849844,0.9229277062721288,1233.7146138984815,2.7634777115883415,446.4355217069543
SEX_14E,orbit,198,0.3436659144720312,0.209690970609783,-0.0013553361998593814,0.3436661016825413,0.20969066378714984,1.6389194229047106
SEX_14E,phase,198,14.057963702603779,0.7469776154561601,0.251455189678939,14.05922180068864,0.7229117378762171,19.448047478094725
SEX_14E,tune,3,0.7353805877286776,0.0019736790993552192,-0.7420076265465722,0.735382045967448,0.0013231349487674046,555.7876365162218
SEX_14W,alpha,198,531.0655775287286,1121.478593877147,-0.2905347094825431,1134.677541662825,502.2467128877925,2.2592035199966047
SEX_14W,beta,198,3469.540732799771,2419.309357358801,-0.04315406883979327,3472.5863833010167,2414.9357079791985,1.4379622496065756
SEX_14W,coupling,396,8.27239310591028,1107.1117924342439,-0.7663378526526097,1107.1299429035325,5.3144106995763565,208.3260036699438
SEX_14W,orbit,198,0.3209990042127275,0.21358664792275378,0.0007191087079348314,0.3209990701512297,0.21358654882385955,1.5028992786242876
SEX_14W,phase,198,17.52200000588715,0.8756954683441073,-0.6788682655678883,17.53209539345496,0.6426179847959074,27.282298049941872
SEX_14W,tune,3,0.6683983853607012,0.0016520436393372736,0.49042637340246864,0.668398876412303,0.0014397262759494745,464.2541346767499
SEX_15E,alpha,198,624.6593877599976,762.6749059405169,0.3481196485338956,823.0634956083198,542.6221936716969,1.5168260812168302
SEX_15E,beta,198,1900.7559430796393,1708.3278721349784,0.33409293928719486,2098.7344349469495,1458.276738288622,1.4391880360170486
SEX_15E,coupling,396,1.6042872911782935,784.7881042798049,0.46448558186880506,784.7884580552447,1.4207251929411149,552.3858251789106
SEX_15E,orbit,198,0.007740603928070334,0.024435972417775915,-0.05304481658015644,0.024439805197921292,0.0077284939710931064,3.162298539577506
SEX_15E,phase,198,8.013659646949437,1.2860912788889225,0.04782632671960078,8.013901925842504,1.2845807245003056,6.238535090085417
SEX_15E,tune,3,0.8341922439514083,0.0014779330952240418,-0.9969095030160554,0.8341935450929625,0.000116104071814264,7184.877602117632
SEX_15W,alpha,198,574.5876616640468,714.8183099208637,-0.26789152701720126,750.3106676346791,527.399373500082,1.4226612797342704
SEX_15W,beta,198,1979.2947636666083,1640.633935979906,-0.22841006902166802,2065.6387693446463,1530.4979411770892,1.3496514524913286
SEX_15W,coupling,396,2.636050722280549,827.1732613820551,0.9428841180611269,827.1769955787695,0.8781196481680137,941.986661276144
SEX_15W,orbit,198,0.011801993329767644,0.03606827021046787,0.011735929677994687,0.0360685680362243,0.01180108310060831,3.056377768779975
SEX_15W,phase,198,8.277047780062343,0.753405396873482,-0.25439338285291235,8.279283830602473,0.7284221974909071,11.366050978568406
SEX_15W,tune,3,0.8781432114340072,0.0007593532324024604,0.5433032329762018,0.8781433083459124,0.0006375047127598441,1377.469516333944
SEX_16E,alpha,198,354.93694412197306,755.6718600471559,-0.09556292814842474,756.6447270428692,352.85825965675616,2.144330496270365
SEX_16E,beta,198,3019.1809016116144,1790.5898034563922,-0.007920781245284596,3019.2322857592244,1790.5031598764215,1.6862479516470714
SEX_16E,coupling,396,2.0726799894613346,1032.6946951157477,0.9758423400463777,1032.6966758287354,0.4528297977760572,2280.540461119226
SEX_16E,orbit,198,0.3154825065825718,0.15640514421558943,0.0026146051773850987,0.31548285799010606,0.15640443539464075,2.0170966200164178
SEX_16E,phase,198,17.36786384193069,1.4970988730805521,-0.7979766670020522,17.409012810009013,0.9001513475880144,19.340095259155078
SEX_16E,tune,3,0.5912358604601017,0.001050934173989602,-0.9695061639541176,0.5912367383926999,0.0002575488246861535,2295.6297281231055
SEX_16W,alpha,198,783.5744610443398,790.024889065939,0.17327833651938587,852.3209047551111,715.3162494044194,1.1915301874726925
SEX_16W,beta,198,4916.496824985537,1814.1654904141776,0.036545308593155086,4917.014155639616,1812.7628774724587,2.712441994893135
SEX_16W,coupling,396,1.7461873036920785,966.3391290907524,0.9684503882545619,966.3406088007296,0.4351604402799867,2220.6536241644026
SEX_16W,orbit,198,0.34561943015468344,0.16562970852905415,-0.001754729795130388,0.3456195887842795,0.1656293775163484,2.086704629136007
SEX_16W,phase,198,33.44116526264987,1.6614818536923286,-0.7969904155473935,33.46739575024689,1.0027351446747115,33.3761072681897
SEX_16W,tune,3,0.912741445316032,0.000991091714319669,0.26285726165489187,0.9127414824944023,0.0009562396696005212,954.511208341429
SEX_17E,alpha,198,249.46206943545184,329.0054191931619,-0.4013734826822635,354.1453484566088,212.2662528807477,1.6684015647818005
SEX_17E,beta,198,1286.8338566808588,805.2178423611905,-0.0859880616428731,1289.8681219694677,800.3482843636906,1.6116335190184923
SEX_17E,coupling,396,2.928802936575909,683.3709296289836,0.8926103476194053,683.3759301778246,1.3203795725559617,517.5602110042952
SEX_17E,orbit,198,0.12291472001873395,0.19297777529055882,-0.0052410745842863884,0.1929795844700448,0.12291187953630037,1.570064547040393
SEX_17E,phase,198,7.662088009562894,0.7051656707754889,-0.6424394474304645,7.675535669603298,0.5394473785043015,14.228516024834283
SEX_17E,tune,3,0.47351598801997064,0.0019263972453870874,-0.31940028899407114,0.4735163877842036,0.0018254908040586262,259.3912753389014
SEX_17W,alpha,198,225.86628502806656,652.3841468442946,0.35745658571650707,657.928907712665,209.16549945475592,3.145494402412096
SEX_17W,beta,198,1396.2920514515024,1544.2273593785033,0.057727351257228665,1554.90696836525,1384.3893780757414,1.1231716979268669
SEX_17W,coupling,396,3.984065329236243,904.2582071907586,0.056501712611629756,904.2582352103675,3.9777006705380837,227.33189601419755
SEX_17W,orbit,198,0.13365650043915228,0.19350176625528942,0.004639144213981391,0.1935036660414374,0.13365374997388454,1.4477982554118183
SEX_17W,phase,198,9.998843471810368,1.1386450485726807,-0.07146846939261338,9.99917894508867,1.1356952692070719,8.804455927750734
SEX_17W,tune,3,0.4876067816546794,0.001348628125102911,-0.4265013625404579,0.4876071209111228,0.0012198156498844151,399.73837108691504
SEX_18E,alpha,198,480.26201588279014,790.0785873574664,0.37559178218534306,818.7860607404384,429.4940800962525,1.9063966156575265
SEX_18E,beta,198,2558.5817833016804,1678.4458369206257,0.06406032058514864,2562.523381135972,1672.4219235739683,1.532223026387896
SEX_18E,coupling,396,7.912198252695291,752.7897647593479,0.8580378952178703,752.8203778643685,4.06343201906451,185.2671274755777
SEX_18E,orbit,198,0.3515919942471582,0.1563715382792974,-0.0007196053332547955,0.35159201669399787,0.1563714878089193,2.24844069478722
SEX_18E,phase,198,10.962369026621626,0.5016090714394552,0.10002711273260956,10.962484088286345,0.49908811892510974,21.965027161729154
SEX_18E,tune,3,0.6068302569851427,0.001270431105746848,-0.9243767725327536,0.6068313933111156,0.00048464413642449513,1252.1174769348654
SEX_18W,alpha,198,731.858718029569,533.5458440818182,0.07772696781378406,734.3267708097002,530.1438904345331,1.3851461538259138
SEX_18W,beta,198,4394.762152064411,1155.5019398167162,0.02961529472438077,4394.905265996567,1154.957492314609,3.805252829858608
SEX_18W,coupling,396,6.532375766680742,674.8978702895488,-0.47942392325585453,674.905137080471,5.732643100386816,117.73018575583943
SEX_18W,orbit,198,0.356904422463716,0.1659394077493837,0.0002369444378584585,0.35690442522676274,0.16593940180659023,2.1508118104628986
SEX_18W,phase,198,21.455321837181295,0.29183438465657435,-0.5533792338970318,21.455929696669326,0.24307055905589428,88.27037622329044
SEX_18W,tune,3,0.7983565384693836,0.0007936639259775465,0.6375408046754936,0.7983566988170276,0.0006114517328036464,1305.6741129121986
SEX_19E,alpha,198,335.31696450352587,1204.5978895058179,0.5741775444005749,1220.696212453678,270.91382206704435,4.505846926302588
SEX_19E,beta,198,1795.3606531860385,2610.917444490543,0.23234713795532635,2668.5600373390535,1708.507273637023,1.5619248911116994
SEX_19E,coupling,396,3.493233924136581,1019.5585476761206,0.9051991682371071,1019.5634511214944,1.4845739850825777,686.7717347645577
SEX_19E,orbit,198,0.10266065431540405,0.1523109038914042,-0.00042782087365075,0.15231091549572387,0.10266063709883119,1.4836350114318348
SEX_19E,phase,198,9.268907750220995,0.8198589378614567,0.5376254769933039,9.279440691857273,0.690507064700704,13.438589069149334
SEX_19E,tune,3,0.5562596092282481,0.002019698181638103,-0.9113361404476942,0.5562626544743425,0.0008314304941004602,669.0428826238485
SEX_19W,alpha,198,268.3896454584231,1390.676107957632,-0.5772897274494414,1399.4961435609846,217.7695644285893,6.426500173397304
SEX_19W,beta,198,1542.327776318501,3013.0686048343046,-0.20788934418398874,3035.6395654690427,1497.4143767176256,2.027254187396845
SEX_19W,coupling,396,4.327611989718674,1210.353592702771,-0.5347436693053772,1210.3558050293777,3.656887436806025,330.97978156158916
SEX_19W,orbit,198,0.10396330850908714,0.15800192498973792,0.0010577145659504265,0.15800199247064475,0.10396320595251342,1.5197876116172704
SEX_19W,phase,198,7.220536171013219,0.8774524180676403,-0.5786793696043754,7.238543444854262,0.7138306100472223,10.140421751282714
SEX_19W,tune,3,0.5297858739985748,0.0019062989338295814,0.8885391989702479,0.5297885817257134,0.000874606835056098,605.7448449870991
SEX_20E,alpha,198,592.1147296055899,1059.8627241679121,0.4469217537098383,1101.9883018330404,509.4414880235615,2.1631302666540457
SEX_20E,beta,198,3977.4418841189395,2287.8869915548407,0.07146213127537988,3982.4419535848274,2279.1724186636125,1.7473192993094937
SEX_20E,coupling,396,10.690178999487092,928.8434598737119,0.910038718582613,928.8944064665932,4.431084775140233,209.63137777863795
SEX_20E,orbit,198,0.20896217010031237,0.08515392820557571,-0.004537910854734961,0.2089625985383635,0.08515287683905312,2.4539699220417686
SEX_20E,phase,198,23.932954859734387,0.8401768953619304,0.7908847404252177,23.942181809732638,0.5139608188290463,46.583671230581274
SEX_20E,tune,3,0.8134383361551919,0.001945349273105898,-0.2635838962667781,0.8134384977697791,0.0018765544933372744,433.4744877688874
SEX_20W,alpha,198,573.9178710640572,1156.7860880361723,-0.4381503340762615,1189.9677455699925,501.5102598190791,2.372768497297096
SEX_20W,beta,198,3854.184023072787,2511.4137702147464,-0.0754528984715165,3862.2130198715718,2499.0486586035686,1.545473317046063
SEX_20W,coupling,396,7.041889337378659,978.0215797115367,-0.947864988473174,978.0443563774588,2.2440020257849183,435.848250197258
SEX_20W,orbit,198,0.20270228445318134,0.08382419413149708,0.0035681580976943774,0.2027025506404964,0.08382355043882561,2.418205260685404
SEX_20W,phase,198,16.164616760019936,0.7333475923036106,-0.4276571852713896,16.167663993089544,0.6627780141274509,24.3937844172069
SEX_20W,tune,3,0.7602027914997227,0.0014215177999080007,0.2684166042982291,0.7602028872555662,0.0013693520830239168,555.1551691343128
SEX_21E,alpha,198,418.4848351944353,597.9300025398135,-0.3945466894598601,633.0281393664817,363.2151153176105,1.7428463537728471
SEX_21E,beta,198,1480.4728884355434,1271.8588383028914,-0.3348840742052445,1611.6949977716688,1100.8469975975963,1.4640499554333235
SEX_21E,coupling,396,5.512150747043063,807.2985223047575,0.4104268190891428,807.301692350044,5.026474913698394,160.60991175942135
SEX_21E,orbit,198,0.003271502314116432,0.006345975112367214,-0.26497446639663075,0.006423525997913369,0.003116478986321632,2.0611485032007333
SEX_21E,phase,198,6.373014846644485,0.4796721139060129,0.2056843066220372,6.373782653884444,0.4693594075459213,13.579748379200952
SEX_21E,tune,3,0.588044946353996,0.0011360137381424093,-0.8664389939120163,0.588045770117843,0.0005671915023323402,1036.767595599984
SEX_21W,alpha,198,284.18235157682165,716.0567400546342,0.2866192567944843,721.4384864144824,270.2283742418308,2.6697362497132073
SEX_21W,beta,198,1340.526373463427,1522.3562159600021,0.210435484386582,1599.82988253886,1247.046010842728,1.2828956338649669
SEX_21W,coupling,396,5.533864067638158,804.9894822398364,-0.9300546138262714,805.0059355016238,2.033217999754201,395.92701599087866
SEX_21W,orbit,198,0.004937090417717119,0.009825192695773267,0.17107586169163438,0.009873016942633737,0.004840744751818434,2.039565696771126
SEX_21W,phase,198,10.812509089360072,0.4161603689059086,0.4108717827423996,10.81386267379859,0.37936306141695625,28.505312650651355
SEX_21W,tune,3,0.5732270477917559,0.0016962386861950932,0.41975907846843086,0.5732274899934668,0.0015395653680322016,372.3307252137911
SEX_22E,alpha,198,473.94526428269484,460.91317120763796,-0.5260070034298189,577.5801798685765,321.661624617637,1.7956141972333592
SEX_22E,beta,198,3072.3279082263393,1004.2599661963299,-0.09626496771994994,3074.0282905875733,999.0430040985874,3.076972941080945
SEX_22E,coupling,396,1.7052139450364887,664.9671268566628,-0.1358564119983263,664.9671672110401,1.6894040156318064,393.61050468579265
SEX_22E,orbit,198,0.15920942688245796,0.09772156314057548,-4.503901683958367e-05,0.15920942698006732,0.09772156298154884,1.629214905313459
SEX_22E,phase,198,17.416305255956434,0.27837478641655333,0.5476038942010188,17.416972486913963,0.23291775469072126,74.77735009957058
SEX_22E,tune,3,0.5257092251360626,0.0015919990287733728,-0.9900469739031732,0.5257115879020337,0.00022405264835628866,2346.375245991499
SEX_22W,alpha,198,239.01968927825064,345.90827477471214,0.47298198843489536,372.09739263988513,195.77149131292936,1.9006720035917235
SEX_22W,beta,198,1957.0614799756754,741.4484573551439,0.10185746753550624,1958.7586897495996,736.9530830720065,2.6579150487904433
SEX_22W,coupling,396,2.052428161549336,641.4633517500492,-0.9174868487064277,641.4661157214723,0.8163828590127353,785.7417737765923
SEX_22W,orbit,198,0.17011876578945118,0.10234744074756712,0.00030676055733394494,0.170118770330086,0.10234743320026334,1.6621693872597119
SEX_22W,phase,198,13.81340777241878,0.5964967457717363,0.8893565599810702,13.82359476807081,0.2725258574908399,50.723974948085235
SEX_22W,tune,3,0.46623941866393015,0.0013552777926914455,0.832087203565778,0.4662407824801149,0.0007516956199401295,620.2520942150092
SEX_23E,alpha,198,384.91385604511083,1138.6651022921546,0.42512684740429496,1151.5352515338866,344.50465342039706,3.3425825750129263
SEX_23E,beta,198,1421.9057190938672,2498.004821588403,0.3166395705740673,2553.6561029360937,1319.350018231705,1.9355410373652788
SEX_23E,coupling,396,4.222374002714518,1026.5189178752746,0.9708388663983893,1026.5271027011488,1.0122341766756684,1014.1201772819217
SEX_23E,orbit,198,0.06988338846009481,0.14559162956502872,-0.0013803085709166779,0.1455916710858776,0.06988330195752553,2.083354206336257
SEX_23E,phase,198,8.199826274669821,0.21521905882224454,-0.28356070844475806,8.2000535164039,0.20637951971529644,39.73288399796643
SEX_23E,tune,3,0.5785137977113783,0.0012422758822505204,-0.8889514724448102,0.5785148517305789,0.0005689630528938342,1016.7880827905482
SEX_23W,alpha,198,157.5786743770356,555.4737199233381,-0.19323911019237466,556.3774525772474,154.3574501199982,3.6044742391424385
SEX_23W,beta,198,1070.5617146002146,1190.9191324061255,-0.06506610732449164,1200.6576007126262,1059.6282794214726,1.1330932026164418
SEX_23W,coupling,396,2.2590602723054793,573.0488277570089,-0.6638636398971,573.0507901898761,1.6894406632076804,339.1955708594377
SEX_23W,orbit,198,0.06691791921401447,0.15543559432132187,0.004406651376003448,0.15543593767831404,0.06691712166567823,2.322812664520762
SEX_23W,phase,198,4.8690230741885365,0.8019197795376131,-0.16609222770019702,4.870893779855629,0.7904775867523312,6.161963174525472
SEX_23W,tune,3,0.5167502160413762,0.001066246770461268,0.9758629350814553,0.5167512636090518,0.0002328506661984904,2219.2389313095377
SEX_24E,alpha,198,758.0033530147493,995.4938229420108,0.37442045067718005,1064.7811831178103,657.1286531384385,1.6203542153160242
SEX_24E,beta,198,6276.101766102085,2250.575285939163,0.048298193532230735,6277.181452263784,2247.5621262838063,2.7928845120035386
SEX_24E,coupling,396,6.662184554951728,967.0184629082272,0.8699788650355923,967.0358323984522,3.2849909995761806,294.3800553862145
SEX_24E,orbit,198,0.3493228549073203,0.1605039039141684,-0.002287102369713797,0.34932309940249023,0.16050337179052435,2.1764221866840137
SEX_24E,phase,198,28.58040832283055,0.3369524770986378,0.6631403611525378,28.581281851144613,0.25219955784275055,113.32804107834869
SEX_24E,tune,3,1.0333813535522913,0.0019464446231122479,0.2944753666031086,1.0333815125141035,0.0018601371725855884,555.5404879510603
SEX_24W,alpha,198,530.2724435695874,1371.1634241501508,-0.646416251952769,1417.0438902861044,391.49024654421527,3.6196147995887866
SEX_24W,beta,198,2964.3120547822205,2921.3710462166164,-0.13033116282104096,3129.9327087512675,2743.187194941116,1.140984003761527
SEX_24W,coupling,396,12.61418167775817,1122.484985659507,-0.9322465395466492,1122.5465833530009,4.563859433309452,245.9643202768394
SEX_24W,orbit,198,0.35471297379511313,0.14748544420297555,0.0024016435196948446,0.3547131876104897,0.14748492996074944,2.405080896772914
SEX_24W,phase,198,15.397006834314743,1.34043409093526,-0.7128209107008898,15.426735968703277,0.9382965202924191,16.441216220108704
SEX_24W,tune,3,0.6403438423682709,0.0020371270542345436,0.35438911125534794,0.6403442493336304,0.0019049123196067993,336.15418554582425
SEX_25E,alpha,198,394.42278569789147,908.9840446954372,-0.22978474385208525,914.4524646901381,381.573082397977,2.3965329497125616
SEX_25E,beta,198,1822.355186941711,1955.63360188552,-0.21380677285810082,2091.7056747026104,1664.406375442605,1.2567277472404397
SEX_25E,coupling,396,9.379861983389807,1069.031587262894,0.4817113171783092,1069.0411365246716,8.219780695866303,130.05713608177993
SEX_25E,orbit,198,0.04240921327733785,0.09362157352917344,0.0266211008452461,0.09363013575334485,0.042390306435450234,2.2087628900706338
SEX_25E,phase,198,9.694775807248421,0.5061156290910693,0.4501280208492241,9.697457988068802,0.4518180523840542,21.463192842559934
SEX_25E,tune,3,0.7775026109981312,0.001919958424786315,-0.9615519211675989,0.7775048027776514,0.0005272636433775446,1474.6034788158584
SEX_25W,alpha,198,323.2413364788729,809.84076414824,0.239676246499443,814.1814724423791,312.14668797924605,2.608329685357777
SEX_25W,beta,198,1604.9277455495658,1762.5408184718856,0.19568362903188713,1858.773374121183,1492.4157426375898,1.245479608005286
SEX_25W,coupling,396,4.21798283620352,878.4298006719582,-0.5549704494763038,878.432919693943,3.508801185231033,250.35129473604061
SEX_25W,orbit,198,0.03674253223866691,0.08376659040742646,-0.030541611712203473,0.08377589461335065,0.036721312960293115,2.281397037843876
SEX_25W,phase,198,12.1783584415866,0.7240051098114851,-0.005475771309219538,12.178359089165538,0.7239942169215801,16.82107232975957
SEX_25W,tune,3,0.6907071208570141,0.0005833017466236128,0.8161366473512324,0.6907072849116229,0.00033706605815199,2049.1748374147146
SEX_26E,alpha,198,497.1876711192595,343.92433857032626,-0.43543438370363324,530.3020485899441,290.27447051943426,1.8268986853752254
SEX_26E,beta,198,2523.4535571979613,813.842476281689,-0.0914049797860684,2524.675692161331,810.0432586874975,3.116717119838797
SEX_26E,coupling,396,5.31335146052249,492.95897808806654,-0.670068683767226,492.9718356045814,3.9439931571342917,124.99307578991214
SEX_26E,orbit,198,0.033767017267930736,0.01183105159024804,0.007870270110247934,0.0337671636137215,0.011830633896288295,2.8542142297476976
SEX_26E,phase,198,11.248308487502161,0.5887833548097606,-0.28071772304540765,11.249525814646379,0.5650474444848861,19.908993349933258
SEX_26E,tune,3,0.5774620858208054,0.0008491457749390477,-0.5590998719453595,0.5774622809806182,0.00070402679199167,820.2277066004766
SEX_26W,alpha,198,476.01406076158895,247.6602589190321,0.4769223015612268,493.8667125899331,209.8110104026767,2.3538646119766864
SEX_26W,beta,198,2587.006090153186,600.9372573165042,0.092960209797345,2587.6432309997185,598.1877688335795,4.325804313995629
SEX_26W,coupling,396,1.667428920050842,459.0514890941919,0.3467280196927616,459.051853165128,1.5639899168997389,293.5133073460575
SEX_26W,orbit,198,0.055054261748308346,0.020359135429217457,-0.005879693813555936,0.05505441250225958,0.02035872776249807,2.7042167440184017
SEX_26W,phase,198,17.923056889075387,0.4734104020309042,0.8310524878967032,17.92737537790876,0.2632445960213083,68.10158935402279
SEX_26W,tune,3,0.5537992495482642,0.0009116203423091286,0.9232027945803337,0.5537998890471626,0.0003503472841014333,1580.716946236767
SEX_27E,alpha,198,388.7809910165594,510.33862241876346,0.001078271929136289,510.33903271123256,388.780452440015,1.31266638923924
SEX_27E,beta,198,1488.6723893690973,1166.3109077738359,-0.0034154174225683796,1488.6861886861977,1166.293294191941,1.276425232057623
SEX_27E,coupling,396,1.5276606124237384,684.1065313723115,-0.952983284698934,684.108080439674,0.46291505330021704,1477.8263864234405
SEX_27E,orbit,198,0.058444030025535915,0.12777526296794198,0.008790972954666533,0.1277765691506836,0.05844117425439907,2.186413445329864
SEX_27E,phase,198,7.024951709609971,1.0425917995604281,0.5832922827248266,7.051608864722355,0.8436566848142746,8.358386760456618
SEX_27E,tune,3,0.6032129030827411,0.0008103238248153324,0.6560850795228788,0.6032131373638562,0.0006115405654118961,986.3828689067731
SEX_27W,alpha,198,563.8876823316909,824.2845965005939,-0.17761245772171042,835.1088236920763,547.7295563553145,1.5246736532697491
SEX_27W,beta,198,1744.5783505762927,1932.3906417347557,-0.1555891301566081,2004.1996659241813,1661.5868658222355,1.206196141260664
SEX_27W,coupling,396,1.1784702150082045,956.4324447220525,-0.5590896820400393,956.4326716647861,0.9770778930041858,978.8704447340195
SEX_27W,orbit,198,0.0661640348282222,0.13286416985510474,-0.0057044485860620765,0.13286488270893204,0.06616260332527776,2.008156814140509
SEX_27W,phase,198,8.746080436890377,1.5179895952228801,0.2987626052905033,8.758161200085818,1.4466609184853414,6.054052534477561
SEX_27W,tune,3,0.6446094910365505,0.0008759838494016552,0.9994395587502418,0.6446100855728532,2.932343842527044e-05,21982.759191614416
SEX_28E,alpha,198,393.2590659817993,519.464801023017,0.5124090583087266,575.9550964406346,304.58512662771165,1.890949511610963
SEX_28E,beta,198,2203.5162234600457,1211.9604044312493,0.09712006178896797,2207.9928046452096,1203.785505642829,1.8342078337835839
SEX_28E,coupling,396,3.7853441361548064,788.0792803001088,0.3469091971435346,788.0803743848779,3.5502644911661942,221.97793329082603
SEX_28E,orbit,198,0.34900236333379103,0.18618716585745743,-0.000786849540105814,0.34900240631498947,0.1861870852904434,1.8744716142398468
SEX_28E,phase,198,13.286853246736523,0.7996560837021954,0.7551697436922233,13.300590318815642,0.5236565893240083,25.399451835382155
SEX_28E,tune,3,0.49053422086874143,0.001478636780593016,0.5014814018230817,0.4905347813177071,0.0012792683930131984,383.44946533252323
SEX_28W,alpha,198,864.7676119386026,650.5050092525494,-0.29228169053961717,903.6277766358087,595.3458079241661,1.517820004119204
SEX_28W,beta,198,4630.771961084614,1582.6137671538813,-0.06129900559094809,4631.921745082316,1579.2454650832574,2.9329967047511025
SEX_28W,coupling,396,4.417719047069389,852.2985944325482,-0.6823637679686073,852.3039254635937,3.2293888933958557,263.9211174617485
SEX_28W,orbit,198,0.36328945351668185,0.20117888614289348,0.0009252903955403934,0.36328952230148676,0.20117876193103043,1.8058045432550793
SEX_28W,phase,198,20.673583557526687,1.4856194382523973,-0.4055498885256813,20.682398950028368,1.3573856847692898,15.236936105999737
SEX_28W,tune,3,0.8772658071266971,0.0013657727018618064,-0.6262255923427184,0.8772662240515837,0.0010648131315742966,823.8687127708221
SEX_29E,alpha,198,409.1104547224013,164.90517591357556,0.22085454189442275,411.02019813294265,160.08584551113134,2.5674986868490066
SEX_29E,beta,198,1491.3180791497696,447.1095990046037,0.1363357704878329,1492.6835390909505,442.5296135265192,3.3730703967939073
SEX_29E,coupling,396,5.443484022922956,585.4319567493044,-0.4441825622320767,585.4369501771887,4.876973329751136,120.04103992241076
SEX_29E,orbit,198,0.08463358662812512,0.1709496621969352,0.009784200693600508,0.17095231881499,0.08462822036746742,2.020039155646798
SEX_29E,phase,198,6.220631131084192,0.3348817971455213,-0.3607473588154063,6.221807056328552,0.31227302299985193,19.924254092008137
SEX_29E,tune,3,0.5566029115370607,0.0011547141365679107,0.025077582623504194,0.5566029122903238,0.0011543509866147011,482.17822719816024
SEX_29W,alpha,198,432.0054214438407,476.55669282126803,0.0363652096449489,477.9609062359132,430.45131866421247,1.110371569354541
SEX_29W,beta,198,1719.3966169616174,1162.0035606628119,0.1081268610515,1727.6791993787533,1149.652810828599,1.5027834343601076
SEX_29W,coupling,396,7.117120246147083,928.8649792403555,-0.2856647047557206,928.8672044046768,6.820530860894284,136.18693666945555
SEX_29W,orbit,198,0.09195602738058681,0.18295196234713,-0.009755849286415557,0.18295490518341798,0.09195017220000971,1.989717917933368
SEX_29W,phase,198,9.897115218947564,0.8658112796982802,-0.4419512283675421,9.904555203438463,0.7760831471023796,12.762234614188666
SEX_29W,tune,3,0.5793418938920497,0.0005082666074583264,0.9713843951168469,0.5793421042700926,0.00012071980991297509,4799.064086397508
SEX_30E,alpha,198,398.24920224168136,889.7815654201669,-0.5601628082568244,921.3021789190815,318.61568757148655,2.8915782080327497
SEX_30E,beta,198,2280.2449954020217,1956.425819019306,-0.09213592489998626,2305.0459722050523,1927.143557289543,1.1960945843842663
SEX_30E,coupling,396,10.132241267759683,945.1497597275854,-0.6582879073842316,945.1732958573718,7.627019361034048,123.92433414896014
SEX_30E,orbit,198,0.13373061661007288,0.08583545471618932,-0.001871776597859584,0.13373078073832553,0.08583519900578777,1.5579946489004843
SEX_30E,phase,198,13.199137915318756,1.0899330217561156,-0.7219348555847627,13.22264770139887,0.7528502269447664,17.563450508687914
SEX_30E,tune,3,0.5876162531640854,0.001442100240353857,0.30899935434972536,0.5876164221243382,0.0013715267016416427,428.43965153649094
SEX_30W,alpha,198,548.4478736748547,499.0362771057064,0.35712007243787985,613.2097346270077,416.9005845098655,1.4708776082622566
SEX_30W,beta,198,3690.985478978948,1216.2310639162056,0.03517396686542291,3691.2635336116514,1215.3869064199373,3.0371098405895247
SEX_30W,coupling,396,4.507674935473152,817.1596494910774,0.4061576658800138,817.1617005024584,4.119116608539842,198.3827548868855
SEX_30W,orbit,198,0.13565254982686376,0.08923194455062394,0.0027489463414478647,0.13565294075403458,0.08923135025089426,1.5202385750368614
SEX_30W,phase,198,14.786016120873578,0.3626447933577515,-0.16471930692028852,14.786136853093627,0.3576883202863427,41.33804772058752
SEX_30W,tune,3,0.6731151346485285,0.001368167659392667,0.569421774600232,0.6731155854948156,0.0011246953464125052,598.4870370824284
SEX_31E,alpha,198,521.7826928820664,823.675000590109,-0.21426650986149445,835.6690653267661,502.3493788632228,1.6635216454687765
SEX_31E,beta,198,1915.5500801291532,1931.5310638660292,-0.16095453559505157,2072.7729925305916,1761.7481322816877,1.1765433177136888
SEX_31E,coupling,396,4.178545088962446,1008.207959628312,0.5983742731015435,1008.2110600446381,3.347909887009745,301.1464149488034
SEX_31E,orbit,198,0.02495973463273375,0.0646985261607601,0.0006221298673066952,0.06469852835004064,0.024959728957864045,2.5921166235122963
SEX_31E,phase,198,11.789817885061556,1.4935621967295365,0.05940034718895752,11.790157105591721,1.4908820288278868,7.908175749399165
SEX_31E,tune,3,0.8410087295007378,0.001482753626440985,0.7679095488124574,0.8410095002763791,0.000949789259251847,885.4695839989239
SEX_31W,alpha,198,197.74048937329212,481.2159199933051,0.19403316775138907,483.0361768252948,193.25142863791356,2.4995218934724552
SEX_31W,beta,198,1381.6604285742717,1132.272925095909,0.06138839748412692,1386.855032257617,1125.9043637427694,1.2317698349150958
SEX_31W,coupling,396,2.951292008577951,709.2387872740121,-0.9665433270130728,709.2445237249244,0.7570103278285475,936.9020443345373
SEX_31W,orbit,198,0.02515090363741119,0.06415940294349876,0.009931223304569699,0.06415997741837774,0.02514943811535041,2.5511495375801876
SEX_31W,phase,198,7.423708937868526,0.8189208406296452,0.5237760571262061,7.436199959775324,0.6964308261730435,10.67758588550421
SEX_31W,tune,3,0.7112724378445506,0.0010586597626362298,-0.08853601321562424,0.7112724440202723,0.0010545023716530127,674.5100467676508
SEX_32E,alpha,198,533.9540945629032,792.5858113384757,0.1962392392407041,804.5112578643738,515.8108950042085,1.559701948245606
SEX_32E,beta,198,2935.7787633884686,1794.9578452728058,0.07902973890270105,2941.2146651582734,1786.03664781186,1.6467829306647572
SEX_32E,coupling,396,0.2212700229282461,975.706025127751,0.4743814286872252,975.7060307738899,0.19478829460165187,5009.0588490917235
SEX_32E,orbit,198,0.22758081102955527,0.20384726273727174,-0.0009669264178821214,0.22758124276971128,0.20384678072940515,1.1164328519458557
SEX_32E,phase,198,19.663377561805426,0.8893209338990621,0.7533718181359137,19.674798595822626,0.5844733316416092,33.66244023583087
SEX_32E,tune,3,0.6025093795909274,0.00023964889633622968,0.1841778521871808,0.6025093812076368,0.0002355492060918231,2557.891793414762
SEX_32W,alpha,198,333.5500029610789,1195.2839213188518,-0.433021948017091,1204.5542654082094,298.34255265649927,4.037487293323153
SEX_32W,beta,198,1723.1348662618168,2670.6569808085396,-0.17622701147708095,2699.037980055994,1678.3314507819289,1.608167432480945
SEX_32W,coupling,396,4.302275564991643,1242.1458274417594,-0.9954117893512302,1242.1532098521595,0.4116551792664066,3017.4604193387013
SEX_32W,orbit,198,0.23519565778476953,0.1889175210589492,0.001297826886673106,0.23519601796145753,0.18891707265078686,1.2449696295909543
SEX_32W,phase,198,7.584502560356159,1.7253939612382188,0.5228384890329898,7.64001228169926,1.4600944301691274,5.232546692760339
SEX_32W,tune,3,0.4787299180299547,0.0015986507811727596,0.9307689760493816,0.47873223046764957,0.0005844764807304045,819.0786905050325
SEX_33E,alpha,198,888.1184868354326,2875.711843125729,0.450530451938389,2905.6321991945774,784.7130522401925,3.702795806568531
SEX_33E,beta,198,2942.633038996333,6390.9243529644455,0.3497170390074678,6491.224048381181,2714.2243166740373,2.391557694220135
SEX_33E,coupling,396,5.57108288707207,2508.826992433313,0.8108568091822524,2508.831059368472,3.2604408579773514,769.4760213883626
SEX_33E,orbit,198,0.194717866450435,0.27839109890578073,0.0026377093411535843,0.2783920264544673,0.19471654031322758,1.429729729208605
SEX_33E,phase,198,10.478778280725836,1.1432903117198239,0.2243179595522311,10.481952006319895,1.1138173686427375,9.410835475741296
SEX_33E,tune,3,0.9885557737592505,0.0030050144333279463,-0.9943020762822157,0.9885602891745305,0.00032033055375031857,3086.0630608001984
SEX_33W,alpha,198,491.9873947378676,569.2039568754868,-0.12431465635816197,580.3329588619943,478.8093545056825,1.2120334605014633
SEX_33W,beta,198,2653.6666889985067,1202.3279961070618,-0.10388516169273497,2657.35007613096,1194.1650134759018,2.225278789902
SEX_33W,coupling,396,1.819919158171368,782.9994150186321,0.9897282426623986,783.001486801133,0.2601777809916153,3009.486374343267
SEX_33W,orbit,198,0.1763305834035919,0.2752810098827142,-0.0019723673118445593,0.2752813824391747,0.17633000178039734,1.5611715514074125
SEX_33W,phase,198,13.568358589271044,1.6440506272746924,-0.5130179168879849,13.594832604258462,1.408468577668207,9.65220866110156
SEX_33W,tune,3,0.6781479555523433,0.0020725181068726914,0.22332641922099664,0.6781481135047411,0.0020201735289436186,335.6880504514658
SEX_34E,alpha,198,1084.2930472946068,1139.512620665839,0.18025612072552652,1211.6586564727706,1003.0272804180116,1.2080016965917537
SEX_34E,beta,198,7061.790254678732,2721.6690015181125,0.04176715760681115,7062.864349941034,2718.8804551197404,2.5977105159741134
SEX_34E,coupling,396,3.1657010438709636,1323.1792191234783,0.718608032474524,1323.1811747060026,2.2014738153616147,601.0433399084769
SEX_34E,orbit,198,0.42926024655202044,0.29873374210161213,-0.0008209827179541547,0.4292603824146954,0.29873354687601356,1.4369339731130222
SEX_34E,phase,198,27.334829916924022,0.3211483299422848,0.27688762833528374,27.33497456953307,0.3085905377187277,88.58008016580273
SEX_34E,tune,3,1.1901467204171388,0.0033941026394603245,0.523974735693769,1.1901480491646301,0.0028908687316877364,411.6921796271954
SEX_34W,alpha,198,497.23066588906454,2132.1632037100208,-0.7285036712527801,2163.4853517259226,335.69241162531773,6.4448443777772715
SEX_34W,beta,198,2410.570336836577,4531.639658012871,-0.20751853247794685,4569.1187173639455,2338.752121441235,1.9536566853216866
SEX_34W,coupling,396,13.455353247617872,1769.159727976617,-0.8977309437734794,1769.2009648160245,5.927539064722433,298.4714137685519
SEX_34W,orbit,198,0.4164467114911113,0.2698355269203381,0.0014704599669379092,0.41644703729998384,0.26983502408731763,1.5433394486448249
SEX_34W,phase,198,9.313169752867832,2.151600608619587,-0.27552085391002906,9.332990219946188,2.0639306139338265,4.52194960282973
SEX_34W,tune,3,0.5977196410056554,0.0030456030984390946,0.6532695796612052,0.5977229523871662,0.0023058906592119473,259.21565274540893
SEX_35E,alpha,198,242.72621548547943,1378.9579395826197,0.2570295592586946,1380.4104359332712,234.3246533943103,5.891016655470659
SEX_35E,beta,198,2012.7921891446606,3022.3024028564932,0.0014514550866393274,3022.3049402811585,2012.7883790766457,1.5015512667395379
SEX_35E,coupling,396,7.971563378275331,1433.4577551867385,0.3829564945197315,1433.4610059246734,7.363845538933143,194.66201434371067
SEX_35E,orbit,198,0.10053938996573986,0.19165656732433636,0.010450526854612839,0.1916605405091596,0.10053181558575265,1.906466519006364
SEX_35E,phase,198,11.275824148297287,0.3567430504265468,0.48427831311619424,11.277148581617823,0.312082834303708,36.135113316239945
SEX_35E,tune,3,0.8468047931546095,0.0022820709080957147,-0.9313333298320553,0.8468074603509781,0.0008310542566347226,1018.9556862148166
SEX_35W,alpha,198,213.90169725898724,940.4510964692931,-0.19774813728964477,941.451444509367,209.45495594947724,4.494768052833542
SEX_35W,beta,198,1720.2574127814446,2078.7581405512733,0.017652566844924975,2079.460261827392,1719.4086171176564,1.2094043504989005
SEX_35W,coupling,396,4.7743726079865665,964.7201502749172,-0.4620468027511337,964.7226724835697,4.234167736133512,227.8423370550075
SEX_35W,orbit,198,0.08932582388409338,0.1698996819777187,-0.009451156205399986,0.1699025805920788,0.08932031043863534,1.9021718549534703
SEX_35W,phase,198,12.634346875198956,1.0183218927570359,-0.3658602592800734,12.639869828132193,0.9473073249961335,13.342945308887783
SEX_35W,tune,3,0.643350898726275,0.0011549848006527565,0.9359878638435505,0.6433518069961974,0.00040659134650676223,1582.3057045447904
SEX_36E,alpha,198,446.48209953724165,517.6758617812897,-0.2548174209356904,549.3945713655196,406.81711865687413,1.350470632060351
SEX_36E,beta,198,2181.8015756662803,1127.487863703463,-0.13243861377753197,2188.7025318895776,1114.03241661929,1.9646668258824518
SEX_36E,coupling,396,5.78481554362017,860.0227304963051,0.43789868829784595,860.0264612908535,5.200667334701198,165.36848176240176
SEX_36E,orbit,198,0.02132485443996417,0.019632833102418375,-0.005706200223127612,0.021326783030172193,0.019630738093536722,1.0863974104567102
SEX_36E,phase,198,10.99490660050957,0.21384608738199187,0.3887355970372014,10.995220957387424,0.19702132180511944,55.807264191756744
SEX_36E,tune,3,0.5318743021699038,0.0010371601238350766,-0.9504883739966803,0.5318752157487253,0.00032230744878143506,1650.2107467873122
SEX_36W,alpha,198,422.0595959846999,446.32169685013565,0.33830082158889,503.25013612001686,352.2451704951212,1.4286927920477681
SEX_36W,beta,198,1989.9405638675992,972.2882148830369,0.1613468846145495,1997.9618624873142,955.6967178830135,2.090581483750459
SEX_36W,coupling,396,3.9327306515083262,836.2230606833795,-0.6277931077371343,836.2267054878138,3.0611465259639097,273.1743477142109
SEX_36W,orbit,198,0.003345848854070942,0.0029834388675200984,0.040393866111072645,0.0033561167884892944,0.0029718836000990597,1.1292894473987565
SEX_36W,phase,198,11.141296537123182,0.6922666020964179,0.6796083326628942,11.15124614956774,0.5073764758458524,21.978248264225073
SEX_36W,tune,3,0.49322217677365376,0.0017234363404449412,0.8934207021865407,0.49322458019512405,0.0007741999125577102,637.0765124031943
SEX_37E,alpha,198,518.6173337224274,426.1067768217842,-0.4414824235348996,576.338833729475,344.04138243263407,1.6752020633515696
SEX_37E,beta,198,1822.3426171142078,900.0560616797551,-0.33589881054220827,1853.7813047228865,833.3837066904076,2.224403104885208
SEX_37E,coupling,396,6.593706591573823,740.8616702021811,0.9734253935164586,740.8894731670855,1.5099309850601632,490.6777067943703
SEX_37E,orbit,198,0.05309375602584082,0.14191292259978275,-0.021194400688113364,0.14191810964578302,0.053079889641096105,2.6736700208944217
SEX_37E,phase,198,9.50263122913782,0.14101226767610844,-0.5599679615501192,9.502959342887692,0.11682664098604079,81.34239983860503
SEX_37E,tune,3,0.7424246027603569,0.0020135406804351595,-0.027846479305618486,0.7424246048776562,0.0020127598469885147,368.85901017375204
SEX_37W,alpha,198,544.308714204953,661.981996084945,0.44551233241883736,736.7253108266938,437.86750951328736,1.6825302056450877
SEX_37W,beta,198,1981.4274769451565,1400.9938555752733,0.3353206569505669,2072.9737506342253,1261.5936187752343,1.6431390582386471
SEX_37W,coupling,396,6.136367553975272,984.868629939336,-0.9540886676377828,984.8860315553164,1.8379588031987864,535.8586002260873
SEX_37W,orbit,198,0.061464639837674195,0.15968983973420714,0.018299942735086217,0.15969448962505675,0.061452557701892355,2.5986630271719213
SEX_37W,phase,198,8.831829569912518,1.0053431341609476,0.5068966434400808,8.846661917123928,0.8651596924816151,10.225467036898419
SEX_37W,tune,3,0.822764043100381,0.002007897113799002,0.3602142693416558,0.8227643610084887,0.0018731054424099135,439.2514924039357
SEX_38E,alpha,198,303.65559856977524,915.5244212280838,0.39205464849571786,924.004023902521,276.7819579014064,3.3383824253156855
SEX_38E,beta,198,1902.249807245113,1933.8584390777653,0.07147065865250561,1987.2087900553067,1846.4463209861487,1.0762342600861419
SEX_38E,coupling,396,4.696530821196932,949.9991160566555,0.9266733048150853,950.0090851045385,1.7652560774427073,538.1706921982665
SEX_38E,orbit,198,0.32481709247157753,0.19640725349605584,-0.0011743995177214716,0.32481722157329734,0.19640703998827733,1.6537962264116615
SEX_38E,phase,198,12.281427015554625,0.1614197537548379,0.06333390458797745,12.281431271359567,0.16109563050740341,76.23689874565005
SEX_38E,tune,3,0.47311067424113595,0.0012016513399136504,-0.9956026482720688,0.47311218688128853,0.00011256664554121137,4202.951812293982
SEX_38W,alpha,198,840.3512565756497,937.6673084887416,0.20177286873311331,986.767692975473,782.1123550594614,1.2616699974013994
SEX_38W,beta,198,4303.742481626399,2032.7371927565334,0.039577219091525485,4304.70965227857,2030.6882214045522,2.1198279513834777
SEX_38W,coupling,396,3.498815005640865,984.2925277694305,-0.8070978942667798,984.2965785733802,2.0657535952957016,476.48305239061364
SEX_38W,orbit,198,0.32811976770257456,0.21876546648847678,0.00098736276395601,0.32811989569393674,0.2187652745179463,1.4998719354200778
SEX_38W,phase,198,18.300095975577985,1.5961225454408516,0.07281052050084222,18.30046779457906,1.5918537605586767,11.496324755457644
SEX_38W,tune,3,0.7986676291629831,0.0017912956483800955,0.8652474058298372,0.7986691330638707,0.0008980556360389114,889.3314634565309
SEX_39E,alpha,198,326.19408659610156,828.0819207256736,0.49805727069608957,845.8353094185384,276.9203475800059,3.054435388407728
SEX_39E,beta,198,1524.330558496942,1780.9113831669688,0.25020282995032084,1883.7017243697032,1395.3124452494114,1.3500214455788018
SEX_39E,coupling,396,1.0805735919925765,772.5296946586157,0.9373409588148077,772.530358644165,0.37648604137891356,2051.9495379289597
SEX_39E,orbit,198,0.10364873084816828,0.1645640708089008,0.0008147564646390655,0.16456410672441568,0.10364867382474349,1.5877106831359205
SEX_39E,phase,198,6.942815335167273,0.30200453185646325,0.12841690761719465,6.94292385553532,0.29949933511488724,23.181767174448087
SEX_39E,tune,3,0.4987428440906356,0.0014518223946334843,-0.8067827632347102,0.49874421950709474,0.0008578042553290888,581.4196145666776
SEX_39W,alpha,198,471.8422010420479,1817.8940856284726,-0.5308522695938395,1835.9201669542308,395.9433164203362,4.636825754637073
SEX_39W,beta,198,1652.6211669166273,3962.8934055607615,-0.38212032258899054,4021.2599184105634,1505.0413727743548,2.6718600505964
SEX_39W,coupling,396,4.661510728475431,1448.7392564995073,-0.9167347167530314,1448.7455591072967,1.8622491518335573,777.9547423505991
SEX_39W,orbit,198,0.11066691241332713,0.17004858717928611,-0.0002803993517829377,0.17004859209078155,0.11066690486642007,1.5365803561239726
SEX_39W,phase,198,6.885922404979445,1.6272920414001162,-0.43176773456564016,6.9233535221715945,1.459857103430418,4.742487128296928
SEX_39W,tune,3,0.5672730478017243,0.0023530403245699805,0.9938902449511436,0.5672778685193776,0.0002597097194135751,2184.2766216077384
SEX_40E,alpha,198,380.9266858205121,1406.2433791542317,0.6363814591059757,1427.8949067954168,289.3816105647,4.934297324591632
SEX_40E,beta,198,2193.7621388635685,3006.301417163787,0.139382967820535,3037.9558233120397,2149.7127594999106,1.4131915112318363
SEX_40E,coupling,396,9.63541954269276,1182.334147442075,0.9112709031664686,1182.3667509958389,3.9678277288767245,297.98842888034403
SEX_40E,orbit,198,0.19661018868664448,0.11978560160396494,-0.002808415504582385,0.19661064637865647,0.11978485036760136,1.6413648785742814
SEX_40E,phase,198,12.60214339764263,0.8814546535926551,0.7512169069672886,12.619564685663565,0.581005736151485,21.72020670441932
SEX_40E,tune,3,0.54123956571002,0.0022265158783067725,-0.5176823873180654,0.5412407930467386,0.001904942273365163,284.1245116003506
SEX_40W,alpha,198,503.6329576306644,1134.5970993867393,-0.43752612877696145,1159.5709819492683,443.1160928806607,2.6168559449308066
SEX_40W,beta,198,4151.929703194389,2510.4506722826295,-0.06846476012204813,4157.510079761208,2501.1982678140707,1.6622073240897752
SEX_40W,coupling,396,4.655021957059152,1012.6961100084075,-0.9487789987599454,1012.7057408293199,1.4706960663841389,688.5894128480016
SEX_40W,orbit,198,0.1946095162207662,0.12217574568912842,0.0022865225930171124,0.19460984715843221,0.1221752185483901,1.5928749665493975
SEX_40W,phase,198,19.33130825255924,0.8418213603092085,-0.646944802061141,19.3389867388488,0.6416649225009188,30.1387625545654
SEX_40W,tune,3,0.6929794280446335,0.0015683257593975908,0.22720203106435988,0.6929795196558632,0.0015273101466013832,453.7254736360537
SEX_41E,alpha,198,266.83663329625347,886.7103944896623,-0.24580619804477485,889.3564400715461,257.8802727394213,3.448718394098368
SEX_41E,beta,198,1509.6830485803373,1894.211086159065,-0.15393051076698747,1929.3265542065851,1464.5400620440776,1.3173600396521752
SEX_41E,coupling,396,4.802233905924159,955.9650906399878,0.3772640491563504,955.9668074191908,4.447368386722765,214.95111812035793
SEX_41E,orbit,198,0.0013547130437487594,0.000581771904364491,0.13110295926298593,0.001357330701678168,0.0005756382074643468,2.3579579744317734
SEX_41E,phase,198,7.920430677343941,1.001904129632138,0.15019123968276962,7.921882677283083,0.9903579388014982,7.999009617542836
SEX_41E,tune,3,0.7203570622682686,0.0008999723016493955,-0.9869355856069557,0.7203576098613373,0.00014499922501213334,4968.010069026636
SEX_41W,alpha,198,207.3750126877329,901.8047189867821,0.08840844774181121,902.0013741533705,206.51796071891116,4.367665509640939
SEX_41W,beta,198,1420.0944680979544,1927.8824343006868,0.07757640615571941,1934.6478329696533,1410.8638280122493,1.371250573271382
SEX_41W,coupling,396,6.936140143901705,938.6000602637494,-0.9277164325795292,938.6221176397098,2.589101148373557,362.5281763245678
SEX_41W,orbit,198,0.0013540470996508294,0.001352212998754564,-0.6749224275446204,0.001751205382350664,0.0007714941677677792,2.2698880374138866
SEX_41W,phase,198,12.053392875281647,0.41826568299741135,0.3401328982700441,12.054233321525665,0.3933001623238592,30.648940621589986
SEX_41W,tune,3,0.6709801711442632,0.0020964566344698686,0.6470072192290317,0.670981542191315,0.0015985111102166175,419.7540685847275
SEX_42E,alpha,198,432.6925946659834,552.4392527764526,-0.5524227271718775,625.1636476642194,318.7199760387696,1.9614824757271367
SEX_42E,beta,198,2791.6288360228377,1149.3270979342376,-0.1374349732530622,2796.979860188222,1136.2429308302142,2.461603750656177
SEX_42E,coupling,396,2.584162819586638,835.0685066905725,0.6414263905929617,835.0701517565296,1.9825259713973598,421.2152394492671
SEX_42E,orbit,198,0.16409930235520953,0.12659165898241442,-0.0002535888117246833,0.16409931011045736,0.12659164892937577,1.2962885901107644
SEX_42E,phase,198,16.609206135216233,0.652531763773641,-0.8267324275708302,16.61796911549503,0.3669177309580807,45.29072245187732
SEX_42E,tune,3,0.5494042151016466,0.0021253771724133877,-0.9746403374822995,0.5494081202504394,0.0004756074642399885,1155.1713578094973
SEX_42W,alpha,198,345.81267566815825,519.7923229440927,0.49997833782430484,558.6877256891809,278.6368439539851,2.0050748413639234
SEX_42W,beta,198,2449.464241872394,1085.4929974310226,0.1310761103383734,2454.574567533985,1073.887243661381,2.2856911486956477
SEX_42W,coupling,396,2.2968200733374515,859.0869532367844,-0.9892635705369833,859.0899579994249,0.335661521095378,2559.3936272347255
SEX_42W,orbit,198,0.16813801167867673,0.12248000762812904,-0.00011743146556690264,0.1681380129893541,0.1224800058288583,1.37277926998382
SEX_42W,phase,198,16.96623161981921,0.4024772811260327,0.9003393847933371,16.970101313548316,0.17511352626649956,96.9091404608121
SEX_42W,tune,3,0.5133604736362709,0.0019208182979611008,0.8579475291988667,0.5133631187362211,0.0009867909660889744,520.2349194286538
SEX_43E,alpha,198,341.34879822373176,713.1068467173078,-0.3817003564215196,727.6184353164498,309.2115610250195,2.35314110799879
SEX_43E,beta,198,1478.1656848785478,1504.4960148960163,-0.2578895996881576,1673.0519847483893,1284.2815529002728,1.3027143315810792
SEX_43E,coupling,396,4.566421578349598,906.4352560675146,0.9552209367399085,906.4457512824946,1.3511588085561648,670.8654419765163
SEX_43E,orbit,198,0.1067913775893142,0.20027250050761083,-0.0064751229357610345,0.20027416850424878,0.10678824943282018,1.8754326395268799
SEX_43E,phase,198,9.633168462990692,0.4062790582843502,-0.6096475273711991,9.636355747610363,0.3219397692979235,29.932169513027347
SEX_43E,tune,3,0.5596347211487083,0.0018770071266896351,-0.5392275589651808,0.5596356364086735,0.001580737930538439,354.03441999904913
SEX_43W,alpha,198,368.27996423052616,631.741287773907,0.41247068026319605,656.0067288832169,323.08258757137247,2.030461417975049
SEX_43W,beta,198,1496.744538782358,1332.1922965905783,0.2818172417288285,1617.317810751852,1182.9047419361075,1.3672426472014334
SEX_43W,coupling,396,5.430449168507065,846.1523817999963,-0.793656314392332,846.1633582444512,3.303659857052144,256.12907952318153
SEX_43W,orbit,198,0.1034842441479949,0.1994187024739363,0.007532821115055996,0.19942078747767647,0.10348022615482412,1.9271390765933276
SEX_43W,phase,198,6.683452320509226,0.790841221413415,0.3511518054456147,6.689290836492277,0.7398329965791433,9.041622727591731
SEX_43W,tune,3,0.5906642357123002,0.001590694176440655,0.5368452090149669,0.5906648530216992,0.0013420366660885023,440.12571932423424
SEX_44E,alpha,198,261.8900434544002,1447.4632773688274,0.5577267081556768,1454.9815902577466,216.25195074933734,6.728177874077305
SEX_44E,beta,198,1773.3762990144592,3139.555732201135,0.15115187947573366,3156.060400257622,1743.8338348102222,1.8098400990144163
SEX_44E,coupling,396,6.126791304830441,1274.6458200979912,0.7461077305067155,1274.6540170573958,4.079346077183457,312.4652806945636
SEX_44E,orbit,198,0.10852573819670133,0.18471147993575565,-0.0014855820842744833,0.1847115873913442,0.10852555530641547,1.702010064540301
SEX_44E,phase,198,12.063107181430052,1.232494197347604,0.3243898085669244,12.069793170198507,1.1651994017310123,10.358564510304163
SEX_44E,tune,3,0.6673748882987932,0.0020950703223452717,-0.9937606505451753,0.6673781358794197,0.00023366983770372132,2856.073092007764
SEX_44W,alpha,198,232.36564821537132,1245.2021853879678,-0.4645042414328891,1250.0011669258545,204.98624258599116,6.097975899048359
SEX_44W,beta,198,1862.6781619946535,2712.438310741829,-0.08980996245762114,2722.054172491812,1848.59747018427,1.4724969694026873
SEX_44W,coupling,396,5.003302161098668,1163.6500670986804,-0.4924817793171394,1163.652675935998,4.35447795606911,267.23127035564437
SEX_44W,orbit,198,0.10607594440776223,0.18991727632121003,0.002778954348181407,0.1899176088188697,0.10607534910519172,1.7904028638221512
SEX_44W,phase,198,9.862480252928686,0.7140694049017158,-0.6085028494598579,9.872078941030894,0.5661000233874731,17.438753812369736
SEX_44W,tune,3,0.6917543158481317,0.0018893136346726784,0.90503659653422,0.6917564291349738,0.0008035863095013937,860.8365037530223
SEX_45E,alpha,198,633.1321478623495,1407.721008703088,0.4918554537587344,1447.4481744004215,536.1236214024884,2.699840329015772
SEX_45E,beta,198,4768.458603392734,3079.236648695751,0.08149304740213822,4779.679815822205,3061.7897787344973,1.5610738036357765
SEX_45E,coupling,396,8.50375421340412,1179.2002787191846,0.9961844098835498,1179.2307070325267,0.742131182532222,1588.9787881016932
SEX_45E,orbit,198,0.29319323010564585,0.1377971375381995,-0.0008945476832883067,0.29319326336421153,0.1377970667733815,2.1277177390603805
SEX_45E,phase,198,26.28666739591059,1.292091842207185,0.7648969138956732,26.305258642113657,0.8317162277075065,31.62768473884406
SEX_45E,tune,3,0.8670598437526646,0.00224474871642203,-0.1713184250218493,0.8670599290366222,0.0022115614851981017,392.0577993602357
SEX_45W,alpha,198,576.4465386769459,1520.0157404288473,-0.5708350858080466,1558.7566782996118,461.5366518061687,3.3773193790777034
SEX_45W,beta,198,3808.519929951063,3289.807539038215,-0.10876209978530023,3867.0787526888,3220.7700354495914,1.2006690046558972
SEX_45W,coupling,396,9.681071777431557,1264.1161031742192,-0.970622151990687,1264.1510273201063,2.3292875847664387,542.7200297583112
SEX_45W,orbit,198,0.2968880454584294,0.13900941594962823,0.0012188708447588184,0.2968881073823671,0.1390092836960872,2.1357430200953105
SEX_45W,phase,198,18.623233542699364,0.7321837563625119,-0.6404186683368375,18.62914112915941,0.5621578326992079,33.13863126252525
SEX_45W,tune,3,0.7873590476626019,0.0021498772037181367,0.16361482075083547,0.7873591262355236,0.002120905887403776,371.2371826169706
